Copyright 1986-2022 Xilinx, Inc. All Rights Reserved. Copyright 2022-2024 Advanced Micro Devices, Inc. All Rights Reserved.
------------------------------------------------------------------------------------------------------------------------------------------------------------------------------------------------------------------------------------
| Tool Version : Vivado v.2024.1 (win64) Build 5076996 Wed May 22 18:37:14 MDT 2024
| Date         : Thu Apr  2 14:59:33 2026
| Host         : cdy running 64-bit major release  (build 9200)
| Command      : report_timing_summary -max_paths 10 -report_unconstrained -file Pipelined_CPU_timing_summary_routed.rpt -pb Pipelined_CPU_timing_summary_routed.pb -rpx Pipelined_CPU_timing_summary_routed.rpx -warn_on_violation
| Design       : Pipelined_CPU
| Device       : 7z020-clg400
| Speed File   : -2  PRODUCTION 1.12 2019-11-22
| Design State : Routed
------------------------------------------------------------------------------------------------------------------------------------------------------------------------------------------------------------------------------------

Timing Summary Report

------------------------------------------------------------------------------------------------
| Timer Settings
| --------------
------------------------------------------------------------------------------------------------

  Enable Multi Corner Analysis               :  Yes
  Enable Pessimism Removal                   :  Yes
  Pessimism Removal Resolution               :  Nearest Common Node
  Enable Input Delay Default Clock           :  No
  Enable Preset / Clear Arcs                 :  No
  Disable Flight Delays                      :  No
  Ignore I/O Paths                           :  No
  Timing Early Launch at Borrowing Latches   :  No
  Borrow Time for Max Delay Exceptions       :  Yes
  Merge Timing Exceptions                    :  Yes
  Inter-SLR Compensation                     :  Conservative

  Corner  Analyze    Analyze    
  Name    Max Paths  Min Paths  
  ------  ---------  ---------  
  Slow    Yes        Yes        
  Fast    Yes        Yes        


------------------------------------------------------------------------------------------------
| Report Methodology
| ------------------
------------------------------------------------------------------------------------------------

Rule       Severity  Description                    Violations  
---------  --------  -----------------------------  ----------  
SYNTH-10   Warning   Wide multiplier                8           
TIMING-18  Warning   Missing input or output delay  65          

Note: This report is based on the most recent report_methodology run and may not be up-to-date. Run report_methodology on the current design for the latest report.



check_timing report

Table of Contents
-----------------
1. checking no_clock (0)
2. checking constant_clock (0)
3. checking pulse_width_clock (0)
4. checking unconstrained_internal_endpoints (0)
5. checking no_input_delay (1)
6. checking no_output_delay (64)
7. checking multiple_clock (0)
8. checking generated_clocks (0)
9. checking loops (0)
10. checking partial_input_delay (0)
11. checking partial_output_delay (0)
12. checking latch_loops (0)

1. checking no_clock (0)
------------------------
 There are 0 register/latch pins with no clock.


2. checking constant_clock (0)
------------------------------
 There are 0 register/latch pins with constant_clock.


3. checking pulse_width_clock (0)
---------------------------------
 There are 0 register/latch pins which need pulse_width check


4. checking unconstrained_internal_endpoints (0)
------------------------------------------------
 There are 0 pins that are not constrained for maximum delay.

 There are 0 pins that are not constrained for maximum delay due to constant clock.


5. checking no_input_delay (1)
------------------------------
 There is 1 input port with no input delay specified. (HIGH)

 There are 0 input ports with no input delay but user has a false path constraint.


6. checking no_output_delay (64)
--------------------------------
 There are 64 ports with no output delay specified. (HIGH)

 There are 0 ports with no output delay but user has a false path constraint

 There are 0 ports with no output delay but with a timing clock defined on it or propagating through it


7. checking multiple_clock (0)
------------------------------
 There are 0 register/latch pins with multiple clocks.


8. checking generated_clocks (0)
--------------------------------
 There are 0 generated clocks that are not connected to a clock source.


9. checking loops (0)
---------------------
 There are 0 combinational loops in the design.


10. checking partial_input_delay (0)
------------------------------------
 There are 0 input ports with partial input delay specified.


11. checking partial_output_delay (0)
-------------------------------------
 There are 0 ports with partial output delay specified.


12. checking latch_loops (0)
----------------------------
 There are 0 combinational latch loops in the design through latch input



------------------------------------------------------------------------------------------------
| Design Timing Summary
| ---------------------
------------------------------------------------------------------------------------------------

    WNS(ns)      TNS(ns)  TNS Failing Endpoints  TNS Total Endpoints      WHS(ns)      THS(ns)  THS Failing Endpoints  THS Total Endpoints     WPWS(ns)     TPWS(ns)  TPWS Failing Endpoints  TPWS Total Endpoints  
    -------      -------  ---------------------  -------------------      -------      -------  ---------------------  -------------------     --------     --------  ----------------------  --------------------  
      1.579        0.000                      0                 3233        0.157        0.000                      0                 3233        9.500        0.000                       0                  1479  


All user specified timing constraints are met.


------------------------------------------------------------------------------------------------
| Clock Summary
| -------------
------------------------------------------------------------------------------------------------

Clock  Waveform(ns)       Period(ns)      Frequency(MHz)
-----  ------------       ----------      --------------
clk    {0.000 10.000}     20.000          50.000          


------------------------------------------------------------------------------------------------
| Intra Clock Table
| -----------------
------------------------------------------------------------------------------------------------

Clock             WNS(ns)      TNS(ns)  TNS Failing Endpoints  TNS Total Endpoints      WHS(ns)      THS(ns)  THS Failing Endpoints  THS Total Endpoints     WPWS(ns)     TPWS(ns)  TPWS Failing Endpoints  TPWS Total Endpoints  
-----             -------      -------  ---------------------  -------------------      -------      -------  ---------------------  -------------------     --------     --------  ----------------------  --------------------  
clk                 1.579        0.000                      0                 3233        0.157        0.000                      0                 3233        9.500        0.000                       0                  1479  


------------------------------------------------------------------------------------------------
| Inter Clock Table
| -----------------
------------------------------------------------------------------------------------------------

From Clock    To Clock          WNS(ns)      TNS(ns)  TNS Failing Endpoints  TNS Total Endpoints      WHS(ns)      THS(ns)  THS Failing Endpoints  THS Total Endpoints  
----------    --------          -------      -------  ---------------------  -------------------      -------      -------  ---------------------  -------------------  


------------------------------------------------------------------------------------------------
| Other Path Groups Table
| -----------------------
------------------------------------------------------------------------------------------------

Path Group    From Clock    To Clock          WNS(ns)      TNS(ns)  TNS Failing Endpoints  TNS Total Endpoints      WHS(ns)      THS(ns)  THS Failing Endpoints  THS Total Endpoints  
----------    ----------    --------          -------      -------  ---------------------  -------------------      -------      -------  ---------------------  -------------------  


------------------------------------------------------------------------------------------------
| User Ignored Path Table
| -----------------------
------------------------------------------------------------------------------------------------

Path Group    From Clock    To Clock    
----------    ----------    --------    


------------------------------------------------------------------------------------------------
| Unconstrained Path Table
| ------------------------
------------------------------------------------------------------------------------------------

Path Group    From Clock    To Clock    
----------    ----------    --------    
(none)        clk                         
(none)                      clk           


------------------------------------------------------------------------------------------------
| Timing Details
| --------------
------------------------------------------------------------------------------------------------


---------------------------------------------------------------------------------------------------
From Clock:  clk
  To Clock:  clk

Setup :            0  Failing Endpoints,  Worst Slack        1.579ns,  Total Violation        0.000ns
Hold  :            0  Failing Endpoints,  Worst Slack        0.157ns,  Total Violation        0.000ns
PW    :            0  Failing Endpoints,  Worst Slack        9.500ns,  Total Violation        0.000ns
---------------------------------------------------------------------------------------------------


Max Delay Paths
--------------------------------------------------------------------------------------
Slack (MET) :             1.579ns  (required time - arrival time)
  Source:                 DMEM_Single/DMEM_Pipelined/U0/inst_blk_mem_gen/gnbram.gnativebmg.native_blk_mem_gen/valid.cstr/ramloop[5].ram.r/prim_noinit.ram/DEVICE_7SERIES.NO_BMM_INFO.SDP.SIMPLE_PRIM36.ram/CLKBWRCLK
                            (rising edge-triggered cell RAMB36E1 clocked by clk  {rise@0.000ns fall@10.000ns period=20.000ns})
  Destination:            Prog_Counter/Prog_Count/Q_reg[30]/D
                            (rising edge-triggered cell FDCE clocked by clk  {rise@0.000ns fall@10.000ns period=20.000ns})
  Path Group:             clk
  Path Type:              Setup (Max at Slow Process Corner)
  Requirement:            20.000ns  (clk rise@20.000ns - clk rise@0.000ns)
  Data Path Delay:        18.335ns  (logic 10.579ns (57.700%)  route 7.756ns (42.300%))
  Logic Levels:           26  (CARRY4=14 DSP48E1=2 LUT2=1 LUT3=2 LUT5=3 LUT6=4)
  Clock Path Skew:        -0.110ns (DCD - SCD + CPR)
    Destination Clock Delay (DCD):    3.989ns = ( 23.989 - 20.000 ) 
    Source Clock Delay      (SCD):    4.506ns
    Clock Pessimism Removal (CPR):    0.408ns
  Clock Uncertainty:      0.035ns  ((TSJ^2 + TIJ^2)^1/2 + DJ) / 2 + PE
    Total System Jitter     (TSJ):    0.071ns
    Total Input Jitter      (TIJ):    0.000ns
    Discrete Jitter          (DJ):    0.000ns
    Phase Error              (PE):    0.000ns

    Location             Delay type                Incr(ns)  Path(ns)    Netlist Resource(s)
  -------------------------------------------------------------------    -------------------
                         (clock clk rise edge)        0.000     0.000 r  
    U14                                               0.000     0.000 r  clk (IN)
                         net (fo=0)                   0.000     0.000    clk
    U14                  IBUF (Prop_ibuf_I_O)         1.007     1.007 r  clk_IBUF_inst/O
                         net (fo=1, routed)           1.873     2.880    clk_IBUF
    BUFGCTRL_X0Y16       BUFG (Prop_bufg_I_O)         0.085     2.965 r  clk_IBUF_BUFG_inst/O
                         net (fo=1478, routed)        1.542     4.506    DMEM_Single/DMEM_Pipelined/U0/inst_blk_mem_gen/gnbram.gnativebmg.native_blk_mem_gen/valid.cstr/ramloop[5].ram.r/prim_noinit.ram/clkb
    RAMB36_X4Y10         RAMB36E1                                     r  DMEM_Single/DMEM_Pipelined/U0/inst_blk_mem_gen/gnbram.gnativebmg.native_blk_mem_gen/valid.cstr/ramloop[5].ram.r/prim_noinit.ram/DEVICE_7SERIES.NO_BMM_INFO.SDP.SIMPLE_PRIM36.ram/CLKBWRCLK
  -------------------------------------------------------------------    -------------------
    RAMB36_X4Y10         RAMB36E1 (Prop_ramb36e1_CLKBWRCLK_DOBDO[6])
                                                      2.125     6.631 r  DMEM_Single/DMEM_Pipelined/U0/inst_blk_mem_gen/gnbram.gnativebmg.native_blk_mem_gen/valid.cstr/ramloop[5].ram.r/prim_noinit.ram/DEVICE_7SERIES.NO_BMM_INFO.SDP.SIMPLE_PRIM36.ram/DOBDO[6]
                         net (fo=1, routed)           1.296     7.927    DMEM_Single/DMEM_Pipelined/U0/inst_blk_mem_gen/gnbram.gnativebmg.native_blk_mem_gen/valid.cstr/has_mux_b.B/doutb[15]_1[6]
    SLICE_X105Y55        LUT6 (Prop_lut6_I3_O)        0.105     8.032 r  DMEM_Single/DMEM_Pipelined/U0/inst_blk_mem_gen/gnbram.gnativebmg.native_blk_mem_gen/valid.cstr/has_mux_b.B/doutb[14]_INST_0/O
                         net (fo=4, routed)           1.278     9.310    load/doutb[14]
    SLICE_X89Y69         LUT6 (Prop_lut6_I0_O)        0.105     9.415 r  load/debug_wdata_OBUF[14]_inst_i_3/O
                         net (fo=1, routed)           0.401     9.816    load/debug_wdata_OBUF[14]_inst_i_3_n_0
    SLICE_X88Y69         LUT6 (Prop_lut6_I4_O)        0.105     9.921 r  load/debug_wdata_OBUF[14]_inst_i_2/O
                         net (fo=1, routed)           0.559    10.480    MEM_WB_Reg/DataToReg[14]
    SLICE_X88Y76         LUT5 (Prop_lut5_I4_O)        0.105    10.585 r  MEM_WB_Reg/debug_wdata_OBUF[14]_inst_i_1/O
                         net (fo=36, routed)          0.743    11.328    EX_MEM_Reg/debug_wdata_OBUF[14]
    SLICE_X100Y75        LUT5 (Prop_lut5_I2_O)        0.105    11.433 r  EX_MEM_Reg/ALUResult0__1_i_20/O
                         net (fo=9, routed)           0.648    12.081    ID_EX_Reg/ALUData1[14]
    SLICE_X96Y75         LUT3 (Prop_lut3_I2_O)        0.126    12.207 r  ID_EX_Reg/ALUResult0__1_i_3/O
                         net (fo=18, routed)          0.601    12.809    ALU_Single/A[14]
    DSP48_X3Y28          DSP48E1 (Prop_dsp48e1_A[14]_PCOUT[47])
                                                      3.575    16.384 r  ALU_Single/ALUResult0__1/PCOUT[47]
                         net (fo=1, routed)           0.002    16.386    ALU_Single/ALUResult0__1_n_106
    DSP48_X3Y29          DSP48E1 (Prop_dsp48e1_PCIN[47]_P[0])
                                                      1.271    17.657 r  ALU_Single/ALUResult0__2/P[0]
                         net (fo=4, routed)           0.636    18.292    ALU_Single/ALUResult0__2_n_105
    SLICE_X93Y68         LUT2 (Prop_lut2_I0_O)        0.105    18.397 r  ALU_Single/Q[84]_i_53/O
                         net (fo=1, routed)           0.000    18.397    ALU_Single/Q[84]_i_53_n_0
    SLICE_X93Y68         CARRY4 (Prop_carry4_S[1]_CO[3])
                                                      0.457    18.854 r  ALU_Single/Q_reg[84]_i_46/CO[3]
                         net (fo=1, routed)           0.000    18.854    ALU_Single/Q_reg[84]_i_46_n_0
    SLICE_X93Y69         CARRY4 (Prop_carry4_CI_CO[3])
                                                      0.098    18.952 r  ALU_Single/Q_reg[84]_i_41/CO[3]
                         net (fo=1, routed)           0.000    18.952    ALU_Single/Q_reg[84]_i_41_n_0
    SLICE_X93Y70         CARRY4 (Prop_carry4_CI_CO[3])
                                                      0.098    19.050 r  ALU_Single/Q_reg[84]_i_36/CO[3]
                         net (fo=1, routed)           0.000    19.050    ALU_Single/Q_reg[84]_i_36_n_0
    SLICE_X93Y71         CARRY4 (Prop_carry4_CI_CO[3])
                                                      0.098    19.148 r  ALU_Single/Q_reg[84]_i_14/CO[3]
                         net (fo=1, routed)           0.000    19.148    ALU_Single/Q_reg[84]_i_14_n_0
    SLICE_X93Y72         CARRY4 (Prop_carry4_CI_CO[3])
                                                      0.098    19.246 r  ALU_Single/Q_reg[84]_i_9/CO[3]
                         net (fo=1, routed)           0.000    19.246    ALU_Single/Q_reg[84]_i_9_n_0
    SLICE_X93Y73         CARRY4 (Prop_carry4_CI_CO[3])
                                                      0.098    19.344 r  ALU_Single/Q_reg[88]_i_14/CO[3]
                         net (fo=1, routed)           0.000    19.344    ALU_Single/Q_reg[88]_i_14_n_0
    SLICE_X93Y74         CARRY4 (Prop_carry4_CI_CO[3])
                                                      0.098    19.442 r  ALU_Single/Q_reg[92]_i_14/CO[3]
                         net (fo=1, routed)           0.008    19.450    ALU_Single/Q_reg[92]_i_14_n_0
    SLICE_X93Y75         CARRY4 (Prop_carry4_CI_CO[3])
                                                      0.098    19.548 r  ALU_Single/Q_reg[96]_i_14/CO[3]
                         net (fo=1, routed)           0.000    19.548    ALU_Single/Q_reg[96]_i_14_n_0
    SLICE_X93Y76         CARRY4 (Prop_carry4_CI_CO[3])
                                                      0.098    19.646 r  ALU_Single/Q_reg[104]_i_18/CO[3]
                         net (fo=1, routed)           0.000    19.646    ALU_Single/Q_reg[104]_i_18_n_0
    SLICE_X93Y77         CARRY4 (Prop_carry4_CI_CO[3])
                                                      0.098    19.744 r  ALU_Single/Q_reg[104]_i_7/CO[3]
                         net (fo=1, routed)           0.000    19.744    ALU_Single/Q_reg[104]_i_7_n_0
    SLICE_X93Y78         CARRY4 (Prop_carry4_CI_O[0])
                                                      0.180    19.924 r  ALU_Single/Q_reg[108]_i_10/O[0]
                         net (fo=1, routed)           0.721    20.646    ALU_Single/data8[24]
    SLICE_X96Y79         LUT3 (Prop_lut3_I0_O)        0.269    20.915 r  ALU_Single/Q[105]_i_5/O
                         net (fo=1, routed)           0.488    21.402    ID_EX_Reg/Q_reg[105]_0
    SLICE_X97Y79         LUT6 (Prop_lut6_I1_O)        0.264    21.666 r  ID_EX_Reg/Q[105]_i_2__0/O
                         net (fo=2, routed)           0.374    22.041    ID_EX_Reg/Q[105]_i_2__0_n_0
    SLICE_X99Y76         LUT5 (Prop_lut5_I2_O)        0.105    22.146 r  ID_EX_Reg/Q[21]_i_2/O
                         net (fo=1, routed)           0.000    22.146    ID_EX_Reg/Q[21]_i_2_n_0
    SLICE_X99Y76         CARRY4 (Prop_carry4_S[3]_CO[3])
                                                      0.332    22.478 r  ID_EX_Reg/Q_reg[21]_i_1/CO[3]
                         net (fo=1, routed)           0.000    22.478    ID_EX_Reg/Q_reg[21]_i_1_n_0
    SLICE_X99Y77         CARRY4 (Prop_carry4_CI_CO[3])
                                                      0.098    22.576 r  ID_EX_Reg/Q_reg[25]_i_1/CO[3]
                         net (fo=1, routed)           0.000    22.576    ID_EX_Reg/Q_reg[25]_i_1_n_0
    SLICE_X99Y78         CARRY4 (Prop_carry4_CI_O[1])
                                                      0.265    22.841 r  ID_EX_Reg/Q_reg[29]_i_1/O[1]
                         net (fo=1, routed)           0.000    22.841    Prog_Counter/Prog_Count/Q_reg[31]_1[1]
    SLICE_X99Y78         FDCE                                         r  Prog_Counter/Prog_Count/Q_reg[30]/D
  -------------------------------------------------------------------    -------------------

                         (clock clk rise edge)       20.000    20.000 r  
    U14                                               0.000    20.000 r  clk (IN)
                         net (fo=0)                   0.000    20.000    clk
    U14                  IBUF (Prop_ibuf_I_O)         0.875    20.875 r  clk_IBUF_inst/O
                         net (fo=1, routed)           1.701    22.576    clk_IBUF
    BUFGCTRL_X0Y16       BUFG (Prop_bufg_I_O)         0.077    22.653 r  clk_IBUF_BUFG_inst/O
                         net (fo=1478, routed)        1.336    23.989    Prog_Counter/Prog_Count/clk
    SLICE_X99Y78         FDCE                                         r  Prog_Counter/Prog_Count/Q_reg[30]/C
                         clock pessimism              0.408    24.397    
                         clock uncertainty           -0.035    24.361    
    SLICE_X99Y78         FDCE (Setup_fdce_C_D)        0.059    24.420    Prog_Counter/Prog_Count/Q_reg[30]
  -------------------------------------------------------------------
                         required time                         24.420    
                         arrival time                         -22.841    
  -------------------------------------------------------------------
                         slack                                  1.579    

Slack (MET) :             1.644ns  (required time - arrival time)
  Source:                 DMEM_Single/DMEM_Pipelined/U0/inst_blk_mem_gen/gnbram.gnativebmg.native_blk_mem_gen/valid.cstr/ramloop[5].ram.r/prim_noinit.ram/DEVICE_7SERIES.NO_BMM_INFO.SDP.SIMPLE_PRIM36.ram/CLKBWRCLK
                            (rising edge-triggered cell RAMB36E1 clocked by clk  {rise@0.000ns fall@10.000ns period=20.000ns})
  Destination:            Prog_Counter/Prog_Count/Q_reg[31]/D
                            (rising edge-triggered cell FDCE clocked by clk  {rise@0.000ns fall@10.000ns period=20.000ns})
  Path Group:             clk
  Path Type:              Setup (Max at Slow Process Corner)
  Requirement:            20.000ns  (clk rise@20.000ns - clk rise@0.000ns)
  Data Path Delay:        18.270ns  (logic 10.514ns (57.549%)  route 7.756ns (42.451%))
  Logic Levels:           26  (CARRY4=14 DSP48E1=2 LUT2=1 LUT3=2 LUT5=3 LUT6=4)
  Clock Path Skew:        -0.110ns (DCD - SCD + CPR)
    Destination Clock Delay (DCD):    3.989ns = ( 23.989 - 20.000 ) 
    Source Clock Delay      (SCD):    4.506ns
    Clock Pessimism Removal (CPR):    0.408ns
  Clock Uncertainty:      0.035ns  ((TSJ^2 + TIJ^2)^1/2 + DJ) / 2 + PE
    Total System Jitter     (TSJ):    0.071ns
    Total Input Jitter      (TIJ):    0.000ns
    Discrete Jitter          (DJ):    0.000ns
    Phase Error              (PE):    0.000ns

    Location             Delay type                Incr(ns)  Path(ns)    Netlist Resource(s)
  -------------------------------------------------------------------    -------------------
                         (clock clk rise edge)        0.000     0.000 r  
    U14                                               0.000     0.000 r  clk (IN)
                         net (fo=0)                   0.000     0.000    clk
    U14                  IBUF (Prop_ibuf_I_O)         1.007     1.007 r  clk_IBUF_inst/O
                         net (fo=1, routed)           1.873     2.880    clk_IBUF
    BUFGCTRL_X0Y16       BUFG (Prop_bufg_I_O)         0.085     2.965 r  clk_IBUF_BUFG_inst/O
                         net (fo=1478, routed)        1.542     4.506    DMEM_Single/DMEM_Pipelined/U0/inst_blk_mem_gen/gnbram.gnativebmg.native_blk_mem_gen/valid.cstr/ramloop[5].ram.r/prim_noinit.ram/clkb
    RAMB36_X4Y10         RAMB36E1                                     r  DMEM_Single/DMEM_Pipelined/U0/inst_blk_mem_gen/gnbram.gnativebmg.native_blk_mem_gen/valid.cstr/ramloop[5].ram.r/prim_noinit.ram/DEVICE_7SERIES.NO_BMM_INFO.SDP.SIMPLE_PRIM36.ram/CLKBWRCLK
  -------------------------------------------------------------------    -------------------
    RAMB36_X4Y10         RAMB36E1 (Prop_ramb36e1_CLKBWRCLK_DOBDO[6])
                                                      2.125     6.631 r  DMEM_Single/DMEM_Pipelined/U0/inst_blk_mem_gen/gnbram.gnativebmg.native_blk_mem_gen/valid.cstr/ramloop[5].ram.r/prim_noinit.ram/DEVICE_7SERIES.NO_BMM_INFO.SDP.SIMPLE_PRIM36.ram/DOBDO[6]
                         net (fo=1, routed)           1.296     7.927    DMEM_Single/DMEM_Pipelined/U0/inst_blk_mem_gen/gnbram.gnativebmg.native_blk_mem_gen/valid.cstr/has_mux_b.B/doutb[15]_1[6]
    SLICE_X105Y55        LUT6 (Prop_lut6_I3_O)        0.105     8.032 r  DMEM_Single/DMEM_Pipelined/U0/inst_blk_mem_gen/gnbram.gnativebmg.native_blk_mem_gen/valid.cstr/has_mux_b.B/doutb[14]_INST_0/O
                         net (fo=4, routed)           1.278     9.310    load/doutb[14]
    SLICE_X89Y69         LUT6 (Prop_lut6_I0_O)        0.105     9.415 r  load/debug_wdata_OBUF[14]_inst_i_3/O
                         net (fo=1, routed)           0.401     9.816    load/debug_wdata_OBUF[14]_inst_i_3_n_0
    SLICE_X88Y69         LUT6 (Prop_lut6_I4_O)        0.105     9.921 r  load/debug_wdata_OBUF[14]_inst_i_2/O
                         net (fo=1, routed)           0.559    10.480    MEM_WB_Reg/DataToReg[14]
    SLICE_X88Y76         LUT5 (Prop_lut5_I4_O)        0.105    10.585 r  MEM_WB_Reg/debug_wdata_OBUF[14]_inst_i_1/O
                         net (fo=36, routed)          0.743    11.328    EX_MEM_Reg/debug_wdata_OBUF[14]
    SLICE_X100Y75        LUT5 (Prop_lut5_I2_O)        0.105    11.433 r  EX_MEM_Reg/ALUResult0__1_i_20/O
                         net (fo=9, routed)           0.648    12.081    ID_EX_Reg/ALUData1[14]
    SLICE_X96Y75         LUT3 (Prop_lut3_I2_O)        0.126    12.207 r  ID_EX_Reg/ALUResult0__1_i_3/O
                         net (fo=18, routed)          0.601    12.809    ALU_Single/A[14]
    DSP48_X3Y28          DSP48E1 (Prop_dsp48e1_A[14]_PCOUT[47])
                                                      3.575    16.384 r  ALU_Single/ALUResult0__1/PCOUT[47]
                         net (fo=1, routed)           0.002    16.386    ALU_Single/ALUResult0__1_n_106
    DSP48_X3Y29          DSP48E1 (Prop_dsp48e1_PCIN[47]_P[0])
                                                      1.271    17.657 r  ALU_Single/ALUResult0__2/P[0]
                         net (fo=4, routed)           0.636    18.292    ALU_Single/ALUResult0__2_n_105
    SLICE_X93Y68         LUT2 (Prop_lut2_I0_O)        0.105    18.397 r  ALU_Single/Q[84]_i_53/O
                         net (fo=1, routed)           0.000    18.397    ALU_Single/Q[84]_i_53_n_0
    SLICE_X93Y68         CARRY4 (Prop_carry4_S[1]_CO[3])
                                                      0.457    18.854 r  ALU_Single/Q_reg[84]_i_46/CO[3]
                         net (fo=1, routed)           0.000    18.854    ALU_Single/Q_reg[84]_i_46_n_0
    SLICE_X93Y69         CARRY4 (Prop_carry4_CI_CO[3])
                                                      0.098    18.952 r  ALU_Single/Q_reg[84]_i_41/CO[3]
                         net (fo=1, routed)           0.000    18.952    ALU_Single/Q_reg[84]_i_41_n_0
    SLICE_X93Y70         CARRY4 (Prop_carry4_CI_CO[3])
                                                      0.098    19.050 r  ALU_Single/Q_reg[84]_i_36/CO[3]
                         net (fo=1, routed)           0.000    19.050    ALU_Single/Q_reg[84]_i_36_n_0
    SLICE_X93Y71         CARRY4 (Prop_carry4_CI_CO[3])
                                                      0.098    19.148 r  ALU_Single/Q_reg[84]_i_14/CO[3]
                         net (fo=1, routed)           0.000    19.148    ALU_Single/Q_reg[84]_i_14_n_0
    SLICE_X93Y72         CARRY4 (Prop_carry4_CI_CO[3])
                                                      0.098    19.246 r  ALU_Single/Q_reg[84]_i_9/CO[3]
                         net (fo=1, routed)           0.000    19.246    ALU_Single/Q_reg[84]_i_9_n_0
    SLICE_X93Y73         CARRY4 (Prop_carry4_CI_CO[3])
                                                      0.098    19.344 r  ALU_Single/Q_reg[88]_i_14/CO[3]
                         net (fo=1, routed)           0.000    19.344    ALU_Single/Q_reg[88]_i_14_n_0
    SLICE_X93Y74         CARRY4 (Prop_carry4_CI_CO[3])
                                                      0.098    19.442 r  ALU_Single/Q_reg[92]_i_14/CO[3]
                         net (fo=1, routed)           0.008    19.450    ALU_Single/Q_reg[92]_i_14_n_0
    SLICE_X93Y75         CARRY4 (Prop_carry4_CI_CO[3])
                                                      0.098    19.548 r  ALU_Single/Q_reg[96]_i_14/CO[3]
                         net (fo=1, routed)           0.000    19.548    ALU_Single/Q_reg[96]_i_14_n_0
    SLICE_X93Y76         CARRY4 (Prop_carry4_CI_CO[3])
                                                      0.098    19.646 r  ALU_Single/Q_reg[104]_i_18/CO[3]
                         net (fo=1, routed)           0.000    19.646    ALU_Single/Q_reg[104]_i_18_n_0
    SLICE_X93Y77         CARRY4 (Prop_carry4_CI_CO[3])
                                                      0.098    19.744 r  ALU_Single/Q_reg[104]_i_7/CO[3]
                         net (fo=1, routed)           0.000    19.744    ALU_Single/Q_reg[104]_i_7_n_0
    SLICE_X93Y78         CARRY4 (Prop_carry4_CI_O[0])
                                                      0.180    19.924 r  ALU_Single/Q_reg[108]_i_10/O[0]
                         net (fo=1, routed)           0.721    20.646    ALU_Single/data8[24]
    SLICE_X96Y79         LUT3 (Prop_lut3_I0_O)        0.269    20.915 r  ALU_Single/Q[105]_i_5/O
                         net (fo=1, routed)           0.488    21.402    ID_EX_Reg/Q_reg[105]_0
    SLICE_X97Y79         LUT6 (Prop_lut6_I1_O)        0.264    21.666 r  ID_EX_Reg/Q[105]_i_2__0/O
                         net (fo=2, routed)           0.374    22.041    ID_EX_Reg/Q[105]_i_2__0_n_0
    SLICE_X99Y76         LUT5 (Prop_lut5_I2_O)        0.105    22.146 r  ID_EX_Reg/Q[21]_i_2/O
                         net (fo=1, routed)           0.000    22.146    ID_EX_Reg/Q[21]_i_2_n_0
    SLICE_X99Y76         CARRY4 (Prop_carry4_S[3]_CO[3])
                                                      0.332    22.478 r  ID_EX_Reg/Q_reg[21]_i_1/CO[3]
                         net (fo=1, routed)           0.000    22.478    ID_EX_Reg/Q_reg[21]_i_1_n_0
    SLICE_X99Y77         CARRY4 (Prop_carry4_CI_CO[3])
                                                      0.098    22.576 r  ID_EX_Reg/Q_reg[25]_i_1/CO[3]
                         net (fo=1, routed)           0.000    22.576    ID_EX_Reg/Q_reg[25]_i_1_n_0
    SLICE_X99Y78         CARRY4 (Prop_carry4_CI_O[2])
                                                      0.200    22.776 r  ID_EX_Reg/Q_reg[29]_i_1/O[2]
                         net (fo=1, routed)           0.000    22.776    Prog_Counter/Prog_Count/Q_reg[31]_1[2]
    SLICE_X99Y78         FDCE                                         r  Prog_Counter/Prog_Count/Q_reg[31]/D
  -------------------------------------------------------------------    -------------------

                         (clock clk rise edge)       20.000    20.000 r  
    U14                                               0.000    20.000 r  clk (IN)
                         net (fo=0)                   0.000    20.000    clk
    U14                  IBUF (Prop_ibuf_I_O)         0.875    20.875 r  clk_IBUF_inst/O
                         net (fo=1, routed)           1.701    22.576    clk_IBUF
    BUFGCTRL_X0Y16       BUFG (Prop_bufg_I_O)         0.077    22.653 r  clk_IBUF_BUFG_inst/O
                         net (fo=1478, routed)        1.336    23.989    Prog_Counter/Prog_Count/clk
    SLICE_X99Y78         FDCE                                         r  Prog_Counter/Prog_Count/Q_reg[31]/C
                         clock pessimism              0.408    24.397    
                         clock uncertainty           -0.035    24.361    
    SLICE_X99Y78         FDCE (Setup_fdce_C_D)        0.059    24.420    Prog_Counter/Prog_Count/Q_reg[31]
  -------------------------------------------------------------------
                         required time                         24.420    
                         arrival time                         -22.776    
  -------------------------------------------------------------------
                         slack                                  1.644    

Slack (MET) :             1.663ns  (required time - arrival time)
  Source:                 DMEM_Single/DMEM_Pipelined/U0/inst_blk_mem_gen/gnbram.gnativebmg.native_blk_mem_gen/valid.cstr/ramloop[5].ram.r/prim_noinit.ram/DEVICE_7SERIES.NO_BMM_INFO.SDP.SIMPLE_PRIM36.ram/CLKBWRCLK
                            (rising edge-triggered cell RAMB36E1 clocked by clk  {rise@0.000ns fall@10.000ns period=20.000ns})
  Destination:            Prog_Counter/Prog_Count/Q_reg[29]/D
                            (rising edge-triggered cell FDCE clocked by clk  {rise@0.000ns fall@10.000ns period=20.000ns})
  Path Group:             clk
  Path Type:              Setup (Max at Slow Process Corner)
  Requirement:            20.000ns  (clk rise@20.000ns - clk rise@0.000ns)
  Data Path Delay:        18.251ns  (logic 10.495ns (57.505%)  route 7.756ns (42.495%))
  Logic Levels:           26  (CARRY4=14 DSP48E1=2 LUT2=1 LUT3=2 LUT5=3 LUT6=4)
  Clock Path Skew:        -0.110ns (DCD - SCD + CPR)
    Destination Clock Delay (DCD):    3.989ns = ( 23.989 - 20.000 ) 
    Source Clock Delay      (SCD):    4.506ns
    Clock Pessimism Removal (CPR):    0.408ns
  Clock Uncertainty:      0.035ns  ((TSJ^2 + TIJ^2)^1/2 + DJ) / 2 + PE
    Total System Jitter     (TSJ):    0.071ns
    Total Input Jitter      (TIJ):    0.000ns
    Discrete Jitter          (DJ):    0.000ns
    Phase Error              (PE):    0.000ns

    Location             Delay type                Incr(ns)  Path(ns)    Netlist Resource(s)
  -------------------------------------------------------------------    -------------------
                         (clock clk rise edge)        0.000     0.000 r  
    U14                                               0.000     0.000 r  clk (IN)
                         net (fo=0)                   0.000     0.000    clk
    U14                  IBUF (Prop_ibuf_I_O)         1.007     1.007 r  clk_IBUF_inst/O
                         net (fo=1, routed)           1.873     2.880    clk_IBUF
    BUFGCTRL_X0Y16       BUFG (Prop_bufg_I_O)         0.085     2.965 r  clk_IBUF_BUFG_inst/O
                         net (fo=1478, routed)        1.542     4.506    DMEM_Single/DMEM_Pipelined/U0/inst_blk_mem_gen/gnbram.gnativebmg.native_blk_mem_gen/valid.cstr/ramloop[5].ram.r/prim_noinit.ram/clkb
    RAMB36_X4Y10         RAMB36E1                                     r  DMEM_Single/DMEM_Pipelined/U0/inst_blk_mem_gen/gnbram.gnativebmg.native_blk_mem_gen/valid.cstr/ramloop[5].ram.r/prim_noinit.ram/DEVICE_7SERIES.NO_BMM_INFO.SDP.SIMPLE_PRIM36.ram/CLKBWRCLK
  -------------------------------------------------------------------    -------------------
    RAMB36_X4Y10         RAMB36E1 (Prop_ramb36e1_CLKBWRCLK_DOBDO[6])
                                                      2.125     6.631 r  DMEM_Single/DMEM_Pipelined/U0/inst_blk_mem_gen/gnbram.gnativebmg.native_blk_mem_gen/valid.cstr/ramloop[5].ram.r/prim_noinit.ram/DEVICE_7SERIES.NO_BMM_INFO.SDP.SIMPLE_PRIM36.ram/DOBDO[6]
                         net (fo=1, routed)           1.296     7.927    DMEM_Single/DMEM_Pipelined/U0/inst_blk_mem_gen/gnbram.gnativebmg.native_blk_mem_gen/valid.cstr/has_mux_b.B/doutb[15]_1[6]
    SLICE_X105Y55        LUT6 (Prop_lut6_I3_O)        0.105     8.032 r  DMEM_Single/DMEM_Pipelined/U0/inst_blk_mem_gen/gnbram.gnativebmg.native_blk_mem_gen/valid.cstr/has_mux_b.B/doutb[14]_INST_0/O
                         net (fo=4, routed)           1.278     9.310    load/doutb[14]
    SLICE_X89Y69         LUT6 (Prop_lut6_I0_O)        0.105     9.415 r  load/debug_wdata_OBUF[14]_inst_i_3/O
                         net (fo=1, routed)           0.401     9.816    load/debug_wdata_OBUF[14]_inst_i_3_n_0
    SLICE_X88Y69         LUT6 (Prop_lut6_I4_O)        0.105     9.921 r  load/debug_wdata_OBUF[14]_inst_i_2/O
                         net (fo=1, routed)           0.559    10.480    MEM_WB_Reg/DataToReg[14]
    SLICE_X88Y76         LUT5 (Prop_lut5_I4_O)        0.105    10.585 r  MEM_WB_Reg/debug_wdata_OBUF[14]_inst_i_1/O
                         net (fo=36, routed)          0.743    11.328    EX_MEM_Reg/debug_wdata_OBUF[14]
    SLICE_X100Y75        LUT5 (Prop_lut5_I2_O)        0.105    11.433 r  EX_MEM_Reg/ALUResult0__1_i_20/O
                         net (fo=9, routed)           0.648    12.081    ID_EX_Reg/ALUData1[14]
    SLICE_X96Y75         LUT3 (Prop_lut3_I2_O)        0.126    12.207 r  ID_EX_Reg/ALUResult0__1_i_3/O
                         net (fo=18, routed)          0.601    12.809    ALU_Single/A[14]
    DSP48_X3Y28          DSP48E1 (Prop_dsp48e1_A[14]_PCOUT[47])
                                                      3.575    16.384 r  ALU_Single/ALUResult0__1/PCOUT[47]
                         net (fo=1, routed)           0.002    16.386    ALU_Single/ALUResult0__1_n_106
    DSP48_X3Y29          DSP48E1 (Prop_dsp48e1_PCIN[47]_P[0])
                                                      1.271    17.657 r  ALU_Single/ALUResult0__2/P[0]
                         net (fo=4, routed)           0.636    18.292    ALU_Single/ALUResult0__2_n_105
    SLICE_X93Y68         LUT2 (Prop_lut2_I0_O)        0.105    18.397 r  ALU_Single/Q[84]_i_53/O
                         net (fo=1, routed)           0.000    18.397    ALU_Single/Q[84]_i_53_n_0
    SLICE_X93Y68         CARRY4 (Prop_carry4_S[1]_CO[3])
                                                      0.457    18.854 r  ALU_Single/Q_reg[84]_i_46/CO[3]
                         net (fo=1, routed)           0.000    18.854    ALU_Single/Q_reg[84]_i_46_n_0
    SLICE_X93Y69         CARRY4 (Prop_carry4_CI_CO[3])
                                                      0.098    18.952 r  ALU_Single/Q_reg[84]_i_41/CO[3]
                         net (fo=1, routed)           0.000    18.952    ALU_Single/Q_reg[84]_i_41_n_0
    SLICE_X93Y70         CARRY4 (Prop_carry4_CI_CO[3])
                                                      0.098    19.050 r  ALU_Single/Q_reg[84]_i_36/CO[3]
                         net (fo=1, routed)           0.000    19.050    ALU_Single/Q_reg[84]_i_36_n_0
    SLICE_X93Y71         CARRY4 (Prop_carry4_CI_CO[3])
                                                      0.098    19.148 r  ALU_Single/Q_reg[84]_i_14/CO[3]
                         net (fo=1, routed)           0.000    19.148    ALU_Single/Q_reg[84]_i_14_n_0
    SLICE_X93Y72         CARRY4 (Prop_carry4_CI_CO[3])
                                                      0.098    19.246 r  ALU_Single/Q_reg[84]_i_9/CO[3]
                         net (fo=1, routed)           0.000    19.246    ALU_Single/Q_reg[84]_i_9_n_0
    SLICE_X93Y73         CARRY4 (Prop_carry4_CI_CO[3])
                                                      0.098    19.344 r  ALU_Single/Q_reg[88]_i_14/CO[3]
                         net (fo=1, routed)           0.000    19.344    ALU_Single/Q_reg[88]_i_14_n_0
    SLICE_X93Y74         CARRY4 (Prop_carry4_CI_CO[3])
                                                      0.098    19.442 r  ALU_Single/Q_reg[92]_i_14/CO[3]
                         net (fo=1, routed)           0.008    19.450    ALU_Single/Q_reg[92]_i_14_n_0
    SLICE_X93Y75         CARRY4 (Prop_carry4_CI_CO[3])
                                                      0.098    19.548 r  ALU_Single/Q_reg[96]_i_14/CO[3]
                         net (fo=1, routed)           0.000    19.548    ALU_Single/Q_reg[96]_i_14_n_0
    SLICE_X93Y76         CARRY4 (Prop_carry4_CI_CO[3])
                                                      0.098    19.646 r  ALU_Single/Q_reg[104]_i_18/CO[3]
                         net (fo=1, routed)           0.000    19.646    ALU_Single/Q_reg[104]_i_18_n_0
    SLICE_X93Y77         CARRY4 (Prop_carry4_CI_CO[3])
                                                      0.098    19.744 r  ALU_Single/Q_reg[104]_i_7/CO[3]
                         net (fo=1, routed)           0.000    19.744    ALU_Single/Q_reg[104]_i_7_n_0
    SLICE_X93Y78         CARRY4 (Prop_carry4_CI_O[0])
                                                      0.180    19.924 r  ALU_Single/Q_reg[108]_i_10/O[0]
                         net (fo=1, routed)           0.721    20.646    ALU_Single/data8[24]
    SLICE_X96Y79         LUT3 (Prop_lut3_I0_O)        0.269    20.915 r  ALU_Single/Q[105]_i_5/O
                         net (fo=1, routed)           0.488    21.402    ID_EX_Reg/Q_reg[105]_0
    SLICE_X97Y79         LUT6 (Prop_lut6_I1_O)        0.264    21.666 r  ID_EX_Reg/Q[105]_i_2__0/O
                         net (fo=2, routed)           0.374    22.041    ID_EX_Reg/Q[105]_i_2__0_n_0
    SLICE_X99Y76         LUT5 (Prop_lut5_I2_O)        0.105    22.146 r  ID_EX_Reg/Q[21]_i_2/O
                         net (fo=1, routed)           0.000    22.146    ID_EX_Reg/Q[21]_i_2_n_0
    SLICE_X99Y76         CARRY4 (Prop_carry4_S[3]_CO[3])
                                                      0.332    22.478 r  ID_EX_Reg/Q_reg[21]_i_1/CO[3]
                         net (fo=1, routed)           0.000    22.478    ID_EX_Reg/Q_reg[21]_i_1_n_0
    SLICE_X99Y77         CARRY4 (Prop_carry4_CI_CO[3])
                                                      0.098    22.576 r  ID_EX_Reg/Q_reg[25]_i_1/CO[3]
                         net (fo=1, routed)           0.000    22.576    ID_EX_Reg/Q_reg[25]_i_1_n_0
    SLICE_X99Y78         CARRY4 (Prop_carry4_CI_O[0])
                                                      0.181    22.757 r  ID_EX_Reg/Q_reg[29]_i_1/O[0]
                         net (fo=1, routed)           0.000    22.757    Prog_Counter/Prog_Count/Q_reg[31]_1[0]
    SLICE_X99Y78         FDCE                                         r  Prog_Counter/Prog_Count/Q_reg[29]/D
  -------------------------------------------------------------------    -------------------

                         (clock clk rise edge)       20.000    20.000 r  
    U14                                               0.000    20.000 r  clk (IN)
                         net (fo=0)                   0.000    20.000    clk
    U14                  IBUF (Prop_ibuf_I_O)         0.875    20.875 r  clk_IBUF_inst/O
                         net (fo=1, routed)           1.701    22.576    clk_IBUF
    BUFGCTRL_X0Y16       BUFG (Prop_bufg_I_O)         0.077    22.653 r  clk_IBUF_BUFG_inst/O
                         net (fo=1478, routed)        1.336    23.989    Prog_Counter/Prog_Count/clk
    SLICE_X99Y78         FDCE                                         r  Prog_Counter/Prog_Count/Q_reg[29]/C
                         clock pessimism              0.408    24.397    
                         clock uncertainty           -0.035    24.361    
    SLICE_X99Y78         FDCE (Setup_fdce_C_D)        0.059    24.420    Prog_Counter/Prog_Count/Q_reg[29]
  -------------------------------------------------------------------
                         required time                         24.420    
                         arrival time                         -22.757    
  -------------------------------------------------------------------
                         slack                                  1.663    

Slack (MET) :             1.677ns  (required time - arrival time)
  Source:                 DMEM_Single/DMEM_Pipelined/U0/inst_blk_mem_gen/gnbram.gnativebmg.native_blk_mem_gen/valid.cstr/ramloop[5].ram.r/prim_noinit.ram/DEVICE_7SERIES.NO_BMM_INFO.SDP.SIMPLE_PRIM36.ram/CLKBWRCLK
                            (rising edge-triggered cell RAMB36E1 clocked by clk  {rise@0.000ns fall@10.000ns period=20.000ns})
  Destination:            Prog_Counter/Prog_Count/Q_reg[26]/D
                            (rising edge-triggered cell FDCE clocked by clk  {rise@0.000ns fall@10.000ns period=20.000ns})
  Path Group:             clk
  Path Type:              Setup (Max at Slow Process Corner)
  Requirement:            20.000ns  (clk rise@20.000ns - clk rise@0.000ns)
  Data Path Delay:        18.237ns  (logic 10.481ns (57.472%)  route 7.756ns (42.528%))
  Logic Levels:           25  (CARRY4=13 DSP48E1=2 LUT2=1 LUT3=2 LUT5=3 LUT6=4)
  Clock Path Skew:        -0.110ns (DCD - SCD + CPR)
    Destination Clock Delay (DCD):    3.989ns = ( 23.989 - 20.000 ) 
    Source Clock Delay      (SCD):    4.506ns
    Clock Pessimism Removal (CPR):    0.408ns
  Clock Uncertainty:      0.035ns  ((TSJ^2 + TIJ^2)^1/2 + DJ) / 2 + PE
    Total System Jitter     (TSJ):    0.071ns
    Total Input Jitter      (TIJ):    0.000ns
    Discrete Jitter          (DJ):    0.000ns
    Phase Error              (PE):    0.000ns

    Location             Delay type                Incr(ns)  Path(ns)    Netlist Resource(s)
  -------------------------------------------------------------------    -------------------
                         (clock clk rise edge)        0.000     0.000 r  
    U14                                               0.000     0.000 r  clk (IN)
                         net (fo=0)                   0.000     0.000    clk
    U14                  IBUF (Prop_ibuf_I_O)         1.007     1.007 r  clk_IBUF_inst/O
                         net (fo=1, routed)           1.873     2.880    clk_IBUF
    BUFGCTRL_X0Y16       BUFG (Prop_bufg_I_O)         0.085     2.965 r  clk_IBUF_BUFG_inst/O
                         net (fo=1478, routed)        1.542     4.506    DMEM_Single/DMEM_Pipelined/U0/inst_blk_mem_gen/gnbram.gnativebmg.native_blk_mem_gen/valid.cstr/ramloop[5].ram.r/prim_noinit.ram/clkb
    RAMB36_X4Y10         RAMB36E1                                     r  DMEM_Single/DMEM_Pipelined/U0/inst_blk_mem_gen/gnbram.gnativebmg.native_blk_mem_gen/valid.cstr/ramloop[5].ram.r/prim_noinit.ram/DEVICE_7SERIES.NO_BMM_INFO.SDP.SIMPLE_PRIM36.ram/CLKBWRCLK
  -------------------------------------------------------------------    -------------------
    RAMB36_X4Y10         RAMB36E1 (Prop_ramb36e1_CLKBWRCLK_DOBDO[6])
                                                      2.125     6.631 r  DMEM_Single/DMEM_Pipelined/U0/inst_blk_mem_gen/gnbram.gnativebmg.native_blk_mem_gen/valid.cstr/ramloop[5].ram.r/prim_noinit.ram/DEVICE_7SERIES.NO_BMM_INFO.SDP.SIMPLE_PRIM36.ram/DOBDO[6]
                         net (fo=1, routed)           1.296     7.927    DMEM_Single/DMEM_Pipelined/U0/inst_blk_mem_gen/gnbram.gnativebmg.native_blk_mem_gen/valid.cstr/has_mux_b.B/doutb[15]_1[6]
    SLICE_X105Y55        LUT6 (Prop_lut6_I3_O)        0.105     8.032 r  DMEM_Single/DMEM_Pipelined/U0/inst_blk_mem_gen/gnbram.gnativebmg.native_blk_mem_gen/valid.cstr/has_mux_b.B/doutb[14]_INST_0/O
                         net (fo=4, routed)           1.278     9.310    load/doutb[14]
    SLICE_X89Y69         LUT6 (Prop_lut6_I0_O)        0.105     9.415 r  load/debug_wdata_OBUF[14]_inst_i_3/O
                         net (fo=1, routed)           0.401     9.816    load/debug_wdata_OBUF[14]_inst_i_3_n_0
    SLICE_X88Y69         LUT6 (Prop_lut6_I4_O)        0.105     9.921 r  load/debug_wdata_OBUF[14]_inst_i_2/O
                         net (fo=1, routed)           0.559    10.480    MEM_WB_Reg/DataToReg[14]
    SLICE_X88Y76         LUT5 (Prop_lut5_I4_O)        0.105    10.585 r  MEM_WB_Reg/debug_wdata_OBUF[14]_inst_i_1/O
                         net (fo=36, routed)          0.743    11.328    EX_MEM_Reg/debug_wdata_OBUF[14]
    SLICE_X100Y75        LUT5 (Prop_lut5_I2_O)        0.105    11.433 r  EX_MEM_Reg/ALUResult0__1_i_20/O
                         net (fo=9, routed)           0.648    12.081    ID_EX_Reg/ALUData1[14]
    SLICE_X96Y75         LUT3 (Prop_lut3_I2_O)        0.126    12.207 r  ID_EX_Reg/ALUResult0__1_i_3/O
                         net (fo=18, routed)          0.601    12.809    ALU_Single/A[14]
    DSP48_X3Y28          DSP48E1 (Prop_dsp48e1_A[14]_PCOUT[47])
                                                      3.575    16.384 r  ALU_Single/ALUResult0__1/PCOUT[47]
                         net (fo=1, routed)           0.002    16.386    ALU_Single/ALUResult0__1_n_106
    DSP48_X3Y29          DSP48E1 (Prop_dsp48e1_PCIN[47]_P[0])
                                                      1.271    17.657 r  ALU_Single/ALUResult0__2/P[0]
                         net (fo=4, routed)           0.636    18.292    ALU_Single/ALUResult0__2_n_105
    SLICE_X93Y68         LUT2 (Prop_lut2_I0_O)        0.105    18.397 r  ALU_Single/Q[84]_i_53/O
                         net (fo=1, routed)           0.000    18.397    ALU_Single/Q[84]_i_53_n_0
    SLICE_X93Y68         CARRY4 (Prop_carry4_S[1]_CO[3])
                                                      0.457    18.854 r  ALU_Single/Q_reg[84]_i_46/CO[3]
                         net (fo=1, routed)           0.000    18.854    ALU_Single/Q_reg[84]_i_46_n_0
    SLICE_X93Y69         CARRY4 (Prop_carry4_CI_CO[3])
                                                      0.098    18.952 r  ALU_Single/Q_reg[84]_i_41/CO[3]
                         net (fo=1, routed)           0.000    18.952    ALU_Single/Q_reg[84]_i_41_n_0
    SLICE_X93Y70         CARRY4 (Prop_carry4_CI_CO[3])
                                                      0.098    19.050 r  ALU_Single/Q_reg[84]_i_36/CO[3]
                         net (fo=1, routed)           0.000    19.050    ALU_Single/Q_reg[84]_i_36_n_0
    SLICE_X93Y71         CARRY4 (Prop_carry4_CI_CO[3])
                                                      0.098    19.148 r  ALU_Single/Q_reg[84]_i_14/CO[3]
                         net (fo=1, routed)           0.000    19.148    ALU_Single/Q_reg[84]_i_14_n_0
    SLICE_X93Y72         CARRY4 (Prop_carry4_CI_CO[3])
                                                      0.098    19.246 r  ALU_Single/Q_reg[84]_i_9/CO[3]
                         net (fo=1, routed)           0.000    19.246    ALU_Single/Q_reg[84]_i_9_n_0
    SLICE_X93Y73         CARRY4 (Prop_carry4_CI_CO[3])
                                                      0.098    19.344 r  ALU_Single/Q_reg[88]_i_14/CO[3]
                         net (fo=1, routed)           0.000    19.344    ALU_Single/Q_reg[88]_i_14_n_0
    SLICE_X93Y74         CARRY4 (Prop_carry4_CI_CO[3])
                                                      0.098    19.442 r  ALU_Single/Q_reg[92]_i_14/CO[3]
                         net (fo=1, routed)           0.008    19.450    ALU_Single/Q_reg[92]_i_14_n_0
    SLICE_X93Y75         CARRY4 (Prop_carry4_CI_CO[3])
                                                      0.098    19.548 r  ALU_Single/Q_reg[96]_i_14/CO[3]
                         net (fo=1, routed)           0.000    19.548    ALU_Single/Q_reg[96]_i_14_n_0
    SLICE_X93Y76         CARRY4 (Prop_carry4_CI_CO[3])
                                                      0.098    19.646 r  ALU_Single/Q_reg[104]_i_18/CO[3]
                         net (fo=1, routed)           0.000    19.646    ALU_Single/Q_reg[104]_i_18_n_0
    SLICE_X93Y77         CARRY4 (Prop_carry4_CI_CO[3])
                                                      0.098    19.744 r  ALU_Single/Q_reg[104]_i_7/CO[3]
                         net (fo=1, routed)           0.000    19.744    ALU_Single/Q_reg[104]_i_7_n_0
    SLICE_X93Y78         CARRY4 (Prop_carry4_CI_O[0])
                                                      0.180    19.924 r  ALU_Single/Q_reg[108]_i_10/O[0]
                         net (fo=1, routed)           0.721    20.646    ALU_Single/data8[24]
    SLICE_X96Y79         LUT3 (Prop_lut3_I0_O)        0.269    20.915 r  ALU_Single/Q[105]_i_5/O
                         net (fo=1, routed)           0.488    21.402    ID_EX_Reg/Q_reg[105]_0
    SLICE_X97Y79         LUT6 (Prop_lut6_I1_O)        0.264    21.666 r  ID_EX_Reg/Q[105]_i_2__0/O
                         net (fo=2, routed)           0.374    22.041    ID_EX_Reg/Q[105]_i_2__0_n_0
    SLICE_X99Y76         LUT5 (Prop_lut5_I2_O)        0.105    22.146 r  ID_EX_Reg/Q[21]_i_2/O
                         net (fo=1, routed)           0.000    22.146    ID_EX_Reg/Q[21]_i_2_n_0
    SLICE_X99Y76         CARRY4 (Prop_carry4_S[3]_CO[3])
                                                      0.332    22.478 r  ID_EX_Reg/Q_reg[21]_i_1/CO[3]
                         net (fo=1, routed)           0.000    22.478    ID_EX_Reg/Q_reg[21]_i_1_n_0
    SLICE_X99Y77         CARRY4 (Prop_carry4_CI_O[1])
                                                      0.265    22.743 r  ID_EX_Reg/Q_reg[25]_i_1/O[1]
                         net (fo=1, routed)           0.000    22.743    Prog_Counter/Prog_Count/Q_reg[28]_0[1]
    SLICE_X99Y77         FDCE                                         r  Prog_Counter/Prog_Count/Q_reg[26]/D
  -------------------------------------------------------------------    -------------------

                         (clock clk rise edge)       20.000    20.000 r  
    U14                                               0.000    20.000 r  clk (IN)
                         net (fo=0)                   0.000    20.000    clk
    U14                  IBUF (Prop_ibuf_I_O)         0.875    20.875 r  clk_IBUF_inst/O
                         net (fo=1, routed)           1.701    22.576    clk_IBUF
    BUFGCTRL_X0Y16       BUFG (Prop_bufg_I_O)         0.077    22.653 r  clk_IBUF_BUFG_inst/O
                         net (fo=1478, routed)        1.336    23.989    Prog_Counter/Prog_Count/clk
    SLICE_X99Y77         FDCE                                         r  Prog_Counter/Prog_Count/Q_reg[26]/C
                         clock pessimism              0.408    24.397    
                         clock uncertainty           -0.035    24.361    
    SLICE_X99Y77         FDCE (Setup_fdce_C_D)        0.059    24.420    Prog_Counter/Prog_Count/Q_reg[26]
  -------------------------------------------------------------------
                         required time                         24.420    
                         arrival time                         -22.743    
  -------------------------------------------------------------------
                         slack                                  1.677    

Slack (MET) :             1.682ns  (required time - arrival time)
  Source:                 DMEM_Single/DMEM_Pipelined/U0/inst_blk_mem_gen/gnbram.gnativebmg.native_blk_mem_gen/valid.cstr/ramloop[5].ram.r/prim_noinit.ram/DEVICE_7SERIES.NO_BMM_INFO.SDP.SIMPLE_PRIM36.ram/CLKBWRCLK
                            (rising edge-triggered cell RAMB36E1 clocked by clk  {rise@0.000ns fall@10.000ns period=20.000ns})
  Destination:            Prog_Counter/Prog_Count/Q_reg[28]/D
                            (rising edge-triggered cell FDCE clocked by clk  {rise@0.000ns fall@10.000ns period=20.000ns})
  Path Group:             clk
  Path Type:              Setup (Max at Slow Process Corner)
  Requirement:            20.000ns  (clk rise@20.000ns - clk rise@0.000ns)
  Data Path Delay:        18.232ns  (logic 10.476ns (57.461%)  route 7.756ns (42.539%))
  Logic Levels:           25  (CARRY4=13 DSP48E1=2 LUT2=1 LUT3=2 LUT5=3 LUT6=4)
  Clock Path Skew:        -0.110ns (DCD - SCD + CPR)
    Destination Clock Delay (DCD):    3.989ns = ( 23.989 - 20.000 ) 
    Source Clock Delay      (SCD):    4.506ns
    Clock Pessimism Removal (CPR):    0.408ns
  Clock Uncertainty:      0.035ns  ((TSJ^2 + TIJ^2)^1/2 + DJ) / 2 + PE
    Total System Jitter     (TSJ):    0.071ns
    Total Input Jitter      (TIJ):    0.000ns
    Discrete Jitter          (DJ):    0.000ns
    Phase Error              (PE):    0.000ns

    Location             Delay type                Incr(ns)  Path(ns)    Netlist Resource(s)
  -------------------------------------------------------------------    -------------------
                         (clock clk rise edge)        0.000     0.000 r  
    U14                                               0.000     0.000 r  clk (IN)
                         net (fo=0)                   0.000     0.000    clk
    U14                  IBUF (Prop_ibuf_I_O)         1.007     1.007 r  clk_IBUF_inst/O
                         net (fo=1, routed)           1.873     2.880    clk_IBUF
    BUFGCTRL_X0Y16       BUFG (Prop_bufg_I_O)         0.085     2.965 r  clk_IBUF_BUFG_inst/O
                         net (fo=1478, routed)        1.542     4.506    DMEM_Single/DMEM_Pipelined/U0/inst_blk_mem_gen/gnbram.gnativebmg.native_blk_mem_gen/valid.cstr/ramloop[5].ram.r/prim_noinit.ram/clkb
    RAMB36_X4Y10         RAMB36E1                                     r  DMEM_Single/DMEM_Pipelined/U0/inst_blk_mem_gen/gnbram.gnativebmg.native_blk_mem_gen/valid.cstr/ramloop[5].ram.r/prim_noinit.ram/DEVICE_7SERIES.NO_BMM_INFO.SDP.SIMPLE_PRIM36.ram/CLKBWRCLK
  -------------------------------------------------------------------    -------------------
    RAMB36_X4Y10         RAMB36E1 (Prop_ramb36e1_CLKBWRCLK_DOBDO[6])
                                                      2.125     6.631 r  DMEM_Single/DMEM_Pipelined/U0/inst_blk_mem_gen/gnbram.gnativebmg.native_blk_mem_gen/valid.cstr/ramloop[5].ram.r/prim_noinit.ram/DEVICE_7SERIES.NO_BMM_INFO.SDP.SIMPLE_PRIM36.ram/DOBDO[6]
                         net (fo=1, routed)           1.296     7.927    DMEM_Single/DMEM_Pipelined/U0/inst_blk_mem_gen/gnbram.gnativebmg.native_blk_mem_gen/valid.cstr/has_mux_b.B/doutb[15]_1[6]
    SLICE_X105Y55        LUT6 (Prop_lut6_I3_O)        0.105     8.032 r  DMEM_Single/DMEM_Pipelined/U0/inst_blk_mem_gen/gnbram.gnativebmg.native_blk_mem_gen/valid.cstr/has_mux_b.B/doutb[14]_INST_0/O
                         net (fo=4, routed)           1.278     9.310    load/doutb[14]
    SLICE_X89Y69         LUT6 (Prop_lut6_I0_O)        0.105     9.415 r  load/debug_wdata_OBUF[14]_inst_i_3/O
                         net (fo=1, routed)           0.401     9.816    load/debug_wdata_OBUF[14]_inst_i_3_n_0
    SLICE_X88Y69         LUT6 (Prop_lut6_I4_O)        0.105     9.921 r  load/debug_wdata_OBUF[14]_inst_i_2/O
                         net (fo=1, routed)           0.559    10.480    MEM_WB_Reg/DataToReg[14]
    SLICE_X88Y76         LUT5 (Prop_lut5_I4_O)        0.105    10.585 r  MEM_WB_Reg/debug_wdata_OBUF[14]_inst_i_1/O
                         net (fo=36, routed)          0.743    11.328    EX_MEM_Reg/debug_wdata_OBUF[14]
    SLICE_X100Y75        LUT5 (Prop_lut5_I2_O)        0.105    11.433 r  EX_MEM_Reg/ALUResult0__1_i_20/O
                         net (fo=9, routed)           0.648    12.081    ID_EX_Reg/ALUData1[14]
    SLICE_X96Y75         LUT3 (Prop_lut3_I2_O)        0.126    12.207 r  ID_EX_Reg/ALUResult0__1_i_3/O
                         net (fo=18, routed)          0.601    12.809    ALU_Single/A[14]
    DSP48_X3Y28          DSP48E1 (Prop_dsp48e1_A[14]_PCOUT[47])
                                                      3.575    16.384 r  ALU_Single/ALUResult0__1/PCOUT[47]
                         net (fo=1, routed)           0.002    16.386    ALU_Single/ALUResult0__1_n_106
    DSP48_X3Y29          DSP48E1 (Prop_dsp48e1_PCIN[47]_P[0])
                                                      1.271    17.657 r  ALU_Single/ALUResult0__2/P[0]
                         net (fo=4, routed)           0.636    18.292    ALU_Single/ALUResult0__2_n_105
    SLICE_X93Y68         LUT2 (Prop_lut2_I0_O)        0.105    18.397 r  ALU_Single/Q[84]_i_53/O
                         net (fo=1, routed)           0.000    18.397    ALU_Single/Q[84]_i_53_n_0
    SLICE_X93Y68         CARRY4 (Prop_carry4_S[1]_CO[3])
                                                      0.457    18.854 r  ALU_Single/Q_reg[84]_i_46/CO[3]
                         net (fo=1, routed)           0.000    18.854    ALU_Single/Q_reg[84]_i_46_n_0
    SLICE_X93Y69         CARRY4 (Prop_carry4_CI_CO[3])
                                                      0.098    18.952 r  ALU_Single/Q_reg[84]_i_41/CO[3]
                         net (fo=1, routed)           0.000    18.952    ALU_Single/Q_reg[84]_i_41_n_0
    SLICE_X93Y70         CARRY4 (Prop_carry4_CI_CO[3])
                                                      0.098    19.050 r  ALU_Single/Q_reg[84]_i_36/CO[3]
                         net (fo=1, routed)           0.000    19.050    ALU_Single/Q_reg[84]_i_36_n_0
    SLICE_X93Y71         CARRY4 (Prop_carry4_CI_CO[3])
                                                      0.098    19.148 r  ALU_Single/Q_reg[84]_i_14/CO[3]
                         net (fo=1, routed)           0.000    19.148    ALU_Single/Q_reg[84]_i_14_n_0
    SLICE_X93Y72         CARRY4 (Prop_carry4_CI_CO[3])
                                                      0.098    19.246 r  ALU_Single/Q_reg[84]_i_9/CO[3]
                         net (fo=1, routed)           0.000    19.246    ALU_Single/Q_reg[84]_i_9_n_0
    SLICE_X93Y73         CARRY4 (Prop_carry4_CI_CO[3])
                                                      0.098    19.344 r  ALU_Single/Q_reg[88]_i_14/CO[3]
                         net (fo=1, routed)           0.000    19.344    ALU_Single/Q_reg[88]_i_14_n_0
    SLICE_X93Y74         CARRY4 (Prop_carry4_CI_CO[3])
                                                      0.098    19.442 r  ALU_Single/Q_reg[92]_i_14/CO[3]
                         net (fo=1, routed)           0.008    19.450    ALU_Single/Q_reg[92]_i_14_n_0
    SLICE_X93Y75         CARRY4 (Prop_carry4_CI_CO[3])
                                                      0.098    19.548 r  ALU_Single/Q_reg[96]_i_14/CO[3]
                         net (fo=1, routed)           0.000    19.548    ALU_Single/Q_reg[96]_i_14_n_0
    SLICE_X93Y76         CARRY4 (Prop_carry4_CI_CO[3])
                                                      0.098    19.646 r  ALU_Single/Q_reg[104]_i_18/CO[3]
                         net (fo=1, routed)           0.000    19.646    ALU_Single/Q_reg[104]_i_18_n_0
    SLICE_X93Y77         CARRY4 (Prop_carry4_CI_CO[3])
                                                      0.098    19.744 r  ALU_Single/Q_reg[104]_i_7/CO[3]
                         net (fo=1, routed)           0.000    19.744    ALU_Single/Q_reg[104]_i_7_n_0
    SLICE_X93Y78         CARRY4 (Prop_carry4_CI_O[0])
                                                      0.180    19.924 r  ALU_Single/Q_reg[108]_i_10/O[0]
                         net (fo=1, routed)           0.721    20.646    ALU_Single/data8[24]
    SLICE_X96Y79         LUT3 (Prop_lut3_I0_O)        0.269    20.915 r  ALU_Single/Q[105]_i_5/O
                         net (fo=1, routed)           0.488    21.402    ID_EX_Reg/Q_reg[105]_0
    SLICE_X97Y79         LUT6 (Prop_lut6_I1_O)        0.264    21.666 r  ID_EX_Reg/Q[105]_i_2__0/O
                         net (fo=2, routed)           0.374    22.041    ID_EX_Reg/Q[105]_i_2__0_n_0
    SLICE_X99Y76         LUT5 (Prop_lut5_I2_O)        0.105    22.146 r  ID_EX_Reg/Q[21]_i_2/O
                         net (fo=1, routed)           0.000    22.146    ID_EX_Reg/Q[21]_i_2_n_0
    SLICE_X99Y76         CARRY4 (Prop_carry4_S[3]_CO[3])
                                                      0.332    22.478 r  ID_EX_Reg/Q_reg[21]_i_1/CO[3]
                         net (fo=1, routed)           0.000    22.478    ID_EX_Reg/Q_reg[21]_i_1_n_0
    SLICE_X99Y77         CARRY4 (Prop_carry4_CI_O[3])
                                                      0.260    22.738 r  ID_EX_Reg/Q_reg[25]_i_1/O[3]
                         net (fo=1, routed)           0.000    22.738    Prog_Counter/Prog_Count/Q_reg[28]_0[3]
    SLICE_X99Y77         FDCE                                         r  Prog_Counter/Prog_Count/Q_reg[28]/D
  -------------------------------------------------------------------    -------------------

                         (clock clk rise edge)       20.000    20.000 r  
    U14                                               0.000    20.000 r  clk (IN)
                         net (fo=0)                   0.000    20.000    clk
    U14                  IBUF (Prop_ibuf_I_O)         0.875    20.875 r  clk_IBUF_inst/O
                         net (fo=1, routed)           1.701    22.576    clk_IBUF
    BUFGCTRL_X0Y16       BUFG (Prop_bufg_I_O)         0.077    22.653 r  clk_IBUF_BUFG_inst/O
                         net (fo=1478, routed)        1.336    23.989    Prog_Counter/Prog_Count/clk
    SLICE_X99Y77         FDCE                                         r  Prog_Counter/Prog_Count/Q_reg[28]/C
                         clock pessimism              0.408    24.397    
                         clock uncertainty           -0.035    24.361    
    SLICE_X99Y77         FDCE (Setup_fdce_C_D)        0.059    24.420    Prog_Counter/Prog_Count/Q_reg[28]
  -------------------------------------------------------------------
                         required time                         24.420    
                         arrival time                         -22.738    
  -------------------------------------------------------------------
                         slack                                  1.682    

Slack (MET) :             1.742ns  (required time - arrival time)
  Source:                 DMEM_Single/DMEM_Pipelined/U0/inst_blk_mem_gen/gnbram.gnativebmg.native_blk_mem_gen/valid.cstr/ramloop[5].ram.r/prim_noinit.ram/DEVICE_7SERIES.NO_BMM_INFO.SDP.SIMPLE_PRIM36.ram/CLKBWRCLK
                            (rising edge-triggered cell RAMB36E1 clocked by clk  {rise@0.000ns fall@10.000ns period=20.000ns})
  Destination:            Prog_Counter/Prog_Count/Q_reg[27]/D
                            (rising edge-triggered cell FDCE clocked by clk  {rise@0.000ns fall@10.000ns period=20.000ns})
  Path Group:             clk
  Path Type:              Setup (Max at Slow Process Corner)
  Requirement:            20.000ns  (clk rise@20.000ns - clk rise@0.000ns)
  Data Path Delay:        18.172ns  (logic 10.416ns (57.320%)  route 7.756ns (42.680%))
  Logic Levels:           25  (CARRY4=13 DSP48E1=2 LUT2=1 LUT3=2 LUT5=3 LUT6=4)
  Clock Path Skew:        -0.110ns (DCD - SCD + CPR)
    Destination Clock Delay (DCD):    3.989ns = ( 23.989 - 20.000 ) 
    Source Clock Delay      (SCD):    4.506ns
    Clock Pessimism Removal (CPR):    0.408ns
  Clock Uncertainty:      0.035ns  ((TSJ^2 + TIJ^2)^1/2 + DJ) / 2 + PE
    Total System Jitter     (TSJ):    0.071ns
    Total Input Jitter      (TIJ):    0.000ns
    Discrete Jitter          (DJ):    0.000ns
    Phase Error              (PE):    0.000ns

    Location             Delay type                Incr(ns)  Path(ns)    Netlist Resource(s)
  -------------------------------------------------------------------    -------------------
                         (clock clk rise edge)        0.000     0.000 r  
    U14                                               0.000     0.000 r  clk (IN)
                         net (fo=0)                   0.000     0.000    clk
    U14                  IBUF (Prop_ibuf_I_O)         1.007     1.007 r  clk_IBUF_inst/O
                         net (fo=1, routed)           1.873     2.880    clk_IBUF
    BUFGCTRL_X0Y16       BUFG (Prop_bufg_I_O)         0.085     2.965 r  clk_IBUF_BUFG_inst/O
                         net (fo=1478, routed)        1.542     4.506    DMEM_Single/DMEM_Pipelined/U0/inst_blk_mem_gen/gnbram.gnativebmg.native_blk_mem_gen/valid.cstr/ramloop[5].ram.r/prim_noinit.ram/clkb
    RAMB36_X4Y10         RAMB36E1                                     r  DMEM_Single/DMEM_Pipelined/U0/inst_blk_mem_gen/gnbram.gnativebmg.native_blk_mem_gen/valid.cstr/ramloop[5].ram.r/prim_noinit.ram/DEVICE_7SERIES.NO_BMM_INFO.SDP.SIMPLE_PRIM36.ram/CLKBWRCLK
  -------------------------------------------------------------------    -------------------
    RAMB36_X4Y10         RAMB36E1 (Prop_ramb36e1_CLKBWRCLK_DOBDO[6])
                                                      2.125     6.631 r  DMEM_Single/DMEM_Pipelined/U0/inst_blk_mem_gen/gnbram.gnativebmg.native_blk_mem_gen/valid.cstr/ramloop[5].ram.r/prim_noinit.ram/DEVICE_7SERIES.NO_BMM_INFO.SDP.SIMPLE_PRIM36.ram/DOBDO[6]
                         net (fo=1, routed)           1.296     7.927    DMEM_Single/DMEM_Pipelined/U0/inst_blk_mem_gen/gnbram.gnativebmg.native_blk_mem_gen/valid.cstr/has_mux_b.B/doutb[15]_1[6]
    SLICE_X105Y55        LUT6 (Prop_lut6_I3_O)        0.105     8.032 r  DMEM_Single/DMEM_Pipelined/U0/inst_blk_mem_gen/gnbram.gnativebmg.native_blk_mem_gen/valid.cstr/has_mux_b.B/doutb[14]_INST_0/O
                         net (fo=4, routed)           1.278     9.310    load/doutb[14]
    SLICE_X89Y69         LUT6 (Prop_lut6_I0_O)        0.105     9.415 r  load/debug_wdata_OBUF[14]_inst_i_3/O
                         net (fo=1, routed)           0.401     9.816    load/debug_wdata_OBUF[14]_inst_i_3_n_0
    SLICE_X88Y69         LUT6 (Prop_lut6_I4_O)        0.105     9.921 r  load/debug_wdata_OBUF[14]_inst_i_2/O
                         net (fo=1, routed)           0.559    10.480    MEM_WB_Reg/DataToReg[14]
    SLICE_X88Y76         LUT5 (Prop_lut5_I4_O)        0.105    10.585 r  MEM_WB_Reg/debug_wdata_OBUF[14]_inst_i_1/O
                         net (fo=36, routed)          0.743    11.328    EX_MEM_Reg/debug_wdata_OBUF[14]
    SLICE_X100Y75        LUT5 (Prop_lut5_I2_O)        0.105    11.433 r  EX_MEM_Reg/ALUResult0__1_i_20/O
                         net (fo=9, routed)           0.648    12.081    ID_EX_Reg/ALUData1[14]
    SLICE_X96Y75         LUT3 (Prop_lut3_I2_O)        0.126    12.207 r  ID_EX_Reg/ALUResult0__1_i_3/O
                         net (fo=18, routed)          0.601    12.809    ALU_Single/A[14]
    DSP48_X3Y28          DSP48E1 (Prop_dsp48e1_A[14]_PCOUT[47])
                                                      3.575    16.384 r  ALU_Single/ALUResult0__1/PCOUT[47]
                         net (fo=1, routed)           0.002    16.386    ALU_Single/ALUResult0__1_n_106
    DSP48_X3Y29          DSP48E1 (Prop_dsp48e1_PCIN[47]_P[0])
                                                      1.271    17.657 r  ALU_Single/ALUResult0__2/P[0]
                         net (fo=4, routed)           0.636    18.292    ALU_Single/ALUResult0__2_n_105
    SLICE_X93Y68         LUT2 (Prop_lut2_I0_O)        0.105    18.397 r  ALU_Single/Q[84]_i_53/O
                         net (fo=1, routed)           0.000    18.397    ALU_Single/Q[84]_i_53_n_0
    SLICE_X93Y68         CARRY4 (Prop_carry4_S[1]_CO[3])
                                                      0.457    18.854 r  ALU_Single/Q_reg[84]_i_46/CO[3]
                         net (fo=1, routed)           0.000    18.854    ALU_Single/Q_reg[84]_i_46_n_0
    SLICE_X93Y69         CARRY4 (Prop_carry4_CI_CO[3])
                                                      0.098    18.952 r  ALU_Single/Q_reg[84]_i_41/CO[3]
                         net (fo=1, routed)           0.000    18.952    ALU_Single/Q_reg[84]_i_41_n_0
    SLICE_X93Y70         CARRY4 (Prop_carry4_CI_CO[3])
                                                      0.098    19.050 r  ALU_Single/Q_reg[84]_i_36/CO[3]
                         net (fo=1, routed)           0.000    19.050    ALU_Single/Q_reg[84]_i_36_n_0
    SLICE_X93Y71         CARRY4 (Prop_carry4_CI_CO[3])
                                                      0.098    19.148 r  ALU_Single/Q_reg[84]_i_14/CO[3]
                         net (fo=1, routed)           0.000    19.148    ALU_Single/Q_reg[84]_i_14_n_0
    SLICE_X93Y72         CARRY4 (Prop_carry4_CI_CO[3])
                                                      0.098    19.246 r  ALU_Single/Q_reg[84]_i_9/CO[3]
                         net (fo=1, routed)           0.000    19.246    ALU_Single/Q_reg[84]_i_9_n_0
    SLICE_X93Y73         CARRY4 (Prop_carry4_CI_CO[3])
                                                      0.098    19.344 r  ALU_Single/Q_reg[88]_i_14/CO[3]
                         net (fo=1, routed)           0.000    19.344    ALU_Single/Q_reg[88]_i_14_n_0
    SLICE_X93Y74         CARRY4 (Prop_carry4_CI_CO[3])
                                                      0.098    19.442 r  ALU_Single/Q_reg[92]_i_14/CO[3]
                         net (fo=1, routed)           0.008    19.450    ALU_Single/Q_reg[92]_i_14_n_0
    SLICE_X93Y75         CARRY4 (Prop_carry4_CI_CO[3])
                                                      0.098    19.548 r  ALU_Single/Q_reg[96]_i_14/CO[3]
                         net (fo=1, routed)           0.000    19.548    ALU_Single/Q_reg[96]_i_14_n_0
    SLICE_X93Y76         CARRY4 (Prop_carry4_CI_CO[3])
                                                      0.098    19.646 r  ALU_Single/Q_reg[104]_i_18/CO[3]
                         net (fo=1, routed)           0.000    19.646    ALU_Single/Q_reg[104]_i_18_n_0
    SLICE_X93Y77         CARRY4 (Prop_carry4_CI_CO[3])
                                                      0.098    19.744 r  ALU_Single/Q_reg[104]_i_7/CO[3]
                         net (fo=1, routed)           0.000    19.744    ALU_Single/Q_reg[104]_i_7_n_0
    SLICE_X93Y78         CARRY4 (Prop_carry4_CI_O[0])
                                                      0.180    19.924 r  ALU_Single/Q_reg[108]_i_10/O[0]
                         net (fo=1, routed)           0.721    20.646    ALU_Single/data8[24]
    SLICE_X96Y79         LUT3 (Prop_lut3_I0_O)        0.269    20.915 r  ALU_Single/Q[105]_i_5/O
                         net (fo=1, routed)           0.488    21.402    ID_EX_Reg/Q_reg[105]_0
    SLICE_X97Y79         LUT6 (Prop_lut6_I1_O)        0.264    21.666 r  ID_EX_Reg/Q[105]_i_2__0/O
                         net (fo=2, routed)           0.374    22.041    ID_EX_Reg/Q[105]_i_2__0_n_0
    SLICE_X99Y76         LUT5 (Prop_lut5_I2_O)        0.105    22.146 r  ID_EX_Reg/Q[21]_i_2/O
                         net (fo=1, routed)           0.000    22.146    ID_EX_Reg/Q[21]_i_2_n_0
    SLICE_X99Y76         CARRY4 (Prop_carry4_S[3]_CO[3])
                                                      0.332    22.478 r  ID_EX_Reg/Q_reg[21]_i_1/CO[3]
                         net (fo=1, routed)           0.000    22.478    ID_EX_Reg/Q_reg[21]_i_1_n_0
    SLICE_X99Y77         CARRY4 (Prop_carry4_CI_O[2])
                                                      0.200    22.678 r  ID_EX_Reg/Q_reg[25]_i_1/O[2]
                         net (fo=1, routed)           0.000    22.678    Prog_Counter/Prog_Count/Q_reg[28]_0[2]
    SLICE_X99Y77         FDCE                                         r  Prog_Counter/Prog_Count/Q_reg[27]/D
  -------------------------------------------------------------------    -------------------

                         (clock clk rise edge)       20.000    20.000 r  
    U14                                               0.000    20.000 r  clk (IN)
                         net (fo=0)                   0.000    20.000    clk
    U14                  IBUF (Prop_ibuf_I_O)         0.875    20.875 r  clk_IBUF_inst/O
                         net (fo=1, routed)           1.701    22.576    clk_IBUF
    BUFGCTRL_X0Y16       BUFG (Prop_bufg_I_O)         0.077    22.653 r  clk_IBUF_BUFG_inst/O
                         net (fo=1478, routed)        1.336    23.989    Prog_Counter/Prog_Count/clk
    SLICE_X99Y77         FDCE                                         r  Prog_Counter/Prog_Count/Q_reg[27]/C
                         clock pessimism              0.408    24.397    
                         clock uncertainty           -0.035    24.361    
    SLICE_X99Y77         FDCE (Setup_fdce_C_D)        0.059    24.420    Prog_Counter/Prog_Count/Q_reg[27]
  -------------------------------------------------------------------
                         required time                         24.420    
                         arrival time                         -22.678    
  -------------------------------------------------------------------
                         slack                                  1.742    

Slack (MET) :             1.761ns  (required time - arrival time)
  Source:                 DMEM_Single/DMEM_Pipelined/U0/inst_blk_mem_gen/gnbram.gnativebmg.native_blk_mem_gen/valid.cstr/ramloop[5].ram.r/prim_noinit.ram/DEVICE_7SERIES.NO_BMM_INFO.SDP.SIMPLE_PRIM36.ram/CLKBWRCLK
                            (rising edge-triggered cell RAMB36E1 clocked by clk  {rise@0.000ns fall@10.000ns period=20.000ns})
  Destination:            Prog_Counter/Prog_Count/Q_reg[25]/D
                            (rising edge-triggered cell FDCE clocked by clk  {rise@0.000ns fall@10.000ns period=20.000ns})
  Path Group:             clk
  Path Type:              Setup (Max at Slow Process Corner)
  Requirement:            20.000ns  (clk rise@20.000ns - clk rise@0.000ns)
  Data Path Delay:        18.153ns  (logic 10.397ns (57.276%)  route 7.756ns (42.724%))
  Logic Levels:           25  (CARRY4=13 DSP48E1=2 LUT2=1 LUT3=2 LUT5=3 LUT6=4)
  Clock Path Skew:        -0.110ns (DCD - SCD + CPR)
    Destination Clock Delay (DCD):    3.989ns = ( 23.989 - 20.000 ) 
    Source Clock Delay      (SCD):    4.506ns
    Clock Pessimism Removal (CPR):    0.408ns
  Clock Uncertainty:      0.035ns  ((TSJ^2 + TIJ^2)^1/2 + DJ) / 2 + PE
    Total System Jitter     (TSJ):    0.071ns
    Total Input Jitter      (TIJ):    0.000ns
    Discrete Jitter          (DJ):    0.000ns
    Phase Error              (PE):    0.000ns

    Location             Delay type                Incr(ns)  Path(ns)    Netlist Resource(s)
  -------------------------------------------------------------------    -------------------
                         (clock clk rise edge)        0.000     0.000 r  
    U14                                               0.000     0.000 r  clk (IN)
                         net (fo=0)                   0.000     0.000    clk
    U14                  IBUF (Prop_ibuf_I_O)         1.007     1.007 r  clk_IBUF_inst/O
                         net (fo=1, routed)           1.873     2.880    clk_IBUF
    BUFGCTRL_X0Y16       BUFG (Prop_bufg_I_O)         0.085     2.965 r  clk_IBUF_BUFG_inst/O
                         net (fo=1478, routed)        1.542     4.506    DMEM_Single/DMEM_Pipelined/U0/inst_blk_mem_gen/gnbram.gnativebmg.native_blk_mem_gen/valid.cstr/ramloop[5].ram.r/prim_noinit.ram/clkb
    RAMB36_X4Y10         RAMB36E1                                     r  DMEM_Single/DMEM_Pipelined/U0/inst_blk_mem_gen/gnbram.gnativebmg.native_blk_mem_gen/valid.cstr/ramloop[5].ram.r/prim_noinit.ram/DEVICE_7SERIES.NO_BMM_INFO.SDP.SIMPLE_PRIM36.ram/CLKBWRCLK
  -------------------------------------------------------------------    -------------------
    RAMB36_X4Y10         RAMB36E1 (Prop_ramb36e1_CLKBWRCLK_DOBDO[6])
                                                      2.125     6.631 r  DMEM_Single/DMEM_Pipelined/U0/inst_blk_mem_gen/gnbram.gnativebmg.native_blk_mem_gen/valid.cstr/ramloop[5].ram.r/prim_noinit.ram/DEVICE_7SERIES.NO_BMM_INFO.SDP.SIMPLE_PRIM36.ram/DOBDO[6]
                         net (fo=1, routed)           1.296     7.927    DMEM_Single/DMEM_Pipelined/U0/inst_blk_mem_gen/gnbram.gnativebmg.native_blk_mem_gen/valid.cstr/has_mux_b.B/doutb[15]_1[6]
    SLICE_X105Y55        LUT6 (Prop_lut6_I3_O)        0.105     8.032 r  DMEM_Single/DMEM_Pipelined/U0/inst_blk_mem_gen/gnbram.gnativebmg.native_blk_mem_gen/valid.cstr/has_mux_b.B/doutb[14]_INST_0/O
                         net (fo=4, routed)           1.278     9.310    load/doutb[14]
    SLICE_X89Y69         LUT6 (Prop_lut6_I0_O)        0.105     9.415 r  load/debug_wdata_OBUF[14]_inst_i_3/O
                         net (fo=1, routed)           0.401     9.816    load/debug_wdata_OBUF[14]_inst_i_3_n_0
    SLICE_X88Y69         LUT6 (Prop_lut6_I4_O)        0.105     9.921 r  load/debug_wdata_OBUF[14]_inst_i_2/O
                         net (fo=1, routed)           0.559    10.480    MEM_WB_Reg/DataToReg[14]
    SLICE_X88Y76         LUT5 (Prop_lut5_I4_O)        0.105    10.585 r  MEM_WB_Reg/debug_wdata_OBUF[14]_inst_i_1/O
                         net (fo=36, routed)          0.743    11.328    EX_MEM_Reg/debug_wdata_OBUF[14]
    SLICE_X100Y75        LUT5 (Prop_lut5_I2_O)        0.105    11.433 r  EX_MEM_Reg/ALUResult0__1_i_20/O
                         net (fo=9, routed)           0.648    12.081    ID_EX_Reg/ALUData1[14]
    SLICE_X96Y75         LUT3 (Prop_lut3_I2_O)        0.126    12.207 r  ID_EX_Reg/ALUResult0__1_i_3/O
                         net (fo=18, routed)          0.601    12.809    ALU_Single/A[14]
    DSP48_X3Y28          DSP48E1 (Prop_dsp48e1_A[14]_PCOUT[47])
                                                      3.575    16.384 r  ALU_Single/ALUResult0__1/PCOUT[47]
                         net (fo=1, routed)           0.002    16.386    ALU_Single/ALUResult0__1_n_106
    DSP48_X3Y29          DSP48E1 (Prop_dsp48e1_PCIN[47]_P[0])
                                                      1.271    17.657 r  ALU_Single/ALUResult0__2/P[0]
                         net (fo=4, routed)           0.636    18.292    ALU_Single/ALUResult0__2_n_105
    SLICE_X93Y68         LUT2 (Prop_lut2_I0_O)        0.105    18.397 r  ALU_Single/Q[84]_i_53/O
                         net (fo=1, routed)           0.000    18.397    ALU_Single/Q[84]_i_53_n_0
    SLICE_X93Y68         CARRY4 (Prop_carry4_S[1]_CO[3])
                                                      0.457    18.854 r  ALU_Single/Q_reg[84]_i_46/CO[3]
                         net (fo=1, routed)           0.000    18.854    ALU_Single/Q_reg[84]_i_46_n_0
    SLICE_X93Y69         CARRY4 (Prop_carry4_CI_CO[3])
                                                      0.098    18.952 r  ALU_Single/Q_reg[84]_i_41/CO[3]
                         net (fo=1, routed)           0.000    18.952    ALU_Single/Q_reg[84]_i_41_n_0
    SLICE_X93Y70         CARRY4 (Prop_carry4_CI_CO[3])
                                                      0.098    19.050 r  ALU_Single/Q_reg[84]_i_36/CO[3]
                         net (fo=1, routed)           0.000    19.050    ALU_Single/Q_reg[84]_i_36_n_0
    SLICE_X93Y71         CARRY4 (Prop_carry4_CI_CO[3])
                                                      0.098    19.148 r  ALU_Single/Q_reg[84]_i_14/CO[3]
                         net (fo=1, routed)           0.000    19.148    ALU_Single/Q_reg[84]_i_14_n_0
    SLICE_X93Y72         CARRY4 (Prop_carry4_CI_CO[3])
                                                      0.098    19.246 r  ALU_Single/Q_reg[84]_i_9/CO[3]
                         net (fo=1, routed)           0.000    19.246    ALU_Single/Q_reg[84]_i_9_n_0
    SLICE_X93Y73         CARRY4 (Prop_carry4_CI_CO[3])
                                                      0.098    19.344 r  ALU_Single/Q_reg[88]_i_14/CO[3]
                         net (fo=1, routed)           0.000    19.344    ALU_Single/Q_reg[88]_i_14_n_0
    SLICE_X93Y74         CARRY4 (Prop_carry4_CI_CO[3])
                                                      0.098    19.442 r  ALU_Single/Q_reg[92]_i_14/CO[3]
                         net (fo=1, routed)           0.008    19.450    ALU_Single/Q_reg[92]_i_14_n_0
    SLICE_X93Y75         CARRY4 (Prop_carry4_CI_CO[3])
                                                      0.098    19.548 r  ALU_Single/Q_reg[96]_i_14/CO[3]
                         net (fo=1, routed)           0.000    19.548    ALU_Single/Q_reg[96]_i_14_n_0
    SLICE_X93Y76         CARRY4 (Prop_carry4_CI_CO[3])
                                                      0.098    19.646 r  ALU_Single/Q_reg[104]_i_18/CO[3]
                         net (fo=1, routed)           0.000    19.646    ALU_Single/Q_reg[104]_i_18_n_0
    SLICE_X93Y77         CARRY4 (Prop_carry4_CI_CO[3])
                                                      0.098    19.744 r  ALU_Single/Q_reg[104]_i_7/CO[3]
                         net (fo=1, routed)           0.000    19.744    ALU_Single/Q_reg[104]_i_7_n_0
    SLICE_X93Y78         CARRY4 (Prop_carry4_CI_O[0])
                                                      0.180    19.924 r  ALU_Single/Q_reg[108]_i_10/O[0]
                         net (fo=1, routed)           0.721    20.646    ALU_Single/data8[24]
    SLICE_X96Y79         LUT3 (Prop_lut3_I0_O)        0.269    20.915 r  ALU_Single/Q[105]_i_5/O
                         net (fo=1, routed)           0.488    21.402    ID_EX_Reg/Q_reg[105]_0
    SLICE_X97Y79         LUT6 (Prop_lut6_I1_O)        0.264    21.666 r  ID_EX_Reg/Q[105]_i_2__0/O
                         net (fo=2, routed)           0.374    22.041    ID_EX_Reg/Q[105]_i_2__0_n_0
    SLICE_X99Y76         LUT5 (Prop_lut5_I2_O)        0.105    22.146 r  ID_EX_Reg/Q[21]_i_2/O
                         net (fo=1, routed)           0.000    22.146    ID_EX_Reg/Q[21]_i_2_n_0
    SLICE_X99Y76         CARRY4 (Prop_carry4_S[3]_CO[3])
                                                      0.332    22.478 r  ID_EX_Reg/Q_reg[21]_i_1/CO[3]
                         net (fo=1, routed)           0.000    22.478    ID_EX_Reg/Q_reg[21]_i_1_n_0
    SLICE_X99Y77         CARRY4 (Prop_carry4_CI_O[0])
                                                      0.181    22.659 r  ID_EX_Reg/Q_reg[25]_i_1/O[0]
                         net (fo=1, routed)           0.000    22.659    Prog_Counter/Prog_Count/Q_reg[28]_0[0]
    SLICE_X99Y77         FDCE                                         r  Prog_Counter/Prog_Count/Q_reg[25]/D
  -------------------------------------------------------------------    -------------------

                         (clock clk rise edge)       20.000    20.000 r  
    U14                                               0.000    20.000 r  clk (IN)
                         net (fo=0)                   0.000    20.000    clk
    U14                  IBUF (Prop_ibuf_I_O)         0.875    20.875 r  clk_IBUF_inst/O
                         net (fo=1, routed)           1.701    22.576    clk_IBUF
    BUFGCTRL_X0Y16       BUFG (Prop_bufg_I_O)         0.077    22.653 r  clk_IBUF_BUFG_inst/O
                         net (fo=1478, routed)        1.336    23.989    Prog_Counter/Prog_Count/clk
    SLICE_X99Y77         FDCE                                         r  Prog_Counter/Prog_Count/Q_reg[25]/C
                         clock pessimism              0.408    24.397    
                         clock uncertainty           -0.035    24.361    
    SLICE_X99Y77         FDCE (Setup_fdce_C_D)        0.059    24.420    Prog_Counter/Prog_Count/Q_reg[25]
  -------------------------------------------------------------------
                         required time                         24.420    
                         arrival time                         -22.659    
  -------------------------------------------------------------------
                         slack                                  1.761    

Slack (MET) :             2.066ns  (required time - arrival time)
  Source:                 DMEM_Single/DMEM_Pipelined/U0/inst_blk_mem_gen/gnbram.gnativebmg.native_blk_mem_gen/valid.cstr/ramloop[5].ram.r/prim_noinit.ram/DEVICE_7SERIES.NO_BMM_INFO.SDP.SIMPLE_PRIM36.ram/CLKBWRCLK
                            (rising edge-triggered cell RAMB36E1 clocked by clk  {rise@0.000ns fall@10.000ns period=20.000ns})
  Destination:            Prog_Counter/Prog_Count/Q_reg[24]/D
                            (rising edge-triggered cell FDCE clocked by clk  {rise@0.000ns fall@10.000ns period=20.000ns})
  Path Group:             clk
  Path Type:              Setup (Max at Slow Process Corner)
  Requirement:            20.000ns  (clk rise@20.000ns - clk rise@0.000ns)
  Data Path Delay:        17.846ns  (logic 10.090ns (56.541%)  route 7.756ns (43.459%))
  Logic Levels:           24  (CARRY4=12 DSP48E1=2 LUT2=1 LUT3=2 LUT5=3 LUT6=4)
  Clock Path Skew:        -0.112ns (DCD - SCD + CPR)
    Destination Clock Delay (DCD):    3.987ns = ( 23.987 - 20.000 ) 
    Source Clock Delay      (SCD):    4.506ns
    Clock Pessimism Removal (CPR):    0.408ns
  Clock Uncertainty:      0.035ns  ((TSJ^2 + TIJ^2)^1/2 + DJ) / 2 + PE
    Total System Jitter     (TSJ):    0.071ns
    Total Input Jitter      (TIJ):    0.000ns
    Discrete Jitter          (DJ):    0.000ns
    Phase Error              (PE):    0.000ns

    Location             Delay type                Incr(ns)  Path(ns)    Netlist Resource(s)
  -------------------------------------------------------------------    -------------------
                         (clock clk rise edge)        0.000     0.000 r  
    U14                                               0.000     0.000 r  clk (IN)
                         net (fo=0)                   0.000     0.000    clk
    U14                  IBUF (Prop_ibuf_I_O)         1.007     1.007 r  clk_IBUF_inst/O
                         net (fo=1, routed)           1.873     2.880    clk_IBUF
    BUFGCTRL_X0Y16       BUFG (Prop_bufg_I_O)         0.085     2.965 r  clk_IBUF_BUFG_inst/O
                         net (fo=1478, routed)        1.542     4.506    DMEM_Single/DMEM_Pipelined/U0/inst_blk_mem_gen/gnbram.gnativebmg.native_blk_mem_gen/valid.cstr/ramloop[5].ram.r/prim_noinit.ram/clkb
    RAMB36_X4Y10         RAMB36E1                                     r  DMEM_Single/DMEM_Pipelined/U0/inst_blk_mem_gen/gnbram.gnativebmg.native_blk_mem_gen/valid.cstr/ramloop[5].ram.r/prim_noinit.ram/DEVICE_7SERIES.NO_BMM_INFO.SDP.SIMPLE_PRIM36.ram/CLKBWRCLK
  -------------------------------------------------------------------    -------------------
    RAMB36_X4Y10         RAMB36E1 (Prop_ramb36e1_CLKBWRCLK_DOBDO[6])
                                                      2.125     6.631 r  DMEM_Single/DMEM_Pipelined/U0/inst_blk_mem_gen/gnbram.gnativebmg.native_blk_mem_gen/valid.cstr/ramloop[5].ram.r/prim_noinit.ram/DEVICE_7SERIES.NO_BMM_INFO.SDP.SIMPLE_PRIM36.ram/DOBDO[6]
                         net (fo=1, routed)           1.296     7.927    DMEM_Single/DMEM_Pipelined/U0/inst_blk_mem_gen/gnbram.gnativebmg.native_blk_mem_gen/valid.cstr/has_mux_b.B/doutb[15]_1[6]
    SLICE_X105Y55        LUT6 (Prop_lut6_I3_O)        0.105     8.032 r  DMEM_Single/DMEM_Pipelined/U0/inst_blk_mem_gen/gnbram.gnativebmg.native_blk_mem_gen/valid.cstr/has_mux_b.B/doutb[14]_INST_0/O
                         net (fo=4, routed)           1.278     9.310    load/doutb[14]
    SLICE_X89Y69         LUT6 (Prop_lut6_I0_O)        0.105     9.415 r  load/debug_wdata_OBUF[14]_inst_i_3/O
                         net (fo=1, routed)           0.401     9.816    load/debug_wdata_OBUF[14]_inst_i_3_n_0
    SLICE_X88Y69         LUT6 (Prop_lut6_I4_O)        0.105     9.921 r  load/debug_wdata_OBUF[14]_inst_i_2/O
                         net (fo=1, routed)           0.559    10.480    MEM_WB_Reg/DataToReg[14]
    SLICE_X88Y76         LUT5 (Prop_lut5_I4_O)        0.105    10.585 r  MEM_WB_Reg/debug_wdata_OBUF[14]_inst_i_1/O
                         net (fo=36, routed)          0.743    11.328    EX_MEM_Reg/debug_wdata_OBUF[14]
    SLICE_X100Y75        LUT5 (Prop_lut5_I2_O)        0.105    11.433 r  EX_MEM_Reg/ALUResult0__1_i_20/O
                         net (fo=9, routed)           0.648    12.081    ID_EX_Reg/ALUData1[14]
    SLICE_X96Y75         LUT3 (Prop_lut3_I2_O)        0.126    12.207 r  ID_EX_Reg/ALUResult0__1_i_3/O
                         net (fo=18, routed)          0.601    12.809    ALU_Single/A[14]
    DSP48_X3Y28          DSP48E1 (Prop_dsp48e1_A[14]_PCOUT[47])
                                                      3.575    16.384 r  ALU_Single/ALUResult0__1/PCOUT[47]
                         net (fo=1, routed)           0.002    16.386    ALU_Single/ALUResult0__1_n_106
    DSP48_X3Y29          DSP48E1 (Prop_dsp48e1_PCIN[47]_P[0])
                                                      1.271    17.657 r  ALU_Single/ALUResult0__2/P[0]
                         net (fo=4, routed)           0.636    18.292    ALU_Single/ALUResult0__2_n_105
    SLICE_X93Y68         LUT2 (Prop_lut2_I0_O)        0.105    18.397 r  ALU_Single/Q[84]_i_53/O
                         net (fo=1, routed)           0.000    18.397    ALU_Single/Q[84]_i_53_n_0
    SLICE_X93Y68         CARRY4 (Prop_carry4_S[1]_CO[3])
                                                      0.457    18.854 r  ALU_Single/Q_reg[84]_i_46/CO[3]
                         net (fo=1, routed)           0.000    18.854    ALU_Single/Q_reg[84]_i_46_n_0
    SLICE_X93Y69         CARRY4 (Prop_carry4_CI_CO[3])
                                                      0.098    18.952 r  ALU_Single/Q_reg[84]_i_41/CO[3]
                         net (fo=1, routed)           0.000    18.952    ALU_Single/Q_reg[84]_i_41_n_0
    SLICE_X93Y70         CARRY4 (Prop_carry4_CI_CO[3])
                                                      0.098    19.050 r  ALU_Single/Q_reg[84]_i_36/CO[3]
                         net (fo=1, routed)           0.000    19.050    ALU_Single/Q_reg[84]_i_36_n_0
    SLICE_X93Y71         CARRY4 (Prop_carry4_CI_CO[3])
                                                      0.098    19.148 r  ALU_Single/Q_reg[84]_i_14/CO[3]
                         net (fo=1, routed)           0.000    19.148    ALU_Single/Q_reg[84]_i_14_n_0
    SLICE_X93Y72         CARRY4 (Prop_carry4_CI_CO[3])
                                                      0.098    19.246 r  ALU_Single/Q_reg[84]_i_9/CO[3]
                         net (fo=1, routed)           0.000    19.246    ALU_Single/Q_reg[84]_i_9_n_0
    SLICE_X93Y73         CARRY4 (Prop_carry4_CI_CO[3])
                                                      0.098    19.344 r  ALU_Single/Q_reg[88]_i_14/CO[3]
                         net (fo=1, routed)           0.000    19.344    ALU_Single/Q_reg[88]_i_14_n_0
    SLICE_X93Y74         CARRY4 (Prop_carry4_CI_CO[3])
                                                      0.098    19.442 r  ALU_Single/Q_reg[92]_i_14/CO[3]
                         net (fo=1, routed)           0.008    19.450    ALU_Single/Q_reg[92]_i_14_n_0
    SLICE_X93Y75         CARRY4 (Prop_carry4_CI_CO[3])
                                                      0.098    19.548 r  ALU_Single/Q_reg[96]_i_14/CO[3]
                         net (fo=1, routed)           0.000    19.548    ALU_Single/Q_reg[96]_i_14_n_0
    SLICE_X93Y76         CARRY4 (Prop_carry4_CI_CO[3])
                                                      0.098    19.646 r  ALU_Single/Q_reg[104]_i_18/CO[3]
                         net (fo=1, routed)           0.000    19.646    ALU_Single/Q_reg[104]_i_18_n_0
    SLICE_X93Y77         CARRY4 (Prop_carry4_CI_CO[3])
                                                      0.098    19.744 r  ALU_Single/Q_reg[104]_i_7/CO[3]
                         net (fo=1, routed)           0.000    19.744    ALU_Single/Q_reg[104]_i_7_n_0
    SLICE_X93Y78         CARRY4 (Prop_carry4_CI_O[0])
                                                      0.180    19.924 r  ALU_Single/Q_reg[108]_i_10/O[0]
                         net (fo=1, routed)           0.721    20.646    ALU_Single/data8[24]
    SLICE_X96Y79         LUT3 (Prop_lut3_I0_O)        0.269    20.915 r  ALU_Single/Q[105]_i_5/O
                         net (fo=1, routed)           0.488    21.402    ID_EX_Reg/Q_reg[105]_0
    SLICE_X97Y79         LUT6 (Prop_lut6_I1_O)        0.264    21.666 r  ID_EX_Reg/Q[105]_i_2__0/O
                         net (fo=2, routed)           0.374    22.041    ID_EX_Reg/Q[105]_i_2__0_n_0
    SLICE_X99Y76         LUT5 (Prop_lut5_I2_O)        0.105    22.146 r  ID_EX_Reg/Q[21]_i_2/O
                         net (fo=1, routed)           0.000    22.146    ID_EX_Reg/Q[21]_i_2_n_0
    SLICE_X99Y76         CARRY4 (Prop_carry4_S[3]_O[3])
                                                      0.206    22.352 r  ID_EX_Reg/Q_reg[21]_i_1/O[3]
                         net (fo=1, routed)           0.000    22.352    Prog_Counter/Prog_Count/Q_reg[24]_0[3]
    SLICE_X99Y76         FDCE                                         r  Prog_Counter/Prog_Count/Q_reg[24]/D
  -------------------------------------------------------------------    -------------------

                         (clock clk rise edge)       20.000    20.000 r  
    U14                                               0.000    20.000 r  clk (IN)
                         net (fo=0)                   0.000    20.000    clk
    U14                  IBUF (Prop_ibuf_I_O)         0.875    20.875 r  clk_IBUF_inst/O
                         net (fo=1, routed)           1.701    22.576    clk_IBUF
    BUFGCTRL_X0Y16       BUFG (Prop_bufg_I_O)         0.077    22.653 r  clk_IBUF_BUFG_inst/O
                         net (fo=1478, routed)        1.334    23.987    Prog_Counter/Prog_Count/clk
    SLICE_X99Y76         FDCE                                         r  Prog_Counter/Prog_Count/Q_reg[24]/C
                         clock pessimism              0.408    24.395    
                         clock uncertainty           -0.035    24.359    
    SLICE_X99Y76         FDCE (Setup_fdce_C_D)        0.059    24.418    Prog_Counter/Prog_Count/Q_reg[24]
  -------------------------------------------------------------------
                         required time                         24.418    
                         arrival time                         -22.352    
  -------------------------------------------------------------------
                         slack                                  2.066    

Slack (MET) :             2.147ns  (required time - arrival time)
  Source:                 DMEM_Single/DMEM_Pipelined/U0/inst_blk_mem_gen/gnbram.gnativebmg.native_blk_mem_gen/valid.cstr/ramloop[5].ram.r/prim_noinit.ram/DEVICE_7SERIES.NO_BMM_INFO.SDP.SIMPLE_PRIM36.ram/CLKBWRCLK
                            (rising edge-triggered cell RAMB36E1 clocked by clk  {rise@0.000ns fall@10.000ns period=20.000ns})
  Destination:            Prog_Counter/Prog_Count/Q_reg[22]/D
                            (rising edge-triggered cell FDCE clocked by clk  {rise@0.000ns fall@10.000ns period=20.000ns})
  Path Group:             clk
  Path Type:              Setup (Max at Slow Process Corner)
  Requirement:            20.000ns  (clk rise@20.000ns - clk rise@0.000ns)
  Data Path Delay:        17.765ns  (logic 10.596ns (59.645%)  route 7.169ns (40.355%))
  Logic Levels:           24  (CARRY4=11 DSP48E1=2 LUT2=1 LUT3=2 LUT5=3 LUT6=3 MUXF7=1 MUXF8=1)
  Clock Path Skew:        -0.112ns (DCD - SCD + CPR)
    Destination Clock Delay (DCD):    3.987ns = ( 23.987 - 20.000 ) 
    Source Clock Delay      (SCD):    4.506ns
    Clock Pessimism Removal (CPR):    0.408ns
  Clock Uncertainty:      0.035ns  ((TSJ^2 + TIJ^2)^1/2 + DJ) / 2 + PE
    Total System Jitter     (TSJ):    0.071ns
    Total Input Jitter      (TIJ):    0.000ns
    Discrete Jitter          (DJ):    0.000ns
    Phase Error              (PE):    0.000ns

    Location             Delay type                Incr(ns)  Path(ns)    Netlist Resource(s)
  -------------------------------------------------------------------    -------------------
                         (clock clk rise edge)        0.000     0.000 r  
    U14                                               0.000     0.000 r  clk (IN)
                         net (fo=0)                   0.000     0.000    clk
    U14                  IBUF (Prop_ibuf_I_O)         1.007     1.007 r  clk_IBUF_inst/O
                         net (fo=1, routed)           1.873     2.880    clk_IBUF
    BUFGCTRL_X0Y16       BUFG (Prop_bufg_I_O)         0.085     2.965 r  clk_IBUF_BUFG_inst/O
                         net (fo=1478, routed)        1.542     4.506    DMEM_Single/DMEM_Pipelined/U0/inst_blk_mem_gen/gnbram.gnativebmg.native_blk_mem_gen/valid.cstr/ramloop[5].ram.r/prim_noinit.ram/clkb
    RAMB36_X4Y10         RAMB36E1                                     r  DMEM_Single/DMEM_Pipelined/U0/inst_blk_mem_gen/gnbram.gnativebmg.native_blk_mem_gen/valid.cstr/ramloop[5].ram.r/prim_noinit.ram/DEVICE_7SERIES.NO_BMM_INFO.SDP.SIMPLE_PRIM36.ram/CLKBWRCLK
  -------------------------------------------------------------------    -------------------
    RAMB36_X4Y10         RAMB36E1 (Prop_ramb36e1_CLKBWRCLK_DOBDO[6])
                                                      2.125     6.631 r  DMEM_Single/DMEM_Pipelined/U0/inst_blk_mem_gen/gnbram.gnativebmg.native_blk_mem_gen/valid.cstr/ramloop[5].ram.r/prim_noinit.ram/DEVICE_7SERIES.NO_BMM_INFO.SDP.SIMPLE_PRIM36.ram/DOBDO[6]
                         net (fo=1, routed)           1.296     7.927    DMEM_Single/DMEM_Pipelined/U0/inst_blk_mem_gen/gnbram.gnativebmg.native_blk_mem_gen/valid.cstr/has_mux_b.B/doutb[15]_1[6]
    SLICE_X105Y55        LUT6 (Prop_lut6_I3_O)        0.105     8.032 r  DMEM_Single/DMEM_Pipelined/U0/inst_blk_mem_gen/gnbram.gnativebmg.native_blk_mem_gen/valid.cstr/has_mux_b.B/doutb[14]_INST_0/O
                         net (fo=4, routed)           1.278     9.310    load/doutb[14]
    SLICE_X89Y69         LUT6 (Prop_lut6_I0_O)        0.105     9.415 r  load/debug_wdata_OBUF[14]_inst_i_3/O
                         net (fo=1, routed)           0.401     9.816    load/debug_wdata_OBUF[14]_inst_i_3_n_0
    SLICE_X88Y69         LUT6 (Prop_lut6_I4_O)        0.105     9.921 r  load/debug_wdata_OBUF[14]_inst_i_2/O
                         net (fo=1, routed)           0.559    10.480    MEM_WB_Reg/DataToReg[14]
    SLICE_X88Y76         LUT5 (Prop_lut5_I4_O)        0.105    10.585 r  MEM_WB_Reg/debug_wdata_OBUF[14]_inst_i_1/O
                         net (fo=36, routed)          0.743    11.328    EX_MEM_Reg/debug_wdata_OBUF[14]
    SLICE_X100Y75        LUT5 (Prop_lut5_I2_O)        0.105    11.433 r  EX_MEM_Reg/ALUResult0__1_i_20/O
                         net (fo=9, routed)           0.648    12.081    ID_EX_Reg/ALUData1[14]
    SLICE_X96Y75         LUT3 (Prop_lut3_I2_O)        0.126    12.207 r  ID_EX_Reg/ALUResult0__1_i_3/O
                         net (fo=18, routed)          0.601    12.809    ALU_Single/A[14]
    DSP48_X3Y28          DSP48E1 (Prop_dsp48e1_A[14]_PCOUT[47])
                                                      3.575    16.384 r  ALU_Single/ALUResult0__1/PCOUT[47]
                         net (fo=1, routed)           0.002    16.386    ALU_Single/ALUResult0__1_n_106
    DSP48_X3Y29          DSP48E1 (Prop_dsp48e1_PCIN[47]_P[0])
                                                      1.271    17.657 r  ALU_Single/ALUResult0__2/P[0]
                         net (fo=4, routed)           0.636    18.292    ALU_Single/ALUResult0__2_n_105
    SLICE_X93Y68         LUT2 (Prop_lut2_I0_O)        0.105    18.397 r  ALU_Single/Q[84]_i_53/O
                         net (fo=1, routed)           0.000    18.397    ALU_Single/Q[84]_i_53_n_0
    SLICE_X93Y68         CARRY4 (Prop_carry4_S[1]_CO[3])
                                                      0.457    18.854 r  ALU_Single/Q_reg[84]_i_46/CO[3]
                         net (fo=1, routed)           0.000    18.854    ALU_Single/Q_reg[84]_i_46_n_0
    SLICE_X93Y69         CARRY4 (Prop_carry4_CI_CO[3])
                                                      0.098    18.952 r  ALU_Single/Q_reg[84]_i_41/CO[3]
                         net (fo=1, routed)           0.000    18.952    ALU_Single/Q_reg[84]_i_41_n_0
    SLICE_X93Y70         CARRY4 (Prop_carry4_CI_CO[3])
                                                      0.098    19.050 r  ALU_Single/Q_reg[84]_i_36/CO[3]
                         net (fo=1, routed)           0.000    19.050    ALU_Single/Q_reg[84]_i_36_n_0
    SLICE_X93Y71         CARRY4 (Prop_carry4_CI_CO[3])
                                                      0.098    19.148 r  ALU_Single/Q_reg[84]_i_14/CO[3]
                         net (fo=1, routed)           0.000    19.148    ALU_Single/Q_reg[84]_i_14_n_0
    SLICE_X93Y72         CARRY4 (Prop_carry4_CI_CO[3])
                                                      0.098    19.246 r  ALU_Single/Q_reg[84]_i_9/CO[3]
                         net (fo=1, routed)           0.000    19.246    ALU_Single/Q_reg[84]_i_9_n_0
    SLICE_X93Y73         CARRY4 (Prop_carry4_CI_CO[3])
                                                      0.098    19.344 r  ALU_Single/Q_reg[88]_i_14/CO[3]
                         net (fo=1, routed)           0.000    19.344    ALU_Single/Q_reg[88]_i_14_n_0
    SLICE_X93Y74         CARRY4 (Prop_carry4_CI_O[1])
                                                      0.265    19.609 r  ALU_Single/Q_reg[92]_i_14/O[1]
                         net (fo=1, routed)           0.631    20.241    ALU_Single/data8[9]
    SLICE_X102Y73        LUT3 (Prop_lut3_I0_O)        0.250    20.491 r  ALU_Single/Q[90]_i_5/O
                         net (fo=1, routed)           0.000    20.491    ID_EX_Reg/Q_reg[90]_0
    SLICE_X102Y73        MUXF7 (Prop_muxf7_I0_O)      0.173    20.664 r  ID_EX_Reg/Q_reg[90]_i_3__0/O
                         net (fo=2, routed)           0.000    20.664    ID_EX_Reg/Q_reg[90]_i_3__0_n_0
    SLICE_X102Y73        MUXF8 (Prop_muxf8_I1_O)      0.074    20.738 r  ID_EX_Reg/Q_reg[9]_i_9/O
                         net (fo=1, routed)           0.365    21.103    ID_EX_Reg/Q_reg[9]_i_9_n_0
    SLICE_X99Y73         LUT5 (Prop_lut5_I2_O)        0.259    21.362 r  ID_EX_Reg/Q[9]_i_5/O
                         net (fo=1, routed)           0.000    21.362    ID_EX_Reg/Q[9]_i_5_n_0
    SLICE_X99Y73         CARRY4 (Prop_carry4_S[0]_CO[3])
                                                      0.440    21.802 r  ID_EX_Reg/Q_reg[9]_i_1/CO[3]
                         net (fo=1, routed)           0.000    21.802    ID_EX_Reg/Q_reg[9]_i_1_n_0
    SLICE_X99Y74         CARRY4 (Prop_carry4_CI_CO[3])
                                                      0.098    21.900 r  ID_EX_Reg/Q_reg[13]_i_1/CO[3]
                         net (fo=1, routed)           0.008    21.908    ID_EX_Reg/Q_reg[13]_i_1_n_0
    SLICE_X99Y75         CARRY4 (Prop_carry4_CI_CO[3])
                                                      0.098    22.006 r  ID_EX_Reg/Q_reg[17]_i_1/CO[3]
                         net (fo=1, routed)           0.000    22.006    ID_EX_Reg/Q_reg[17]_i_1_n_0
    SLICE_X99Y76         CARRY4 (Prop_carry4_CI_O[1])
                                                      0.265    22.271 r  ID_EX_Reg/Q_reg[21]_i_1/O[1]
                         net (fo=1, routed)           0.000    22.271    Prog_Counter/Prog_Count/Q_reg[24]_0[1]
    SLICE_X99Y76         FDCE                                         r  Prog_Counter/Prog_Count/Q_reg[22]/D
  -------------------------------------------------------------------    -------------------

                         (clock clk rise edge)       20.000    20.000 r  
    U14                                               0.000    20.000 r  clk (IN)
                         net (fo=0)                   0.000    20.000    clk
    U14                  IBUF (Prop_ibuf_I_O)         0.875    20.875 r  clk_IBUF_inst/O
                         net (fo=1, routed)           1.701    22.576    clk_IBUF
    BUFGCTRL_X0Y16       BUFG (Prop_bufg_I_O)         0.077    22.653 r  clk_IBUF_BUFG_inst/O
                         net (fo=1478, routed)        1.334    23.987    Prog_Counter/Prog_Count/clk
    SLICE_X99Y76         FDCE                                         r  Prog_Counter/Prog_Count/Q_reg[22]/C
                         clock pessimism              0.408    24.395    
                         clock uncertainty           -0.035    24.359    
    SLICE_X99Y76         FDCE (Setup_fdce_C_D)        0.059    24.418    Prog_Counter/Prog_Count/Q_reg[22]
  -------------------------------------------------------------------
                         required time                         24.418    
                         arrival time                         -22.271    
  -------------------------------------------------------------------
                         slack                                  2.147    

Slack (MET) :             2.212ns  (required time - arrival time)
  Source:                 DMEM_Single/DMEM_Pipelined/U0/inst_blk_mem_gen/gnbram.gnativebmg.native_blk_mem_gen/valid.cstr/ramloop[5].ram.r/prim_noinit.ram/DEVICE_7SERIES.NO_BMM_INFO.SDP.SIMPLE_PRIM36.ram/CLKBWRCLK
                            (rising edge-triggered cell RAMB36E1 clocked by clk  {rise@0.000ns fall@10.000ns period=20.000ns})
  Destination:            Prog_Counter/Prog_Count/Q_reg[23]/D
                            (rising edge-triggered cell FDCE clocked by clk  {rise@0.000ns fall@10.000ns period=20.000ns})
  Path Group:             clk
  Path Type:              Setup (Max at Slow Process Corner)
  Requirement:            20.000ns  (clk rise@20.000ns - clk rise@0.000ns)
  Data Path Delay:        17.700ns  (logic 10.531ns (59.497%)  route 7.169ns (40.503%))
  Logic Levels:           24  (CARRY4=11 DSP48E1=2 LUT2=1 LUT3=2 LUT5=3 LUT6=3 MUXF7=1 MUXF8=1)
  Clock Path Skew:        -0.112ns (DCD - SCD + CPR)
    Destination Clock Delay (DCD):    3.987ns = ( 23.987 - 20.000 ) 
    Source Clock Delay      (SCD):    4.506ns
    Clock Pessimism Removal (CPR):    0.408ns
  Clock Uncertainty:      0.035ns  ((TSJ^2 + TIJ^2)^1/2 + DJ) / 2 + PE
    Total System Jitter     (TSJ):    0.071ns
    Total Input Jitter      (TIJ):    0.000ns
    Discrete Jitter          (DJ):    0.000ns
    Phase Error              (PE):    0.000ns

    Location             Delay type                Incr(ns)  Path(ns)    Netlist Resource(s)
  -------------------------------------------------------------------    -------------------
                         (clock clk rise edge)        0.000     0.000 r  
    U14                                               0.000     0.000 r  clk (IN)
                         net (fo=0)                   0.000     0.000    clk
    U14                  IBUF (Prop_ibuf_I_O)         1.007     1.007 r  clk_IBUF_inst/O
                         net (fo=1, routed)           1.873     2.880    clk_IBUF
    BUFGCTRL_X0Y16       BUFG (Prop_bufg_I_O)         0.085     2.965 r  clk_IBUF_BUFG_inst/O
                         net (fo=1478, routed)        1.542     4.506    DMEM_Single/DMEM_Pipelined/U0/inst_blk_mem_gen/gnbram.gnativebmg.native_blk_mem_gen/valid.cstr/ramloop[5].ram.r/prim_noinit.ram/clkb
    RAMB36_X4Y10         RAMB36E1                                     r  DMEM_Single/DMEM_Pipelined/U0/inst_blk_mem_gen/gnbram.gnativebmg.native_blk_mem_gen/valid.cstr/ramloop[5].ram.r/prim_noinit.ram/DEVICE_7SERIES.NO_BMM_INFO.SDP.SIMPLE_PRIM36.ram/CLKBWRCLK
  -------------------------------------------------------------------    -------------------
    RAMB36_X4Y10         RAMB36E1 (Prop_ramb36e1_CLKBWRCLK_DOBDO[6])
                                                      2.125     6.631 r  DMEM_Single/DMEM_Pipelined/U0/inst_blk_mem_gen/gnbram.gnativebmg.native_blk_mem_gen/valid.cstr/ramloop[5].ram.r/prim_noinit.ram/DEVICE_7SERIES.NO_BMM_INFO.SDP.SIMPLE_PRIM36.ram/DOBDO[6]
                         net (fo=1, routed)           1.296     7.927    DMEM_Single/DMEM_Pipelined/U0/inst_blk_mem_gen/gnbram.gnativebmg.native_blk_mem_gen/valid.cstr/has_mux_b.B/doutb[15]_1[6]
    SLICE_X105Y55        LUT6 (Prop_lut6_I3_O)        0.105     8.032 r  DMEM_Single/DMEM_Pipelined/U0/inst_blk_mem_gen/gnbram.gnativebmg.native_blk_mem_gen/valid.cstr/has_mux_b.B/doutb[14]_INST_0/O
                         net (fo=4, routed)           1.278     9.310    load/doutb[14]
    SLICE_X89Y69         LUT6 (Prop_lut6_I0_O)        0.105     9.415 r  load/debug_wdata_OBUF[14]_inst_i_3/O
                         net (fo=1, routed)           0.401     9.816    load/debug_wdata_OBUF[14]_inst_i_3_n_0
    SLICE_X88Y69         LUT6 (Prop_lut6_I4_O)        0.105     9.921 r  load/debug_wdata_OBUF[14]_inst_i_2/O
                         net (fo=1, routed)           0.559    10.480    MEM_WB_Reg/DataToReg[14]
    SLICE_X88Y76         LUT5 (Prop_lut5_I4_O)        0.105    10.585 r  MEM_WB_Reg/debug_wdata_OBUF[14]_inst_i_1/O
                         net (fo=36, routed)          0.743    11.328    EX_MEM_Reg/debug_wdata_OBUF[14]
    SLICE_X100Y75        LUT5 (Prop_lut5_I2_O)        0.105    11.433 r  EX_MEM_Reg/ALUResult0__1_i_20/O
                         net (fo=9, routed)           0.648    12.081    ID_EX_Reg/ALUData1[14]
    SLICE_X96Y75         LUT3 (Prop_lut3_I2_O)        0.126    12.207 r  ID_EX_Reg/ALUResult0__1_i_3/O
                         net (fo=18, routed)          0.601    12.809    ALU_Single/A[14]
    DSP48_X3Y28          DSP48E1 (Prop_dsp48e1_A[14]_PCOUT[47])
                                                      3.575    16.384 r  ALU_Single/ALUResult0__1/PCOUT[47]
                         net (fo=1, routed)           0.002    16.386    ALU_Single/ALUResult0__1_n_106
    DSP48_X3Y29          DSP48E1 (Prop_dsp48e1_PCIN[47]_P[0])
                                                      1.271    17.657 r  ALU_Single/ALUResult0__2/P[0]
                         net (fo=4, routed)           0.636    18.292    ALU_Single/ALUResult0__2_n_105
    SLICE_X93Y68         LUT2 (Prop_lut2_I0_O)        0.105    18.397 r  ALU_Single/Q[84]_i_53/O
                         net (fo=1, routed)           0.000    18.397    ALU_Single/Q[84]_i_53_n_0
    SLICE_X93Y68         CARRY4 (Prop_carry4_S[1]_CO[3])
                                                      0.457    18.854 r  ALU_Single/Q_reg[84]_i_46/CO[3]
                         net (fo=1, routed)           0.000    18.854    ALU_Single/Q_reg[84]_i_46_n_0
    SLICE_X93Y69         CARRY4 (Prop_carry4_CI_CO[3])
                                                      0.098    18.952 r  ALU_Single/Q_reg[84]_i_41/CO[3]
                         net (fo=1, routed)           0.000    18.952    ALU_Single/Q_reg[84]_i_41_n_0
    SLICE_X93Y70         CARRY4 (Prop_carry4_CI_CO[3])
                                                      0.098    19.050 r  ALU_Single/Q_reg[84]_i_36/CO[3]
                         net (fo=1, routed)           0.000    19.050    ALU_Single/Q_reg[84]_i_36_n_0
    SLICE_X93Y71         CARRY4 (Prop_carry4_CI_CO[3])
                                                      0.098    19.148 r  ALU_Single/Q_reg[84]_i_14/CO[3]
                         net (fo=1, routed)           0.000    19.148    ALU_Single/Q_reg[84]_i_14_n_0
    SLICE_X93Y72         CARRY4 (Prop_carry4_CI_CO[3])
                                                      0.098    19.246 r  ALU_Single/Q_reg[84]_i_9/CO[3]
                         net (fo=1, routed)           0.000    19.246    ALU_Single/Q_reg[84]_i_9_n_0
    SLICE_X93Y73         CARRY4 (Prop_carry4_CI_CO[3])
                                                      0.098    19.344 r  ALU_Single/Q_reg[88]_i_14/CO[3]
                         net (fo=1, routed)           0.000    19.344    ALU_Single/Q_reg[88]_i_14_n_0
    SLICE_X93Y74         CARRY4 (Prop_carry4_CI_O[1])
                                                      0.265    19.609 r  ALU_Single/Q_reg[92]_i_14/O[1]
                         net (fo=1, routed)           0.631    20.241    ALU_Single/data8[9]
    SLICE_X102Y73        LUT3 (Prop_lut3_I0_O)        0.250    20.491 r  ALU_Single/Q[90]_i_5/O
                         net (fo=1, routed)           0.000    20.491    ID_EX_Reg/Q_reg[90]_0
    SLICE_X102Y73        MUXF7 (Prop_muxf7_I0_O)      0.173    20.664 r  ID_EX_Reg/Q_reg[90]_i_3__0/O
                         net (fo=2, routed)           0.000    20.664    ID_EX_Reg/Q_reg[90]_i_3__0_n_0
    SLICE_X102Y73        MUXF8 (Prop_muxf8_I1_O)      0.074    20.738 r  ID_EX_Reg/Q_reg[9]_i_9/O
                         net (fo=1, routed)           0.365    21.103    ID_EX_Reg/Q_reg[9]_i_9_n_0
    SLICE_X99Y73         LUT5 (Prop_lut5_I2_O)        0.259    21.362 r  ID_EX_Reg/Q[9]_i_5/O
                         net (fo=1, routed)           0.000    21.362    ID_EX_Reg/Q[9]_i_5_n_0
    SLICE_X99Y73         CARRY4 (Prop_carry4_S[0]_CO[3])
                                                      0.440    21.802 r  ID_EX_Reg/Q_reg[9]_i_1/CO[3]
                         net (fo=1, routed)           0.000    21.802    ID_EX_Reg/Q_reg[9]_i_1_n_0
    SLICE_X99Y74         CARRY4 (Prop_carry4_CI_CO[3])
                                                      0.098    21.900 r  ID_EX_Reg/Q_reg[13]_i_1/CO[3]
                         net (fo=1, routed)           0.008    21.908    ID_EX_Reg/Q_reg[13]_i_1_n_0
    SLICE_X99Y75         CARRY4 (Prop_carry4_CI_CO[3])
                                                      0.098    22.006 r  ID_EX_Reg/Q_reg[17]_i_1/CO[3]
                         net (fo=1, routed)           0.000    22.006    ID_EX_Reg/Q_reg[17]_i_1_n_0
    SLICE_X99Y76         CARRY4 (Prop_carry4_CI_O[2])
                                                      0.200    22.206 r  ID_EX_Reg/Q_reg[21]_i_1/O[2]
                         net (fo=1, routed)           0.000    22.206    Prog_Counter/Prog_Count/Q_reg[24]_0[2]
    SLICE_X99Y76         FDCE                                         r  Prog_Counter/Prog_Count/Q_reg[23]/D
  -------------------------------------------------------------------    -------------------

                         (clock clk rise edge)       20.000    20.000 r  
    U14                                               0.000    20.000 r  clk (IN)
                         net (fo=0)                   0.000    20.000    clk
    U14                  IBUF (Prop_ibuf_I_O)         0.875    20.875 r  clk_IBUF_inst/O
                         net (fo=1, routed)           1.701    22.576    clk_IBUF
    BUFGCTRL_X0Y16       BUFG (Prop_bufg_I_O)         0.077    22.653 r  clk_IBUF_BUFG_inst/O
                         net (fo=1478, routed)        1.334    23.987    Prog_Counter/Prog_Count/clk
    SLICE_X99Y76         FDCE                                         r  Prog_Counter/Prog_Count/Q_reg[23]/C
                         clock pessimism              0.408    24.395    
                         clock uncertainty           -0.035    24.359    
    SLICE_X99Y76         FDCE (Setup_fdce_C_D)        0.059    24.418    Prog_Counter/Prog_Count/Q_reg[23]
  -------------------------------------------------------------------
                         required time                         24.418    
                         arrival time                         -22.206    
  -------------------------------------------------------------------
                         slack                                  2.212    





Min Delay Paths
--------------------------------------------------------------------------------------
Slack (MET) :             0.157ns  (arrival time - required time)
  Source:                 EX_MEM_Reg/Q_reg[136]/C
                            (rising edge-triggered cell FDCE clocked by clk  {rise@0.000ns fall@10.000ns period=20.000ns})
  Destination:            MEM_WB_Reg/Q_reg[72]/D
                            (rising edge-triggered cell FDCE clocked by clk  {rise@0.000ns fall@10.000ns period=20.000ns})
  Path Group:             clk
  Path Type:              Hold (Min at Fast Process Corner)
  Requirement:            0.000ns  (clk rise@0.000ns - clk rise@0.000ns)
  Data Path Delay:        0.304ns  (logic 0.251ns (82.445%)  route 0.053ns (17.555%))
  Logic Levels:           1  (CARRY4=1)
  Clock Path Skew:        0.013ns (DCD - SCD - CPR)
    Destination Clock Delay (DCD):    2.116ns
    Source Clock Delay      (SCD):    1.598ns
    Clock Pessimism Removal (CPR):    0.505ns

    Location             Delay type                Incr(ns)  Path(ns)    Netlist Resource(s)
  -------------------------------------------------------------------    -------------------
                         (clock clk rise edge)        0.000     0.000 r  
    U14                                               0.000     0.000 r  clk (IN)
                         net (fo=0)                   0.000     0.000    clk
    U14                  IBUF (Prop_ibuf_I_O)         0.302     0.302 r  clk_IBUF_inst/O
                         net (fo=1, routed)           0.674     0.976    clk_IBUF
    BUFGCTRL_X0Y16       BUFG (Prop_bufg_I_O)         0.026     1.002 r  clk_IBUF_BUFG_inst/O
                         net (fo=1478, routed)        0.596     1.598    EX_MEM_Reg/clk
    SLICE_X91Y78         FDCE                                         r  EX_MEM_Reg/Q_reg[136]/C
  -------------------------------------------------------------------    -------------------
    SLICE_X91Y78         FDCE (Prop_fdce_C_Q)         0.141     1.739 r  EX_MEM_Reg/Q_reg[136]/Q
                         net (fo=1, routed)           0.053     1.793    EX_MEM_Reg/PipeReg3_Out[136]
    SLICE_X90Y78         CARRY4 (Prop_carry4_S[2]_O[2])
                                                      0.110     1.903 r  EX_MEM_Reg/Q_reg[73]_i_1/O[2]
                         net (fo=1, routed)           0.000     1.903    MEM_WB_Reg/PC_Plus_4_WB[22]
    SLICE_X90Y78         FDCE                                         r  MEM_WB_Reg/Q_reg[72]/D
  -------------------------------------------------------------------    -------------------

                         (clock clk rise edge)        0.000     0.000 r  
    U14                                               0.000     0.000 r  clk (IN)
                         net (fo=0)                   0.000     0.000    clk
    U14                  IBUF (Prop_ibuf_I_O)         0.492     0.492 r  clk_IBUF_inst/O
                         net (fo=1, routed)           0.731     1.223    clk_IBUF
    BUFGCTRL_X0Y16       BUFG (Prop_bufg_I_O)         0.029     1.252 r  clk_IBUF_BUFG_inst/O
                         net (fo=1478, routed)        0.864     2.116    MEM_WB_Reg/clk
    SLICE_X90Y78         FDCE                                         r  MEM_WB_Reg/Q_reg[72]/C
                         clock pessimism             -0.505     1.611    
    SLICE_X90Y78         FDCE (Hold_fdce_C_D)         0.134     1.745    MEM_WB_Reg/Q_reg[72]
  -------------------------------------------------------------------
                         required time                         -1.745    
                         arrival time                           1.903    
  -------------------------------------------------------------------
                         slack                                  0.157    

Slack (MET) :             0.159ns  (arrival time - required time)
  Source:                 ID_EX_Reg/Q_reg[2]/C
                            (rising edge-triggered cell FDCE clocked by clk  {rise@0.000ns fall@10.000ns period=20.000ns})
  Destination:            EX_MEM_Reg/Q_reg[2]/D
                            (rising edge-triggered cell FDCE clocked by clk  {rise@0.000ns fall@10.000ns period=20.000ns})
  Path Group:             clk
  Path Type:              Hold (Min at Fast Process Corner)
  Requirement:            0.000ns  (clk rise@0.000ns - clk rise@0.000ns)
  Data Path Delay:        0.219ns  (logic 0.164ns (74.792%)  route 0.055ns (25.208%))
  Logic Levels:           0  
  Clock Path Skew:        0.000ns (DCD - SCD - CPR)
    Destination Clock Delay (DCD):    2.123ns
    Source Clock Delay      (SCD):    1.604ns
    Clock Pessimism Removal (CPR):    0.519ns

    Location             Delay type                Incr(ns)  Path(ns)    Netlist Resource(s)
  -------------------------------------------------------------------    -------------------
                         (clock clk rise edge)        0.000     0.000 r  
    U14                                               0.000     0.000 r  clk (IN)
                         net (fo=0)                   0.000     0.000    clk
    U14                  IBUF (Prop_ibuf_I_O)         0.302     0.302 r  clk_IBUF_inst/O
                         net (fo=1, routed)           0.674     0.976    clk_IBUF
    BUFGCTRL_X0Y16       BUFG (Prop_bufg_I_O)         0.026     1.002 r  clk_IBUF_BUFG_inst/O
                         net (fo=1478, routed)        0.602     1.604    ID_EX_Reg/clk
    SLICE_X90Y64         FDCE                                         r  ID_EX_Reg/Q_reg[2]/C
  -------------------------------------------------------------------    -------------------
    SLICE_X90Y64         FDCE (Prop_fdce_C_Q)         0.164     1.768 r  ID_EX_Reg/Q_reg[2]/Q
                         net (fo=1, routed)           0.055     1.823    EX_MEM_Reg/PipeReg2_Out[2]
    SLICE_X90Y64         FDCE                                         r  EX_MEM_Reg/Q_reg[2]/D
  -------------------------------------------------------------------    -------------------

                         (clock clk rise edge)        0.000     0.000 r  
    U14                                               0.000     0.000 r  clk (IN)
                         net (fo=0)                   0.000     0.000    clk
    U14                  IBUF (Prop_ibuf_I_O)         0.492     0.492 r  clk_IBUF_inst/O
                         net (fo=1, routed)           0.731     1.223    clk_IBUF
    BUFGCTRL_X0Y16       BUFG (Prop_bufg_I_O)         0.029     1.252 r  clk_IBUF_BUFG_inst/O
                         net (fo=1478, routed)        0.871     2.123    EX_MEM_Reg/clk
    SLICE_X90Y64         FDCE                                         r  EX_MEM_Reg/Q_reg[2]/C
                         clock pessimism             -0.519     1.604    
    SLICE_X90Y64         FDCE (Hold_fdce_C_D)         0.060     1.664    EX_MEM_Reg/Q_reg[2]
  -------------------------------------------------------------------
                         required time                         -1.664    
                         arrival time                           1.823    
  -------------------------------------------------------------------
                         slack                                  0.159    

Slack (MET) :             0.159ns  (arrival time - required time)
  Source:                 Prog_Counter/Prog_Count/Q_reg[7]/C
                            (rising edge-triggered cell FDCE clocked by clk  {rise@0.000ns fall@10.000ns period=20.000ns})
  Destination:            IMEM_single/IMEM_Pipelined/U0/inst_blk_mem_gen/gnbram.gnativebmg.native_blk_mem_gen/valid.cstr/ramloop[1].ram.r/prim_init.ram/DEVICE_7SERIES.NO_BMM_INFO.SP.SIMPLE_PRIM36.ram/ADDRARDADDR[6]
                            (rising edge-triggered cell RAMB36E1 clocked by clk  {rise@0.000ns fall@10.000ns period=20.000ns})
  Path Group:             clk
  Path Type:              Hold (Min at Fast Process Corner)
  Requirement:            0.000ns  (clk rise@0.000ns - clk rise@0.000ns)
  Data Path Delay:        0.413ns  (logic 0.141ns (34.127%)  route 0.272ns (65.873%))
  Logic Levels:           0  
  Clock Path Skew:        0.071ns (DCD - SCD - CPR)
    Destination Clock Delay (DCD):    2.155ns
    Source Clock Delay      (SCD):    1.600ns
    Clock Pessimism Removal (CPR):    0.484ns

    Location             Delay type                Incr(ns)  Path(ns)    Netlist Resource(s)
  -------------------------------------------------------------------    -------------------
                         (clock clk rise edge)        0.000     0.000 r  
    U14                                               0.000     0.000 r  clk (IN)
                         net (fo=0)                   0.000     0.000    clk
    U14                  IBUF (Prop_ibuf_I_O)         0.302     0.302 r  clk_IBUF_inst/O
                         net (fo=1, routed)           0.674     0.976    clk_IBUF
    BUFGCTRL_X0Y16       BUFG (Prop_bufg_I_O)         0.026     1.002 r  clk_IBUF_BUFG_inst/O
                         net (fo=1478, routed)        0.598     1.600    Prog_Counter/Prog_Count/clk
    SLICE_X99Y72         FDCE                                         r  Prog_Counter/Prog_Count/Q_reg[7]/C
  -------------------------------------------------------------------    -------------------
    SLICE_X99Y72         FDCE (Prop_fdce_C_Q)         0.141     1.741 r  Prog_Counter/Prog_Count/Q_reg[7]/Q
                         net (fo=18, routed)          0.272     2.013    IMEM_single/IMEM_Pipelined/U0/inst_blk_mem_gen/gnbram.gnativebmg.native_blk_mem_gen/valid.cstr/ramloop[1].ram.r/prim_init.ram/addra[5]
    RAMB36_X5Y14         RAMB36E1                                     r  IMEM_single/IMEM_Pipelined/U0/inst_blk_mem_gen/gnbram.gnativebmg.native_blk_mem_gen/valid.cstr/ramloop[1].ram.r/prim_init.ram/DEVICE_7SERIES.NO_BMM_INFO.SP.SIMPLE_PRIM36.ram/ADDRARDADDR[6]
  -------------------------------------------------------------------    -------------------

                         (clock clk rise edge)        0.000     0.000 r  
    U14                                               0.000     0.000 r  clk (IN)
                         net (fo=0)                   0.000     0.000    clk
    U14                  IBUF (Prop_ibuf_I_O)         0.492     0.492 r  clk_IBUF_inst/O
                         net (fo=1, routed)           0.731     1.223    clk_IBUF
    BUFGCTRL_X0Y16       BUFG (Prop_bufg_I_O)         0.029     1.252 r  clk_IBUF_BUFG_inst/O
                         net (fo=1478, routed)        0.903     2.155    IMEM_single/IMEM_Pipelined/U0/inst_blk_mem_gen/gnbram.gnativebmg.native_blk_mem_gen/valid.cstr/ramloop[1].ram.r/prim_init.ram/clka
    RAMB36_X5Y14         RAMB36E1                                     r  IMEM_single/IMEM_Pipelined/U0/inst_blk_mem_gen/gnbram.gnativebmg.native_blk_mem_gen/valid.cstr/ramloop[1].ram.r/prim_init.ram/DEVICE_7SERIES.NO_BMM_INFO.SP.SIMPLE_PRIM36.ram/CLKARDCLK
                         clock pessimism             -0.484     1.671    
    RAMB36_X5Y14         RAMB36E1 (Hold_ramb36e1_CLKARDCLK_ADDRARDADDR[6])
                                                      0.183     1.854    IMEM_single/IMEM_Pipelined/U0/inst_blk_mem_gen/gnbram.gnativebmg.native_blk_mem_gen/valid.cstr/ramloop[1].ram.r/prim_init.ram/DEVICE_7SERIES.NO_BMM_INFO.SP.SIMPLE_PRIM36.ram
  -------------------------------------------------------------------
                         required time                         -1.854    
                         arrival time                           2.013    
  -------------------------------------------------------------------
                         slack                                  0.159    

Slack (MET) :             0.162ns  (arrival time - required time)
  Source:                 Prog_Counter/Prog_Count/Q_reg[8]/C
                            (rising edge-triggered cell FDCE clocked by clk  {rise@0.000ns fall@10.000ns period=20.000ns})
  Destination:            IMEM_single/IMEM_Pipelined/U0/inst_blk_mem_gen/gnbram.gnativebmg.native_blk_mem_gen/valid.cstr/ramloop[1].ram.r/prim_init.ram/DEVICE_7SERIES.NO_BMM_INFO.SP.SIMPLE_PRIM36.ram/ADDRARDADDR[7]
                            (rising edge-triggered cell RAMB36E1 clocked by clk  {rise@0.000ns fall@10.000ns period=20.000ns})
  Path Group:             clk
  Path Type:              Hold (Min at Fast Process Corner)
  Requirement:            0.000ns  (clk rise@0.000ns - clk rise@0.000ns)
  Data Path Delay:        0.415ns  (logic 0.141ns (33.938%)  route 0.274ns (66.062%))
  Logic Levels:           0  
  Clock Path Skew:        0.071ns (DCD - SCD - CPR)
    Destination Clock Delay (DCD):    2.155ns
    Source Clock Delay      (SCD):    1.600ns
    Clock Pessimism Removal (CPR):    0.484ns

    Location             Delay type                Incr(ns)  Path(ns)    Netlist Resource(s)
  -------------------------------------------------------------------    -------------------
                         (clock clk rise edge)        0.000     0.000 r  
    U14                                               0.000     0.000 r  clk (IN)
                         net (fo=0)                   0.000     0.000    clk
    U14                  IBUF (Prop_ibuf_I_O)         0.302     0.302 r  clk_IBUF_inst/O
                         net (fo=1, routed)           0.674     0.976    clk_IBUF
    BUFGCTRL_X0Y16       BUFG (Prop_bufg_I_O)         0.026     1.002 r  clk_IBUF_BUFG_inst/O
                         net (fo=1478, routed)        0.598     1.600    Prog_Counter/Prog_Count/clk
    SLICE_X99Y72         FDCE                                         r  Prog_Counter/Prog_Count/Q_reg[8]/C
  -------------------------------------------------------------------    -------------------
    SLICE_X99Y72         FDCE (Prop_fdce_C_Q)         0.141     1.741 r  Prog_Counter/Prog_Count/Q_reg[8]/Q
                         net (fo=18, routed)          0.274     2.016    IMEM_single/IMEM_Pipelined/U0/inst_blk_mem_gen/gnbram.gnativebmg.native_blk_mem_gen/valid.cstr/ramloop[1].ram.r/prim_init.ram/addra[6]
    RAMB36_X5Y14         RAMB36E1                                     r  IMEM_single/IMEM_Pipelined/U0/inst_blk_mem_gen/gnbram.gnativebmg.native_blk_mem_gen/valid.cstr/ramloop[1].ram.r/prim_init.ram/DEVICE_7SERIES.NO_BMM_INFO.SP.SIMPLE_PRIM36.ram/ADDRARDADDR[7]
  -------------------------------------------------------------------    -------------------

                         (clock clk rise edge)        0.000     0.000 r  
    U14                                               0.000     0.000 r  clk (IN)
                         net (fo=0)                   0.000     0.000    clk
    U14                  IBUF (Prop_ibuf_I_O)         0.492     0.492 r  clk_IBUF_inst/O
                         net (fo=1, routed)           0.731     1.223    clk_IBUF
    BUFGCTRL_X0Y16       BUFG (Prop_bufg_I_O)         0.029     1.252 r  clk_IBUF_BUFG_inst/O
                         net (fo=1478, routed)        0.903     2.155    IMEM_single/IMEM_Pipelined/U0/inst_blk_mem_gen/gnbram.gnativebmg.native_blk_mem_gen/valid.cstr/ramloop[1].ram.r/prim_init.ram/clka
    RAMB36_X5Y14         RAMB36E1                                     r  IMEM_single/IMEM_Pipelined/U0/inst_blk_mem_gen/gnbram.gnativebmg.native_blk_mem_gen/valid.cstr/ramloop[1].ram.r/prim_init.ram/DEVICE_7SERIES.NO_BMM_INFO.SP.SIMPLE_PRIM36.ram/CLKARDCLK
                         clock pessimism             -0.484     1.671    
    RAMB36_X5Y14         RAMB36E1 (Hold_ramb36e1_CLKARDCLK_ADDRARDADDR[7])
                                                      0.183     1.854    IMEM_single/IMEM_Pipelined/U0/inst_blk_mem_gen/gnbram.gnativebmg.native_blk_mem_gen/valid.cstr/ramloop[1].ram.r/prim_init.ram/DEVICE_7SERIES.NO_BMM_INFO.SP.SIMPLE_PRIM36.ram
  -------------------------------------------------------------------
                         required time                         -1.854    
                         arrival time                           2.016    
  -------------------------------------------------------------------
                         slack                                  0.162    

Slack (MET) :             0.168ns  (arrival time - required time)
  Source:                 EX_MEM_Reg/Q_reg[1]/C
                            (rising edge-triggered cell FDCE clocked by clk  {rise@0.000ns fall@10.000ns period=20.000ns})
  Destination:            MEM_WB_Reg/Q_reg[1]/D
                            (rising edge-triggered cell FDCE clocked by clk  {rise@0.000ns fall@10.000ns period=20.000ns})
  Path Group:             clk
  Path Type:              Hold (Min at Fast Process Corner)
  Requirement:            0.000ns  (clk rise@0.000ns - clk rise@0.000ns)
  Data Path Delay:        0.251ns  (logic 0.141ns (56.078%)  route 0.110ns (43.922%))
  Logic Levels:           0  
  Clock Path Skew:        0.013ns (DCD - SCD - CPR)
    Destination Clock Delay (DCD):    2.096ns
    Source Clock Delay      (SCD):    1.579ns
    Clock Pessimism Removal (CPR):    0.504ns

    Location             Delay type                Incr(ns)  Path(ns)    Netlist Resource(s)
  -------------------------------------------------------------------    -------------------
                         (clock clk rise edge)        0.000     0.000 r  
    U14                                               0.000     0.000 r  clk (IN)
                         net (fo=0)                   0.000     0.000    clk
    U14                  IBUF (Prop_ibuf_I_O)         0.302     0.302 r  clk_IBUF_inst/O
                         net (fo=1, routed)           0.674     0.976    clk_IBUF
    BUFGCTRL_X0Y16       BUFG (Prop_bufg_I_O)         0.026     1.002 r  clk_IBUF_BUFG_inst/O
                         net (fo=1478, routed)        0.577     1.579    EX_MEM_Reg/clk
    SLICE_X87Y67         FDCE                                         r  EX_MEM_Reg/Q_reg[1]/C
  -------------------------------------------------------------------    -------------------
    SLICE_X87Y67         FDCE (Prop_fdce_C_Q)         0.141     1.720 r  EX_MEM_Reg/Q_reg[1]/Q
                         net (fo=1, routed)           0.110     1.831    MEM_WB_Reg/Q_reg[49]_1[1]
    SLICE_X87Y68         FDCE                                         r  MEM_WB_Reg/Q_reg[1]/D
  -------------------------------------------------------------------    -------------------

                         (clock clk rise edge)        0.000     0.000 r  
    U14                                               0.000     0.000 r  clk (IN)
                         net (fo=0)                   0.000     0.000    clk
    U14                  IBUF (Prop_ibuf_I_O)         0.492     0.492 r  clk_IBUF_inst/O
                         net (fo=1, routed)           0.731     1.223    clk_IBUF
    BUFGCTRL_X0Y16       BUFG (Prop_bufg_I_O)         0.029     1.252 r  clk_IBUF_BUFG_inst/O
                         net (fo=1478, routed)        0.844     2.096    MEM_WB_Reg/clk
    SLICE_X87Y68         FDCE                                         r  MEM_WB_Reg/Q_reg[1]/C
                         clock pessimism             -0.504     1.592    
    SLICE_X87Y68         FDCE (Hold_fdce_C_D)         0.070     1.662    MEM_WB_Reg/Q_reg[1]
  -------------------------------------------------------------------
                         required time                         -1.662    
                         arrival time                           1.831    
  -------------------------------------------------------------------
                         slack                                  0.168    

Slack (MET) :             0.174ns  (arrival time - required time)
  Source:                 Prog_Counter/Prog_Count/Q_reg[3]/C
                            (rising edge-triggered cell FDCE clocked by clk  {rise@0.000ns fall@10.000ns period=20.000ns})
  Destination:            IMEM_single/IMEM_Pipelined/U0/inst_blk_mem_gen/gnbram.gnativebmg.native_blk_mem_gen/valid.cstr/ramloop[1].ram.r/prim_init.ram/DEVICE_7SERIES.NO_BMM_INFO.SP.SIMPLE_PRIM36.ram/ADDRARDADDR[2]
                            (rising edge-triggered cell RAMB36E1 clocked by clk  {rise@0.000ns fall@10.000ns period=20.000ns})
  Path Group:             clk
  Path Type:              Hold (Min at Fast Process Corner)
  Requirement:            0.000ns  (clk rise@0.000ns - clk rise@0.000ns)
  Data Path Delay:        0.427ns  (logic 0.141ns (32.986%)  route 0.286ns (67.014%))
  Logic Levels:           0  
  Clock Path Skew:        0.071ns (DCD - SCD - CPR)
    Destination Clock Delay (DCD):    2.155ns
    Source Clock Delay      (SCD):    1.600ns
    Clock Pessimism Removal (CPR):    0.484ns

    Location             Delay type                Incr(ns)  Path(ns)    Netlist Resource(s)
  -------------------------------------------------------------------    -------------------
                         (clock clk rise edge)        0.000     0.000 r  
    U14                                               0.000     0.000 r  clk (IN)
                         net (fo=0)                   0.000     0.000    clk
    U14                  IBUF (Prop_ibuf_I_O)         0.302     0.302 r  clk_IBUF_inst/O
                         net (fo=1, routed)           0.674     0.976    clk_IBUF
    BUFGCTRL_X0Y16       BUFG (Prop_bufg_I_O)         0.026     1.002 r  clk_IBUF_BUFG_inst/O
                         net (fo=1478, routed)        0.598     1.600    Prog_Counter/Prog_Count/clk
    SLICE_X99Y71         FDCE                                         r  Prog_Counter/Prog_Count/Q_reg[3]/C
  -------------------------------------------------------------------    -------------------
    SLICE_X99Y71         FDCE (Prop_fdce_C_Q)         0.141     1.741 r  Prog_Counter/Prog_Count/Q_reg[3]/Q
                         net (fo=18, routed)          0.286     2.028    IMEM_single/IMEM_Pipelined/U0/inst_blk_mem_gen/gnbram.gnativebmg.native_blk_mem_gen/valid.cstr/ramloop[1].ram.r/prim_init.ram/addra[1]
    RAMB36_X5Y14         RAMB36E1                                     r  IMEM_single/IMEM_Pipelined/U0/inst_blk_mem_gen/gnbram.gnativebmg.native_blk_mem_gen/valid.cstr/ramloop[1].ram.r/prim_init.ram/DEVICE_7SERIES.NO_BMM_INFO.SP.SIMPLE_PRIM36.ram/ADDRARDADDR[2]
  -------------------------------------------------------------------    -------------------

                         (clock clk rise edge)        0.000     0.000 r  
    U14                                               0.000     0.000 r  clk (IN)
                         net (fo=0)                   0.000     0.000    clk
    U14                  IBUF (Prop_ibuf_I_O)         0.492     0.492 r  clk_IBUF_inst/O
                         net (fo=1, routed)           0.731     1.223    clk_IBUF
    BUFGCTRL_X0Y16       BUFG (Prop_bufg_I_O)         0.029     1.252 r  clk_IBUF_BUFG_inst/O
                         net (fo=1478, routed)        0.903     2.155    IMEM_single/IMEM_Pipelined/U0/inst_blk_mem_gen/gnbram.gnativebmg.native_blk_mem_gen/valid.cstr/ramloop[1].ram.r/prim_init.ram/clka
    RAMB36_X5Y14         RAMB36E1                                     r  IMEM_single/IMEM_Pipelined/U0/inst_blk_mem_gen/gnbram.gnativebmg.native_blk_mem_gen/valid.cstr/ramloop[1].ram.r/prim_init.ram/DEVICE_7SERIES.NO_BMM_INFO.SP.SIMPLE_PRIM36.ram/CLKARDCLK
                         clock pessimism             -0.484     1.671    
    RAMB36_X5Y14         RAMB36E1 (Hold_ramb36e1_CLKARDCLK_ADDRARDADDR[2])
                                                      0.183     1.854    IMEM_single/IMEM_Pipelined/U0/inst_blk_mem_gen/gnbram.gnativebmg.native_blk_mem_gen/valid.cstr/ramloop[1].ram.r/prim_init.ram/DEVICE_7SERIES.NO_BMM_INFO.SP.SIMPLE_PRIM36.ram
  -------------------------------------------------------------------
                         required time                         -1.854    
                         arrival time                           2.028    
  -------------------------------------------------------------------
                         slack                                  0.174    

Slack (MET) :             0.174ns  (arrival time - required time)
  Source:                 IF_ID_Reg/Q_reg[11]/C
                            (rising edge-triggered cell FDCE clocked by clk  {rise@0.000ns fall@10.000ns period=20.000ns})
  Destination:            ID_EX_Reg/Q_reg[156]/D
                            (rising edge-triggered cell FDCE clocked by clk  {rise@0.000ns fall@10.000ns period=20.000ns})
  Path Group:             clk
  Path Type:              Hold (Min at Fast Process Corner)
  Requirement:            0.000ns  (clk rise@0.000ns - clk rise@0.000ns)
  Data Path Delay:        0.278ns  (logic 0.186ns (66.799%)  route 0.092ns (33.201%))
  Logic Levels:           1  (LUT2=1)
  Clock Path Skew:        0.013ns (DCD - SCD - CPR)
    Destination Clock Delay (DCD):    2.089ns
    Source Clock Delay      (SCD):    1.572ns
    Clock Pessimism Removal (CPR):    0.504ns

    Location             Delay type                Incr(ns)  Path(ns)    Netlist Resource(s)
  -------------------------------------------------------------------    -------------------
                         (clock clk rise edge)        0.000     0.000 r  
    U14                                               0.000     0.000 r  clk (IN)
                         net (fo=0)                   0.000     0.000    clk
    U14                  IBUF (Prop_ibuf_I_O)         0.302     0.302 r  clk_IBUF_inst/O
                         net (fo=1, routed)           0.674     0.976    clk_IBUF
    BUFGCTRL_X0Y16       BUFG (Prop_bufg_I_O)         0.026     1.002 r  clk_IBUF_BUFG_inst/O
                         net (fo=1478, routed)        0.570     1.572    IF_ID_Reg/clk
    SLICE_X89Y74         FDCE                                         r  IF_ID_Reg/Q_reg[11]/C
  -------------------------------------------------------------------    -------------------
    SLICE_X89Y74         FDCE (Prop_fdce_C_Q)         0.141     1.713 r  IF_ID_Reg/Q_reg[11]/Q
                         net (fo=1, routed)           0.092     1.806    ID_EX_Reg/Q[11]
    SLICE_X88Y74         LUT2 (Prop_lut2_I0_O)        0.045     1.851 r  ID_EX_Reg/Q[156]_i_1/O
                         net (fo=1, routed)           0.000     1.851    ID_EX_Reg/p_1_in[156]
    SLICE_X88Y74         FDCE                                         r  ID_EX_Reg/Q_reg[156]/D
  -------------------------------------------------------------------    -------------------

                         (clock clk rise edge)        0.000     0.000 r  
    U14                                               0.000     0.000 r  clk (IN)
                         net (fo=0)                   0.000     0.000    clk
    U14                  IBUF (Prop_ibuf_I_O)         0.492     0.492 r  clk_IBUF_inst/O
                         net (fo=1, routed)           0.731     1.223    clk_IBUF
    BUFGCTRL_X0Y16       BUFG (Prop_bufg_I_O)         0.029     1.252 r  clk_IBUF_BUFG_inst/O
                         net (fo=1478, routed)        0.837     2.089    ID_EX_Reg/clk
    SLICE_X88Y74         FDCE                                         r  ID_EX_Reg/Q_reg[156]/C
                         clock pessimism             -0.504     1.585    
    SLICE_X88Y74         FDCE (Hold_fdce_C_D)         0.091     1.676    ID_EX_Reg/Q_reg[156]
  -------------------------------------------------------------------
                         required time                         -1.676    
                         arrival time                           1.851    
  -------------------------------------------------------------------
                         slack                                  0.174    

Slack (MET) :             0.182ns  (arrival time - required time)
  Source:                 EX_MEM_Reg/Q_reg[84]/C
                            (rising edge-triggered cell FDCE clocked by clk  {rise@0.000ns fall@10.000ns period=20.000ns})
  Destination:            DMEM_Single/DMEM_Pipelined/U0/inst_blk_mem_gen/gnbram.gnativebmg.native_blk_mem_gen/valid.cstr/ramloop[0].ram.r/prim_noinit.ram/DEVICE_7SERIES.NO_BMM_INFO.SDP.SIMPLE_PRIM36.ram/ADDRBWRADDR[4]
                            (rising edge-triggered cell RAMB36E1 clocked by clk  {rise@0.000ns fall@10.000ns period=20.000ns})
  Path Group:             clk
  Path Type:              Hold (Min at Fast Process Corner)
  Requirement:            0.000ns  (clk rise@0.000ns - clk rise@0.000ns)
  Data Path Delay:        0.437ns  (logic 0.141ns (32.286%)  route 0.296ns (67.714%))
  Logic Levels:           0  
  Clock Path Skew:        0.072ns (DCD - SCD - CPR)
    Destination Clock Delay (DCD):    2.155ns
    Source Clock Delay      (SCD):    1.599ns
    Clock Pessimism Removal (CPR):    0.484ns

    Location             Delay type                Incr(ns)  Path(ns)    Netlist Resource(s)
  -------------------------------------------------------------------    -------------------
                         (clock clk rise edge)        0.000     0.000 r  
    U14                                               0.000     0.000 r  clk (IN)
                         net (fo=0)                   0.000     0.000    clk
    U14                  IBUF (Prop_ibuf_I_O)         0.302     0.302 r  clk_IBUF_inst/O
                         net (fo=1, routed)           0.674     0.976    clk_IBUF
    BUFGCTRL_X0Y16       BUFG (Prop_bufg_I_O)         0.026     1.002 r  clk_IBUF_BUFG_inst/O
                         net (fo=1478, routed)        0.597     1.599    EX_MEM_Reg/clk
    SLICE_X95Y71         FDCE                                         r  EX_MEM_Reg/Q_reg[84]/C
  -------------------------------------------------------------------    -------------------
    SLICE_X95Y71         FDCE (Prop_fdce_C_Q)         0.141     1.740 r  EX_MEM_Reg/Q_reg[84]/Q
                         net (fo=35, routed)          0.296     2.036    DMEM_Single/DMEM_Pipelined/U0/inst_blk_mem_gen/gnbram.gnativebmg.native_blk_mem_gen/valid.cstr/ramloop[0].ram.r/prim_noinit.ram/addrb[1]
    RAMB36_X4Y14         RAMB36E1                                     r  DMEM_Single/DMEM_Pipelined/U0/inst_blk_mem_gen/gnbram.gnativebmg.native_blk_mem_gen/valid.cstr/ramloop[0].ram.r/prim_noinit.ram/DEVICE_7SERIES.NO_BMM_INFO.SDP.SIMPLE_PRIM36.ram/ADDRBWRADDR[4]
  -------------------------------------------------------------------    -------------------

                         (clock clk rise edge)        0.000     0.000 r  
    U14                                               0.000     0.000 r  clk (IN)
                         net (fo=0)                   0.000     0.000    clk
    U14                  IBUF (Prop_ibuf_I_O)         0.492     0.492 r  clk_IBUF_inst/O
                         net (fo=1, routed)           0.731     1.223    clk_IBUF
    BUFGCTRL_X0Y16       BUFG (Prop_bufg_I_O)         0.029     1.252 r  clk_IBUF_BUFG_inst/O
                         net (fo=1478, routed)        0.903     2.155    DMEM_Single/DMEM_Pipelined/U0/inst_blk_mem_gen/gnbram.gnativebmg.native_blk_mem_gen/valid.cstr/ramloop[0].ram.r/prim_noinit.ram/clkb
    RAMB36_X4Y14         RAMB36E1                                     r  DMEM_Single/DMEM_Pipelined/U0/inst_blk_mem_gen/gnbram.gnativebmg.native_blk_mem_gen/valid.cstr/ramloop[0].ram.r/prim_noinit.ram/DEVICE_7SERIES.NO_BMM_INFO.SDP.SIMPLE_PRIM36.ram/CLKBWRCLK
                         clock pessimism             -0.484     1.671    
    RAMB36_X4Y14         RAMB36E1 (Hold_ramb36e1_CLKBWRCLK_ADDRBWRADDR[4])
                                                      0.183     1.854    DMEM_Single/DMEM_Pipelined/U0/inst_blk_mem_gen/gnbram.gnativebmg.native_blk_mem_gen/valid.cstr/ramloop[0].ram.r/prim_noinit.ram/DEVICE_7SERIES.NO_BMM_INFO.SDP.SIMPLE_PRIM36.ram
  -------------------------------------------------------------------
                         required time                         -1.854    
                         arrival time                           2.036    
  -------------------------------------------------------------------
                         slack                                  0.182    

Slack (MET) :             0.185ns  (arrival time - required time)
  Source:                 EX_MEM_Reg/Q_reg[84]/C
                            (rising edge-triggered cell FDCE clocked by clk  {rise@0.000ns fall@10.000ns period=20.000ns})
  Destination:            DMEM_Single/DMEM_Pipelined/U0/inst_blk_mem_gen/gnbram.gnativebmg.native_blk_mem_gen/valid.cstr/ramloop[0].ram.r/prim_noinit.ram/DEVICE_7SERIES.NO_BMM_INFO.SDP.SIMPLE_PRIM36.ram/ADDRARDADDR[4]
                            (rising edge-triggered cell RAMB36E1 clocked by clk  {rise@0.000ns fall@10.000ns period=20.000ns})
  Path Group:             clk
  Path Type:              Hold (Min at Fast Process Corner)
  Requirement:            0.000ns  (clk rise@0.000ns - clk rise@0.000ns)
  Data Path Delay:        0.437ns  (logic 0.141ns (32.286%)  route 0.296ns (67.714%))
  Logic Levels:           0  
  Clock Path Skew:        0.069ns (DCD - SCD - CPR)
    Destination Clock Delay (DCD):    2.152ns
    Source Clock Delay      (SCD):    1.599ns
    Clock Pessimism Removal (CPR):    0.484ns

    Location             Delay type                Incr(ns)  Path(ns)    Netlist Resource(s)
  -------------------------------------------------------------------    -------------------
                         (clock clk rise edge)        0.000     0.000 r  
    U14                                               0.000     0.000 r  clk (IN)
                         net (fo=0)                   0.000     0.000    clk
    U14                  IBUF (Prop_ibuf_I_O)         0.302     0.302 r  clk_IBUF_inst/O
                         net (fo=1, routed)           0.674     0.976    clk_IBUF
    BUFGCTRL_X0Y16       BUFG (Prop_bufg_I_O)         0.026     1.002 r  clk_IBUF_BUFG_inst/O
                         net (fo=1478, routed)        0.597     1.599    EX_MEM_Reg/clk
    SLICE_X95Y71         FDCE                                         r  EX_MEM_Reg/Q_reg[84]/C
  -------------------------------------------------------------------    -------------------
    SLICE_X95Y71         FDCE (Prop_fdce_C_Q)         0.141     1.740 r  EX_MEM_Reg/Q_reg[84]/Q
                         net (fo=35, routed)          0.296     2.036    DMEM_Single/DMEM_Pipelined/U0/inst_blk_mem_gen/gnbram.gnativebmg.native_blk_mem_gen/valid.cstr/ramloop[0].ram.r/prim_noinit.ram/addra[1]
    RAMB36_X4Y14         RAMB36E1                                     r  DMEM_Single/DMEM_Pipelined/U0/inst_blk_mem_gen/gnbram.gnativebmg.native_blk_mem_gen/valid.cstr/ramloop[0].ram.r/prim_noinit.ram/DEVICE_7SERIES.NO_BMM_INFO.SDP.SIMPLE_PRIM36.ram/ADDRARDADDR[4]
  -------------------------------------------------------------------    -------------------

                         (clock clk rise edge)        0.000     0.000 r  
    U14                                               0.000     0.000 r  clk (IN)
                         net (fo=0)                   0.000     0.000    clk
    U14                  IBUF (Prop_ibuf_I_O)         0.492     0.492 r  clk_IBUF_inst/O
                         net (fo=1, routed)           0.731     1.223    clk_IBUF
    BUFGCTRL_X0Y16       BUFG (Prop_bufg_I_O)         0.029     1.252 r  clk_IBUF_BUFG_inst/O
                         net (fo=1478, routed)        0.900     2.152    DMEM_Single/DMEM_Pipelined/U0/inst_blk_mem_gen/gnbram.gnativebmg.native_blk_mem_gen/valid.cstr/ramloop[0].ram.r/prim_noinit.ram/clka
    RAMB36_X4Y14         RAMB36E1                                     r  DMEM_Single/DMEM_Pipelined/U0/inst_blk_mem_gen/gnbram.gnativebmg.native_blk_mem_gen/valid.cstr/ramloop[0].ram.r/prim_noinit.ram/DEVICE_7SERIES.NO_BMM_INFO.SDP.SIMPLE_PRIM36.ram/CLKARDCLK
                         clock pessimism             -0.484     1.668    
    RAMB36_X4Y14         RAMB36E1 (Hold_ramb36e1_CLKARDCLK_ADDRARDADDR[4])
                                                      0.183     1.851    DMEM_Single/DMEM_Pipelined/U0/inst_blk_mem_gen/gnbram.gnativebmg.native_blk_mem_gen/valid.cstr/ramloop[0].ram.r/prim_noinit.ram/DEVICE_7SERIES.NO_BMM_INFO.SDP.SIMPLE_PRIM36.ram
  -------------------------------------------------------------------
                         required time                         -1.851    
                         arrival time                           2.036    
  -------------------------------------------------------------------
                         slack                                  0.185    

Slack (MET) :             0.193ns  (arrival time - required time)
  Source:                 EX_MEM_Reg/Q_reg[136]/C
                            (rising edge-triggered cell FDCE clocked by clk  {rise@0.000ns fall@10.000ns period=20.000ns})
  Destination:            MEM_WB_Reg/Q_reg[73]/D
                            (rising edge-triggered cell FDCE clocked by clk  {rise@0.000ns fall@10.000ns period=20.000ns})
  Path Group:             clk
  Path Type:              Hold (Min at Fast Process Corner)
  Requirement:            0.000ns  (clk rise@0.000ns - clk rise@0.000ns)
  Data Path Delay:        0.340ns  (logic 0.287ns (84.301%)  route 0.053ns (15.699%))
  Logic Levels:           1  (CARRY4=1)
  Clock Path Skew:        0.013ns (DCD - SCD - CPR)
    Destination Clock Delay (DCD):    2.116ns
    Source Clock Delay      (SCD):    1.598ns
    Clock Pessimism Removal (CPR):    0.505ns

    Location             Delay type                Incr(ns)  Path(ns)    Netlist Resource(s)
  -------------------------------------------------------------------    -------------------
                         (clock clk rise edge)        0.000     0.000 r  
    U14                                               0.000     0.000 r  clk (IN)
                         net (fo=0)                   0.000     0.000    clk
    U14                  IBUF (Prop_ibuf_I_O)         0.302     0.302 r  clk_IBUF_inst/O
                         net (fo=1, routed)           0.674     0.976    clk_IBUF
    BUFGCTRL_X0Y16       BUFG (Prop_bufg_I_O)         0.026     1.002 r  clk_IBUF_BUFG_inst/O
                         net (fo=1478, routed)        0.596     1.598    EX_MEM_Reg/clk
    SLICE_X91Y78         FDCE                                         r  EX_MEM_Reg/Q_reg[136]/C
  -------------------------------------------------------------------    -------------------
    SLICE_X91Y78         FDCE (Prop_fdce_C_Q)         0.141     1.739 r  EX_MEM_Reg/Q_reg[136]/Q
                         net (fo=1, routed)           0.053     1.793    EX_MEM_Reg/PipeReg3_Out[136]
    SLICE_X90Y78         CARRY4 (Prop_carry4_S[2]_O[3])
                                                      0.146     1.939 r  EX_MEM_Reg/Q_reg[73]_i_1/O[3]
                         net (fo=1, routed)           0.000     1.939    MEM_WB_Reg/PC_Plus_4_WB[23]
    SLICE_X90Y78         FDCE                                         r  MEM_WB_Reg/Q_reg[73]/D
  -------------------------------------------------------------------    -------------------

                         (clock clk rise edge)        0.000     0.000 r  
    U14                                               0.000     0.000 r  clk (IN)
                         net (fo=0)                   0.000     0.000    clk
    U14                  IBUF (Prop_ibuf_I_O)         0.492     0.492 r  clk_IBUF_inst/O
                         net (fo=1, routed)           0.731     1.223    clk_IBUF
    BUFGCTRL_X0Y16       BUFG (Prop_bufg_I_O)         0.029     1.252 r  clk_IBUF_BUFG_inst/O
                         net (fo=1478, routed)        0.864     2.116    MEM_WB_Reg/clk
    SLICE_X90Y78         FDCE                                         r  MEM_WB_Reg/Q_reg[73]/C
                         clock pessimism             -0.505     1.611    
    SLICE_X90Y78         FDCE (Hold_fdce_C_D)         0.134     1.745    MEM_WB_Reg/Q_reg[73]
  -------------------------------------------------------------------
                         required time                         -1.745    
                         arrival time                           1.939    
  -------------------------------------------------------------------
                         slack                                  0.193    





Pulse Width Checks
--------------------------------------------------------------------------------------
Clock Name:         clk
Waveform(ns):       { 0.000 10.000 }
Period(ns):         20.000
Sources:            { clk }

Check Type        Corner  Lib Pin             Reference Pin  Required(ns)  Actual(ns)  Slack(ns)  Location      Pin
Min Period        n/a     RAMB36E1/CLKARDCLK  n/a            2.170         20.000      17.830     RAMB36_X4Y14  DMEM_Single/DMEM_Pipelined/U0/inst_blk_mem_gen/gnbram.gnativebmg.native_blk_mem_gen/valid.cstr/ramloop[0].ram.r/prim_noinit.ram/DEVICE_7SERIES.NO_BMM_INFO.SDP.SIMPLE_PRIM36.ram/CLKARDCLK
Min Period        n/a     RAMB36E1/CLKBWRCLK  n/a            2.170         20.000      17.830     RAMB36_X4Y14  DMEM_Single/DMEM_Pipelined/U0/inst_blk_mem_gen/gnbram.gnativebmg.native_blk_mem_gen/valid.cstr/ramloop[0].ram.r/prim_noinit.ram/DEVICE_7SERIES.NO_BMM_INFO.SDP.SIMPLE_PRIM36.ram/CLKBWRCLK
Min Period        n/a     RAMB36E1/CLKARDCLK  n/a            2.170         20.000      17.830     RAMB36_X2Y12  DMEM_Single/DMEM_Pipelined/U0/inst_blk_mem_gen/gnbram.gnativebmg.native_blk_mem_gen/valid.cstr/ramloop[10].ram.r/prim_noinit.ram/DEVICE_7SERIES.NO_BMM_INFO.SDP.SIMPLE_PRIM36.ram/CLKARDCLK
Min Period        n/a     RAMB36E1/CLKBWRCLK  n/a            2.170         20.000      17.830     RAMB36_X2Y12  DMEM_Single/DMEM_Pipelined/U0/inst_blk_mem_gen/gnbram.gnativebmg.native_blk_mem_gen/valid.cstr/ramloop[10].ram.r/prim_noinit.ram/DEVICE_7SERIES.NO_BMM_INFO.SDP.SIMPLE_PRIM36.ram/CLKBWRCLK
Min Period        n/a     RAMB36E1/CLKARDCLK  n/a            2.170         20.000      17.830     RAMB36_X2Y13  DMEM_Single/DMEM_Pipelined/U0/inst_blk_mem_gen/gnbram.gnativebmg.native_blk_mem_gen/valid.cstr/ramloop[11].ram.r/prim_noinit.ram/DEVICE_7SERIES.NO_BMM_INFO.SDP.SIMPLE_PRIM36.ram/CLKARDCLK
Min Period        n/a     RAMB36E1/CLKBWRCLK  n/a            2.170         20.000      17.830     RAMB36_X2Y13  DMEM_Single/DMEM_Pipelined/U0/inst_blk_mem_gen/gnbram.gnativebmg.native_blk_mem_gen/valid.cstr/ramloop[11].ram.r/prim_noinit.ram/DEVICE_7SERIES.NO_BMM_INFO.SDP.SIMPLE_PRIM36.ram/CLKBWRCLK
Min Period        n/a     RAMB36E1/CLKARDCLK  n/a            2.170         20.000      17.830     RAMB36_X3Y12  DMEM_Single/DMEM_Pipelined/U0/inst_blk_mem_gen/gnbram.gnativebmg.native_blk_mem_gen/valid.cstr/ramloop[12].ram.r/prim_noinit.ram/DEVICE_7SERIES.NO_BMM_INFO.SDP.SIMPLE_PRIM36.ram/CLKARDCLK
Min Period        n/a     RAMB36E1/CLKBWRCLK  n/a            2.170         20.000      17.830     RAMB36_X3Y12  DMEM_Single/DMEM_Pipelined/U0/inst_blk_mem_gen/gnbram.gnativebmg.native_blk_mem_gen/valid.cstr/ramloop[12].ram.r/prim_noinit.ram/DEVICE_7SERIES.NO_BMM_INFO.SDP.SIMPLE_PRIM36.ram/CLKBWRCLK
Min Period        n/a     RAMB36E1/CLKARDCLK  n/a            2.170         20.000      17.830     RAMB36_X3Y10  DMEM_Single/DMEM_Pipelined/U0/inst_blk_mem_gen/gnbram.gnativebmg.native_blk_mem_gen/valid.cstr/ramloop[13].ram.r/prim_noinit.ram/DEVICE_7SERIES.NO_BMM_INFO.SDP.SIMPLE_PRIM36.ram/CLKARDCLK
Min Period        n/a     RAMB36E1/CLKBWRCLK  n/a            2.170         20.000      17.830     RAMB36_X3Y10  DMEM_Single/DMEM_Pipelined/U0/inst_blk_mem_gen/gnbram.gnativebmg.native_blk_mem_gen/valid.cstr/ramloop[13].ram.r/prim_noinit.ram/DEVICE_7SERIES.NO_BMM_INFO.SDP.SIMPLE_PRIM36.ram/CLKBWRCLK
Low Pulse Width   Slow    FDCE/C              n/a            0.500         10.000      9.500      SLICE_X98Y65  Bran_Taken_Delay/Branch_Taken_Delay_reg/C
Low Pulse Width   Fast    FDCE/C              n/a            0.500         10.000      9.500      SLICE_X98Y65  Bran_Taken_Delay/Branch_Taken_Delay_reg/C
Low Pulse Width   Slow    FDRE/C              n/a            0.500         10.000      9.500      SLICE_X88Y62  DMEM_Single/DMEM_Pipelined/U0/inst_blk_mem_gen/gnbram.gnativebmg.native_blk_mem_gen/valid.cstr/has_mux_b.B/no_softecc_sel_reg.ce_pri.sel_pipe_reg[1]/C
Low Pulse Width   Fast    FDRE/C              n/a            0.500         10.000      9.500      SLICE_X88Y62  DMEM_Single/DMEM_Pipelined/U0/inst_blk_mem_gen/gnbram.gnativebmg.native_blk_mem_gen/valid.cstr/has_mux_b.B/no_softecc_sel_reg.ce_pri.sel_pipe_reg[1]/C
Low Pulse Width   Slow    FDRE/C              n/a            0.500         10.000      9.500      SLICE_X88Y62  DMEM_Single/DMEM_Pipelined/U0/inst_blk_mem_gen/gnbram.gnativebmg.native_blk_mem_gen/valid.cstr/has_mux_b.B/no_softecc_sel_reg.ce_pri.sel_pipe_reg[2]/C
Low Pulse Width   Fast    FDRE/C              n/a            0.500         10.000      9.500      SLICE_X88Y62  DMEM_Single/DMEM_Pipelined/U0/inst_blk_mem_gen/gnbram.gnativebmg.native_blk_mem_gen/valid.cstr/has_mux_b.B/no_softecc_sel_reg.ce_pri.sel_pipe_reg[2]/C
Low Pulse Width   Slow    FDCE/C              n/a            0.500         10.000      9.500      SLICE_X86Y67  EX_MEM_Reg/Q_reg[0]/C
Low Pulse Width   Fast    FDCE/C              n/a            0.500         10.000      9.500      SLICE_X86Y67  EX_MEM_Reg/Q_reg[0]/C
Low Pulse Width   Slow    FDCE/C              n/a            0.500         10.000      9.500      SLICE_X98Y78  EX_MEM_Reg/Q_reg[100]/C
Low Pulse Width   Fast    FDCE/C              n/a            0.500         10.000      9.500      SLICE_X98Y78  EX_MEM_Reg/Q_reg[100]/C
High Pulse Width  Slow    FDCE/C              n/a            0.500         10.000      9.500      SLICE_X98Y65  Bran_Taken_Delay/Branch_Taken_Delay_reg/C
High Pulse Width  Fast    FDCE/C              n/a            0.500         10.000      9.500      SLICE_X98Y65  Bran_Taken_Delay/Branch_Taken_Delay_reg/C
High Pulse Width  Slow    FDRE/C              n/a            0.500         10.000      9.500      SLICE_X88Y62  DMEM_Single/DMEM_Pipelined/U0/inst_blk_mem_gen/gnbram.gnativebmg.native_blk_mem_gen/valid.cstr/has_mux_b.B/no_softecc_sel_reg.ce_pri.sel_pipe_reg[1]/C
High Pulse Width  Fast    FDRE/C              n/a            0.500         10.000      9.500      SLICE_X88Y62  DMEM_Single/DMEM_Pipelined/U0/inst_blk_mem_gen/gnbram.gnativebmg.native_blk_mem_gen/valid.cstr/has_mux_b.B/no_softecc_sel_reg.ce_pri.sel_pipe_reg[1]/C
High Pulse Width  Slow    FDRE/C              n/a            0.500         10.000      9.500      SLICE_X88Y62  DMEM_Single/DMEM_Pipelined/U0/inst_blk_mem_gen/gnbram.gnativebmg.native_blk_mem_gen/valid.cstr/has_mux_b.B/no_softecc_sel_reg.ce_pri.sel_pipe_reg[2]/C
High Pulse Width  Fast    FDRE/C              n/a            0.500         10.000      9.500      SLICE_X88Y62  DMEM_Single/DMEM_Pipelined/U0/inst_blk_mem_gen/gnbram.gnativebmg.native_blk_mem_gen/valid.cstr/has_mux_b.B/no_softecc_sel_reg.ce_pri.sel_pipe_reg[2]/C
High Pulse Width  Slow    FDCE/C              n/a            0.500         10.000      9.500      SLICE_X86Y67  EX_MEM_Reg/Q_reg[0]/C
High Pulse Width  Fast    FDCE/C              n/a            0.500         10.000      9.500      SLICE_X86Y67  EX_MEM_Reg/Q_reg[0]/C
High Pulse Width  Slow    FDCE/C              n/a            0.500         10.000      9.500      SLICE_X98Y78  EX_MEM_Reg/Q_reg[100]/C
High Pulse Width  Fast    FDCE/C              n/a            0.500         10.000      9.500      SLICE_X98Y78  EX_MEM_Reg/Q_reg[100]/C



--------------------------------------------------------------------------------------
Path Group:  (none)
From Clock:  clk
  To Clock:  

Max Delay            64 Endpoints
Min Delay            64 Endpoints
--------------------------------------------------------------------------------------


Max Delay Paths
--------------------------------------------------------------------------------------
Slack:                    inf
  Source:                 DMEM_Single/DMEM_Pipelined/U0/inst_blk_mem_gen/gnbram.gnativebmg.native_blk_mem_gen/valid.cstr/ramloop[5].ram.r/prim_noinit.ram/DEVICE_7SERIES.NO_BMM_INFO.SDP.SIMPLE_PRIM36.ram/CLKBWRCLK
                            (rising edge-triggered cell RAMB36E1 clocked by clk  {rise@0.000ns fall@10.000ns period=20.000ns})
  Destination:            debug_wdata[29]
                            (output port)
  Path Group:             (none)
  Path Type:              Max at Slow Process Corner
  Data Path Delay:        13.385ns  (logic 4.949ns (36.973%)  route 8.436ns (63.027%))
  Logic Levels:           5  (LUT5=1 LUT6=3 OBUF=1)
  Clock Uncertainty:      0.025ns  ((TSJ^2 + TIJ^2)^1/2 + DJ) / 2 + PE
    Total System Jitter     (TSJ):    0.050ns
    Total Input Jitter      (TIJ):    0.000ns
    Discrete Jitter          (DJ):    0.000ns
    Phase Error              (PE):    0.000ns

    Location             Delay type                Incr(ns)  Path(ns)    Netlist Resource(s)
  -------------------------------------------------------------------    -------------------
                         (clock clk rise edge)        0.000     0.000 r  
    U14                                               0.000     0.000 r  clk (IN)
                         net (fo=0)                   0.000     0.000    clk
    U14                  IBUF (Prop_ibuf_I_O)         1.007     1.007 r  clk_IBUF_inst/O
                         net (fo=1, routed)           1.873     2.880    clk_IBUF
    BUFGCTRL_X0Y16       BUFG (Prop_bufg_I_O)         0.085     2.965 r  clk_IBUF_BUFG_inst/O
                         net (fo=1478, routed)        1.542     4.506    DMEM_Single/DMEM_Pipelined/U0/inst_blk_mem_gen/gnbram.gnativebmg.native_blk_mem_gen/valid.cstr/ramloop[5].ram.r/prim_noinit.ram/clkb
    RAMB36_X4Y10         RAMB36E1                                     r  DMEM_Single/DMEM_Pipelined/U0/inst_blk_mem_gen/gnbram.gnativebmg.native_blk_mem_gen/valid.cstr/ramloop[5].ram.r/prim_noinit.ram/DEVICE_7SERIES.NO_BMM_INFO.SDP.SIMPLE_PRIM36.ram/CLKBWRCLK
  -------------------------------------------------------------------    -------------------
    RAMB36_X4Y10         RAMB36E1 (Prop_ramb36e1_CLKBWRCLK_DOBDO[7])
                                                      2.125     6.631 r  DMEM_Single/DMEM_Pipelined/U0/inst_blk_mem_gen/gnbram.gnativebmg.native_blk_mem_gen/valid.cstr/ramloop[5].ram.r/prim_noinit.ram/DEVICE_7SERIES.NO_BMM_INFO.SDP.SIMPLE_PRIM36.ram/DOBDO[7]
                         net (fo=1, routed)           1.112     7.743    DMEM_Single/DMEM_Pipelined/U0/inst_blk_mem_gen/gnbram.gnativebmg.native_blk_mem_gen/valid.cstr/has_mux_b.B/doutb[15]_1[7]
    SLICE_X104Y58        LUT6 (Prop_lut6_I3_O)        0.105     7.848 r  DMEM_Single/DMEM_Pipelined/U0/inst_blk_mem_gen/gnbram.gnativebmg.native_blk_mem_gen/valid.cstr/has_mux_b.B/doutb[15]_INST_0/O
                         net (fo=4, routed)           1.230     9.078    load/doutb[15]
    SLICE_X87Y69         LUT6 (Prop_lut6_I0_O)        0.105     9.183 r  load/debug_wdata_OBUF[31]_inst_i_3/O
                         net (fo=25, routed)          0.684     9.867    load/DataToReg0_in[31]
    SLICE_X87Y73         LUT6 (Prop_lut6_I0_O)        0.105     9.972 r  load/debug_wdata_OBUF[29]_inst_i_2/O
                         net (fo=1, routed)           0.642    10.614    MEM_WB_Reg/DataToReg[29]
    SLICE_X92Y80         LUT5 (Prop_lut5_I4_O)        0.105    10.719 r  MEM_WB_Reg/debug_wdata_OBUF[29]_inst_i_1/O
                         net (fo=36, routed)          4.768    15.487    debug_wdata_OBUF[29]
    J19                  OBUF (Prop_obuf_I_O)         2.404    17.891 r  debug_wdata_OBUF[29]_inst/O
                         net (fo=0)                   0.000    17.891    debug_wdata[29]
    J19                                                               r  debug_wdata[29] (OUT)
  -------------------------------------------------------------------    -------------------

Slack:                    inf
  Source:                 DMEM_Single/DMEM_Pipelined/U0/inst_blk_mem_gen/gnbram.gnativebmg.native_blk_mem_gen/valid.cstr/ramloop[5].ram.r/prim_noinit.ram/DEVICE_7SERIES.NO_BMM_INFO.SDP.SIMPLE_PRIM36.ram/CLKBWRCLK
                            (rising edge-triggered cell RAMB36E1 clocked by clk  {rise@0.000ns fall@10.000ns period=20.000ns})
  Destination:            debug_wdata[27]
                            (output port)
  Path Group:             (none)
  Path Type:              Max at Slow Process Corner
  Data Path Delay:        12.842ns  (logic 5.004ns (38.968%)  route 7.838ns (61.032%))
  Logic Levels:           5  (LUT5=1 LUT6=3 OBUF=1)
  Clock Uncertainty:      0.025ns  ((TSJ^2 + TIJ^2)^1/2 + DJ) / 2 + PE
    Total System Jitter     (TSJ):    0.050ns
    Total Input Jitter      (TIJ):    0.000ns
    Discrete Jitter          (DJ):    0.000ns
    Phase Error              (PE):    0.000ns

    Location             Delay type                Incr(ns)  Path(ns)    Netlist Resource(s)
  -------------------------------------------------------------------    -------------------
                         (clock clk rise edge)        0.000     0.000 r  
    U14                                               0.000     0.000 r  clk (IN)
                         net (fo=0)                   0.000     0.000    clk
    U14                  IBUF (Prop_ibuf_I_O)         1.007     1.007 r  clk_IBUF_inst/O
                         net (fo=1, routed)           1.873     2.880    clk_IBUF
    BUFGCTRL_X0Y16       BUFG (Prop_bufg_I_O)         0.085     2.965 r  clk_IBUF_BUFG_inst/O
                         net (fo=1478, routed)        1.542     4.506    DMEM_Single/DMEM_Pipelined/U0/inst_blk_mem_gen/gnbram.gnativebmg.native_blk_mem_gen/valid.cstr/ramloop[5].ram.r/prim_noinit.ram/clkb
    RAMB36_X4Y10         RAMB36E1                                     r  DMEM_Single/DMEM_Pipelined/U0/inst_blk_mem_gen/gnbram.gnativebmg.native_blk_mem_gen/valid.cstr/ramloop[5].ram.r/prim_noinit.ram/DEVICE_7SERIES.NO_BMM_INFO.SDP.SIMPLE_PRIM36.ram/CLKBWRCLK
  -------------------------------------------------------------------    -------------------
    RAMB36_X4Y10         RAMB36E1 (Prop_ramb36e1_CLKBWRCLK_DOBDO[7])
                                                      2.125     6.631 r  DMEM_Single/DMEM_Pipelined/U0/inst_blk_mem_gen/gnbram.gnativebmg.native_blk_mem_gen/valid.cstr/ramloop[5].ram.r/prim_noinit.ram/DEVICE_7SERIES.NO_BMM_INFO.SDP.SIMPLE_PRIM36.ram/DOBDO[7]
                         net (fo=1, routed)           1.112     7.743    DMEM_Single/DMEM_Pipelined/U0/inst_blk_mem_gen/gnbram.gnativebmg.native_blk_mem_gen/valid.cstr/has_mux_b.B/doutb[15]_1[7]
    SLICE_X104Y58        LUT6 (Prop_lut6_I3_O)        0.105     7.848 r  DMEM_Single/DMEM_Pipelined/U0/inst_blk_mem_gen/gnbram.gnativebmg.native_blk_mem_gen/valid.cstr/has_mux_b.B/doutb[15]_INST_0/O
                         net (fo=4, routed)           1.230     9.078    load/doutb[15]
    SLICE_X87Y69         LUT6 (Prop_lut6_I0_O)        0.105     9.183 r  load/debug_wdata_OBUF[31]_inst_i_3/O
                         net (fo=25, routed)          0.814     9.997    load/DataToReg0_in[31]
    SLICE_X88Y72         LUT6 (Prop_lut6_I0_O)        0.105    10.102 r  load/debug_wdata_OBUF[27]_inst_i_2/O
                         net (fo=1, routed)           0.666    10.768    MEM_WB_Reg/DataToReg[27]
    SLICE_X91Y81         LUT5 (Prop_lut5_I4_O)        0.105    10.873 r  MEM_WB_Reg/debug_wdata_OBUF[27]_inst_i_1/O
                         net (fo=36, routed)          4.016    14.889    debug_wdata_OBUF[27]
    L17                  OBUF (Prop_obuf_I_O)         2.459    17.348 r  debug_wdata_OBUF[27]_inst/O
                         net (fo=0)                   0.000    17.348    debug_wdata[27]
    L17                                                               r  debug_wdata[27] (OUT)
  -------------------------------------------------------------------    -------------------

Slack:                    inf
  Source:                 DMEM_Single/DMEM_Pipelined/U0/inst_blk_mem_gen/gnbram.gnativebmg.native_blk_mem_gen/valid.cstr/ramloop[5].ram.r/prim_noinit.ram/DEVICE_7SERIES.NO_BMM_INFO.SDP.SIMPLE_PRIM36.ram/CLKBWRCLK
                            (rising edge-triggered cell RAMB36E1 clocked by clk  {rise@0.000ns fall@10.000ns period=20.000ns})
  Destination:            debug_wdata[30]
                            (output port)
  Path Group:             (none)
  Path Type:              Max at Slow Process Corner
  Data Path Delay:        12.814ns  (logic 4.950ns (38.626%)  route 7.864ns (61.374%))
  Logic Levels:           5  (LUT5=1 LUT6=3 OBUF=1)
  Clock Uncertainty:      0.025ns  ((TSJ^2 + TIJ^2)^1/2 + DJ) / 2 + PE
    Total System Jitter     (TSJ):    0.050ns
    Total Input Jitter      (TIJ):    0.000ns
    Discrete Jitter          (DJ):    0.000ns
    Phase Error              (PE):    0.000ns

    Location             Delay type                Incr(ns)  Path(ns)    Netlist Resource(s)
  -------------------------------------------------------------------    -------------------
                         (clock clk rise edge)        0.000     0.000 r  
    U14                                               0.000     0.000 r  clk (IN)
                         net (fo=0)                   0.000     0.000    clk
    U14                  IBUF (Prop_ibuf_I_O)         1.007     1.007 r  clk_IBUF_inst/O
                         net (fo=1, routed)           1.873     2.880    clk_IBUF
    BUFGCTRL_X0Y16       BUFG (Prop_bufg_I_O)         0.085     2.965 r  clk_IBUF_BUFG_inst/O
                         net (fo=1478, routed)        1.542     4.506    DMEM_Single/DMEM_Pipelined/U0/inst_blk_mem_gen/gnbram.gnativebmg.native_blk_mem_gen/valid.cstr/ramloop[5].ram.r/prim_noinit.ram/clkb
    RAMB36_X4Y10         RAMB36E1                                     r  DMEM_Single/DMEM_Pipelined/U0/inst_blk_mem_gen/gnbram.gnativebmg.native_blk_mem_gen/valid.cstr/ramloop[5].ram.r/prim_noinit.ram/DEVICE_7SERIES.NO_BMM_INFO.SDP.SIMPLE_PRIM36.ram/CLKBWRCLK
  -------------------------------------------------------------------    -------------------
    RAMB36_X4Y10         RAMB36E1 (Prop_ramb36e1_CLKBWRCLK_DOBDO[7])
                                                      2.125     6.631 r  DMEM_Single/DMEM_Pipelined/U0/inst_blk_mem_gen/gnbram.gnativebmg.native_blk_mem_gen/valid.cstr/ramloop[5].ram.r/prim_noinit.ram/DEVICE_7SERIES.NO_BMM_INFO.SDP.SIMPLE_PRIM36.ram/DOBDO[7]
                         net (fo=1, routed)           1.112     7.743    DMEM_Single/DMEM_Pipelined/U0/inst_blk_mem_gen/gnbram.gnativebmg.native_blk_mem_gen/valid.cstr/has_mux_b.B/doutb[15]_1[7]
    SLICE_X104Y58        LUT6 (Prop_lut6_I3_O)        0.105     7.848 r  DMEM_Single/DMEM_Pipelined/U0/inst_blk_mem_gen/gnbram.gnativebmg.native_blk_mem_gen/valid.cstr/has_mux_b.B/doutb[15]_INST_0/O
                         net (fo=4, routed)           1.230     9.078    load/doutb[15]
    SLICE_X87Y69         LUT6 (Prop_lut6_I0_O)        0.105     9.183 r  load/debug_wdata_OBUF[31]_inst_i_3/O
                         net (fo=25, routed)          0.514     9.697    load/DataToReg0_in[31]
    SLICE_X89Y71         LUT6 (Prop_lut6_I0_O)        0.105     9.802 r  load/debug_wdata_OBUF[30]_inst_i_2/O
                         net (fo=1, routed)           0.701    10.503    MEM_WB_Reg/DataToReg[30]
    SLICE_X92Y80         LUT5 (Prop_lut5_I4_O)        0.105    10.608 r  MEM_WB_Reg/debug_wdata_OBUF[30]_inst_i_1/O
                         net (fo=36, routed)          4.308    14.916    debug_wdata_OBUF[30]
    K19                  OBUF (Prop_obuf_I_O)         2.405    17.320 r  debug_wdata_OBUF[30]_inst/O
                         net (fo=0)                   0.000    17.320    debug_wdata[30]
    K19                                                               r  debug_wdata[30] (OUT)
  -------------------------------------------------------------------    -------------------

Slack:                    inf
  Source:                 DMEM_Single/DMEM_Pipelined/U0/inst_blk_mem_gen/gnbram.gnativebmg.native_blk_mem_gen/valid.cstr/ramloop[10].ram.r/prim_noinit.ram/DEVICE_7SERIES.NO_BMM_INFO.SDP.SIMPLE_PRIM36.ram/CLKBWRCLK
                            (rising edge-triggered cell RAMB36E1 clocked by clk  {rise@0.000ns fall@10.000ns period=20.000ns})
  Destination:            debug_wdata[26]
                            (output port)
  Path Group:             (none)
  Path Type:              Max at Slow Process Corner
  Data Path Delay:        12.878ns  (logic 4.914ns (38.160%)  route 7.964ns (61.840%))
  Logic Levels:           5  (LUT5=1 LUT6=3 OBUF=1)
  Clock Uncertainty:      0.025ns  ((TSJ^2 + TIJ^2)^1/2 + DJ) / 2 + PE
    Total System Jitter     (TSJ):    0.050ns
    Total Input Jitter      (TIJ):    0.000ns
    Discrete Jitter          (DJ):    0.000ns
    Phase Error              (PE):    0.000ns

    Location             Delay type                Incr(ns)  Path(ns)    Netlist Resource(s)
  -------------------------------------------------------------------    -------------------
                         (clock clk rise edge)        0.000     0.000 r  
    U14                                               0.000     0.000 r  clk (IN)
                         net (fo=0)                   0.000     0.000    clk
    U14                  IBUF (Prop_ibuf_I_O)         1.007     1.007 r  clk_IBUF_inst/O
                         net (fo=1, routed)           1.873     2.880    clk_IBUF
    BUFGCTRL_X0Y16       BUFG (Prop_bufg_I_O)         0.085     2.965 r  clk_IBUF_BUFG_inst/O
                         net (fo=1478, routed)        1.426     4.390    DMEM_Single/DMEM_Pipelined/U0/inst_blk_mem_gen/gnbram.gnativebmg.native_blk_mem_gen/valid.cstr/ramloop[10].ram.r/prim_noinit.ram/clkb
    RAMB36_X2Y12         RAMB36E1                                     r  DMEM_Single/DMEM_Pipelined/U0/inst_blk_mem_gen/gnbram.gnativebmg.native_blk_mem_gen/valid.cstr/ramloop[10].ram.r/prim_noinit.ram/DEVICE_7SERIES.NO_BMM_INFO.SDP.SIMPLE_PRIM36.ram/CLKBWRCLK
  -------------------------------------------------------------------    -------------------
    RAMB36_X2Y12         RAMB36E1 (Prop_ramb36e1_CLKBWRCLK_DOBDO[7])
                                                      2.125     6.515 r  DMEM_Single/DMEM_Pipelined/U0/inst_blk_mem_gen/gnbram.gnativebmg.native_blk_mem_gen/valid.cstr/ramloop[10].ram.r/prim_noinit.ram/DEVICE_7SERIES.NO_BMM_INFO.SDP.SIMPLE_PRIM36.ram/DOBDO[7]
                         net (fo=1, routed)           1.157     7.673    DMEM_Single/DMEM_Pipelined/U0/inst_blk_mem_gen/gnbram.gnativebmg.native_blk_mem_gen/valid.cstr/has_mux_b.B/doutb[23]_0[7]
    SLICE_X32Y68         LUT6 (Prop_lut6_I1_O)        0.105     7.778 r  DMEM_Single/DMEM_Pipelined/U0/inst_blk_mem_gen/gnbram.gnativebmg.native_blk_mem_gen/valid.cstr/has_mux_b.B/doutb[23]_INST_0/O
                         net (fo=4, routed)           1.327     9.104    load/doutb[23]
    SLICE_X87Y71         LUT6 (Prop_lut6_I4_O)        0.105     9.209 r  load/debug_wdata_OBUF[31]_inst_i_4/O
                         net (fo=17, routed)          0.526     9.735    load/debug_wdata_OBUF[31]_inst_i_4_n_0
    SLICE_X87Y72         LUT6 (Prop_lut6_I4_O)        0.105     9.840 r  load/debug_wdata_OBUF[26]_inst_i_2/O
                         net (fo=1, routed)           0.789    10.630    MEM_WB_Reg/DataToReg[26]
    SLICE_X92Y81         LUT5 (Prop_lut5_I4_O)        0.105    10.735 r  MEM_WB_Reg/debug_wdata_OBUF[26]_inst_i_1/O
                         net (fo=36, routed)          4.164    14.899    debug_wdata_OBUF[26]
    K17                  OBUF (Prop_obuf_I_O)         2.369    17.268 r  debug_wdata_OBUF[26]_inst/O
                         net (fo=0)                   0.000    17.268    debug_wdata[26]
    K17                                                               r  debug_wdata[26] (OUT)
  -------------------------------------------------------------------    -------------------

Slack:                    inf
  Source:                 DMEM_Single/DMEM_Pipelined/U0/inst_blk_mem_gen/gnbram.gnativebmg.native_blk_mem_gen/valid.cstr/ramloop[5].ram.r/prim_noinit.ram/DEVICE_7SERIES.NO_BMM_INFO.SDP.SIMPLE_PRIM36.ram/CLKBWRCLK
                            (rising edge-triggered cell RAMB36E1 clocked by clk  {rise@0.000ns fall@10.000ns period=20.000ns})
  Destination:            debug_wdata[17]
                            (output port)
  Path Group:             (none)
  Path Type:              Max at Slow Process Corner
  Data Path Delay:        12.743ns  (logic 4.881ns (38.306%)  route 7.861ns (61.694%))
  Logic Levels:           5  (LUT5=1 LUT6=3 OBUF=1)
  Clock Uncertainty:      0.025ns  ((TSJ^2 + TIJ^2)^1/2 + DJ) / 2 + PE
    Total System Jitter     (TSJ):    0.050ns
    Total Input Jitter      (TIJ):    0.000ns
    Discrete Jitter          (DJ):    0.000ns
    Phase Error              (PE):    0.000ns

    Location             Delay type                Incr(ns)  Path(ns)    Netlist Resource(s)
  -------------------------------------------------------------------    -------------------
                         (clock clk rise edge)        0.000     0.000 r  
    U14                                               0.000     0.000 r  clk (IN)
                         net (fo=0)                   0.000     0.000    clk
    U14                  IBUF (Prop_ibuf_I_O)         1.007     1.007 r  clk_IBUF_inst/O
                         net (fo=1, routed)           1.873     2.880    clk_IBUF
    BUFGCTRL_X0Y16       BUFG (Prop_bufg_I_O)         0.085     2.965 r  clk_IBUF_BUFG_inst/O
                         net (fo=1478, routed)        1.542     4.506    DMEM_Single/DMEM_Pipelined/U0/inst_blk_mem_gen/gnbram.gnativebmg.native_blk_mem_gen/valid.cstr/ramloop[5].ram.r/prim_noinit.ram/clkb
    RAMB36_X4Y10         RAMB36E1                                     r  DMEM_Single/DMEM_Pipelined/U0/inst_blk_mem_gen/gnbram.gnativebmg.native_blk_mem_gen/valid.cstr/ramloop[5].ram.r/prim_noinit.ram/DEVICE_7SERIES.NO_BMM_INFO.SDP.SIMPLE_PRIM36.ram/CLKBWRCLK
  -------------------------------------------------------------------    -------------------
    RAMB36_X4Y10         RAMB36E1 (Prop_ramb36e1_CLKBWRCLK_DOBDO[7])
                                                      2.125     6.631 r  DMEM_Single/DMEM_Pipelined/U0/inst_blk_mem_gen/gnbram.gnativebmg.native_blk_mem_gen/valid.cstr/ramloop[5].ram.r/prim_noinit.ram/DEVICE_7SERIES.NO_BMM_INFO.SDP.SIMPLE_PRIM36.ram/DOBDO[7]
                         net (fo=1, routed)           1.112     7.743    DMEM_Single/DMEM_Pipelined/U0/inst_blk_mem_gen/gnbram.gnativebmg.native_blk_mem_gen/valid.cstr/has_mux_b.B/doutb[15]_1[7]
    SLICE_X104Y58        LUT6 (Prop_lut6_I3_O)        0.105     7.848 r  DMEM_Single/DMEM_Pipelined/U0/inst_blk_mem_gen/gnbram.gnativebmg.native_blk_mem_gen/valid.cstr/has_mux_b.B/doutb[15]_INST_0/O
                         net (fo=4, routed)           1.230     9.078    load/doutb[15]
    SLICE_X87Y69         LUT6 (Prop_lut6_I0_O)        0.105     9.183 r  load/debug_wdata_OBUF[31]_inst_i_3/O
                         net (fo=25, routed)          0.807     9.990    load/DataToReg0_in[31]
    SLICE_X88Y72         LUT6 (Prop_lut6_I0_O)        0.105    10.095 r  load/debug_wdata_OBUF[17]_inst_i_2/O
                         net (fo=1, routed)           0.592    10.687    MEM_WB_Reg/DataToReg[17]
    SLICE_X91Y78         LUT5 (Prop_lut5_I4_O)        0.105    10.792 r  MEM_WB_Reg/debug_wdata_OBUF[17]_inst_i_1/O
                         net (fo=36, routed)          4.121    14.913    debug_wdata_OBUF[17]
    G18                  OBUF (Prop_obuf_I_O)         2.336    17.249 r  debug_wdata_OBUF[17]_inst/O
                         net (fo=0)                   0.000    17.249    debug_wdata[17]
    G18                                                               r  debug_wdata[17] (OUT)
  -------------------------------------------------------------------    -------------------

Slack:                    inf
  Source:                 DMEM_Single/DMEM_Pipelined/U0/inst_blk_mem_gen/gnbram.gnativebmg.native_blk_mem_gen/valid.cstr/ramloop[5].ram.r/prim_noinit.ram/DEVICE_7SERIES.NO_BMM_INFO.SDP.SIMPLE_PRIM36.ram/CLKBWRCLK
                            (rising edge-triggered cell RAMB36E1 clocked by clk  {rise@0.000ns fall@10.000ns period=20.000ns})
  Destination:            debug_wdata[25]
                            (output port)
  Path Group:             (none)
  Path Type:              Max at Slow Process Corner
  Data Path Delay:        12.571ns  (logic 4.928ns (39.203%)  route 7.643ns (60.797%))
  Logic Levels:           5  (LUT5=1 LUT6=3 OBUF=1)
  Clock Uncertainty:      0.025ns  ((TSJ^2 + TIJ^2)^1/2 + DJ) / 2 + PE
    Total System Jitter     (TSJ):    0.050ns
    Total Input Jitter      (TIJ):    0.000ns
    Discrete Jitter          (DJ):    0.000ns
    Phase Error              (PE):    0.000ns

    Location             Delay type                Incr(ns)  Path(ns)    Netlist Resource(s)
  -------------------------------------------------------------------    -------------------
                         (clock clk rise edge)        0.000     0.000 r  
    U14                                               0.000     0.000 r  clk (IN)
                         net (fo=0)                   0.000     0.000    clk
    U14                  IBUF (Prop_ibuf_I_O)         1.007     1.007 r  clk_IBUF_inst/O
                         net (fo=1, routed)           1.873     2.880    clk_IBUF
    BUFGCTRL_X0Y16       BUFG (Prop_bufg_I_O)         0.085     2.965 r  clk_IBUF_BUFG_inst/O
                         net (fo=1478, routed)        1.542     4.506    DMEM_Single/DMEM_Pipelined/U0/inst_blk_mem_gen/gnbram.gnativebmg.native_blk_mem_gen/valid.cstr/ramloop[5].ram.r/prim_noinit.ram/clkb
    RAMB36_X4Y10         RAMB36E1                                     r  DMEM_Single/DMEM_Pipelined/U0/inst_blk_mem_gen/gnbram.gnativebmg.native_blk_mem_gen/valid.cstr/ramloop[5].ram.r/prim_noinit.ram/DEVICE_7SERIES.NO_BMM_INFO.SDP.SIMPLE_PRIM36.ram/CLKBWRCLK
  -------------------------------------------------------------------    -------------------
    RAMB36_X4Y10         RAMB36E1 (Prop_ramb36e1_CLKBWRCLK_DOBDO[7])
                                                      2.125     6.631 r  DMEM_Single/DMEM_Pipelined/U0/inst_blk_mem_gen/gnbram.gnativebmg.native_blk_mem_gen/valid.cstr/ramloop[5].ram.r/prim_noinit.ram/DEVICE_7SERIES.NO_BMM_INFO.SDP.SIMPLE_PRIM36.ram/DOBDO[7]
                         net (fo=1, routed)           1.112     7.743    DMEM_Single/DMEM_Pipelined/U0/inst_blk_mem_gen/gnbram.gnativebmg.native_blk_mem_gen/valid.cstr/has_mux_b.B/doutb[15]_1[7]
    SLICE_X104Y58        LUT6 (Prop_lut6_I3_O)        0.105     7.848 r  DMEM_Single/DMEM_Pipelined/U0/inst_blk_mem_gen/gnbram.gnativebmg.native_blk_mem_gen/valid.cstr/has_mux_b.B/doutb[15]_INST_0/O
                         net (fo=4, routed)           1.230     9.078    load/doutb[15]
    SLICE_X87Y69         LUT6 (Prop_lut6_I0_O)        0.105     9.183 r  load/debug_wdata_OBUF[31]_inst_i_3/O
                         net (fo=25, routed)          0.685     9.868    load/DataToReg0_in[31]
    SLICE_X87Y73         LUT6 (Prop_lut6_I0_O)        0.105     9.973 r  load/debug_wdata_OBUF[25]_inst_i_2/O
                         net (fo=1, routed)           0.751    10.724    MEM_WB_Reg/DataToReg[25]
    SLICE_X90Y81         LUT5 (Prop_lut5_I4_O)        0.105    10.829 r  MEM_WB_Reg/debug_wdata_OBUF[25]_inst_i_1/O
                         net (fo=36, routed)          3.865    14.694    debug_wdata_OBUF[25]
    K18                  OBUF (Prop_obuf_I_O)         2.383    17.077 r  debug_wdata_OBUF[25]_inst/O
                         net (fo=0)                   0.000    17.077    debug_wdata[25]
    K18                                                               r  debug_wdata[25] (OUT)
  -------------------------------------------------------------------    -------------------

Slack:                    inf
  Source:                 DMEM_Single/DMEM_Pipelined/U0/inst_blk_mem_gen/gnbram.gnativebmg.native_blk_mem_gen/valid.cstr/ramloop[5].ram.r/prim_noinit.ram/DEVICE_7SERIES.NO_BMM_INFO.SDP.SIMPLE_PRIM36.ram/CLKBWRCLK
                            (rising edge-triggered cell RAMB36E1 clocked by clk  {rise@0.000ns fall@10.000ns period=20.000ns})
  Destination:            debug_wdata[23]
                            (output port)
  Path Group:             (none)
  Path Type:              Max at Slow Process Corner
  Data Path Delay:        12.571ns  (logic 4.897ns (38.955%)  route 7.674ns (61.045%))
  Logic Levels:           5  (LUT5=1 LUT6=3 OBUF=1)
  Clock Uncertainty:      0.025ns  ((TSJ^2 + TIJ^2)^1/2 + DJ) / 2 + PE
    Total System Jitter     (TSJ):    0.050ns
    Total Input Jitter      (TIJ):    0.000ns
    Discrete Jitter          (DJ):    0.000ns
    Phase Error              (PE):    0.000ns

    Location             Delay type                Incr(ns)  Path(ns)    Netlist Resource(s)
  -------------------------------------------------------------------    -------------------
                         (clock clk rise edge)        0.000     0.000 r  
    U14                                               0.000     0.000 r  clk (IN)
                         net (fo=0)                   0.000     0.000    clk
    U14                  IBUF (Prop_ibuf_I_O)         1.007     1.007 r  clk_IBUF_inst/O
                         net (fo=1, routed)           1.873     2.880    clk_IBUF
    BUFGCTRL_X0Y16       BUFG (Prop_bufg_I_O)         0.085     2.965 r  clk_IBUF_BUFG_inst/O
                         net (fo=1478, routed)        1.542     4.506    DMEM_Single/DMEM_Pipelined/U0/inst_blk_mem_gen/gnbram.gnativebmg.native_blk_mem_gen/valid.cstr/ramloop[5].ram.r/prim_noinit.ram/clkb
    RAMB36_X4Y10         RAMB36E1                                     r  DMEM_Single/DMEM_Pipelined/U0/inst_blk_mem_gen/gnbram.gnativebmg.native_blk_mem_gen/valid.cstr/ramloop[5].ram.r/prim_noinit.ram/DEVICE_7SERIES.NO_BMM_INFO.SDP.SIMPLE_PRIM36.ram/CLKBWRCLK
  -------------------------------------------------------------------    -------------------
    RAMB36_X4Y10         RAMB36E1 (Prop_ramb36e1_CLKBWRCLK_DOBDO[7])
                                                      2.125     6.631 r  DMEM_Single/DMEM_Pipelined/U0/inst_blk_mem_gen/gnbram.gnativebmg.native_blk_mem_gen/valid.cstr/ramloop[5].ram.r/prim_noinit.ram/DEVICE_7SERIES.NO_BMM_INFO.SDP.SIMPLE_PRIM36.ram/DOBDO[7]
                         net (fo=1, routed)           1.112     7.743    DMEM_Single/DMEM_Pipelined/U0/inst_blk_mem_gen/gnbram.gnativebmg.native_blk_mem_gen/valid.cstr/has_mux_b.B/doutb[15]_1[7]
    SLICE_X104Y58        LUT6 (Prop_lut6_I3_O)        0.105     7.848 r  DMEM_Single/DMEM_Pipelined/U0/inst_blk_mem_gen/gnbram.gnativebmg.native_blk_mem_gen/valid.cstr/has_mux_b.B/doutb[15]_INST_0/O
                         net (fo=4, routed)           1.230     9.078    load/doutb[15]
    SLICE_X87Y69         LUT6 (Prop_lut6_I0_O)        0.105     9.183 r  load/debug_wdata_OBUF[31]_inst_i_3/O
                         net (fo=25, routed)          0.839    10.021    load/DataToReg0_in[31]
    SLICE_X88Y73         LUT6 (Prop_lut6_I0_O)        0.105    10.126 r  load/debug_wdata_OBUF[23]_inst_i_2/O
                         net (fo=1, routed)           0.642    10.769    MEM_WB_Reg/DataToReg[23]
    SLICE_X92Y80         LUT5 (Prop_lut5_I4_O)        0.105    10.874 r  MEM_WB_Reg/debug_wdata_OBUF[23]_inst_i_1/O
                         net (fo=36, routed)          3.851    14.725    debug_wdata_OBUF[23]
    H17                  OBUF (Prop_obuf_I_O)         2.352    17.077 r  debug_wdata_OBUF[23]_inst/O
                         net (fo=0)                   0.000    17.077    debug_wdata[23]
    H17                                                               r  debug_wdata[23] (OUT)
  -------------------------------------------------------------------    -------------------

Slack:                    inf
  Source:                 DMEM_Single/DMEM_Pipelined/U0/inst_blk_mem_gen/gnbram.gnativebmg.native_blk_mem_gen/valid.cstr/ramloop[5].ram.r/prim_noinit.ram/DEVICE_7SERIES.NO_BMM_INFO.SDP.SIMPLE_PRIM36.ram/CLKBWRCLK
                            (rising edge-triggered cell RAMB36E1 clocked by clk  {rise@0.000ns fall@10.000ns period=20.000ns})
  Destination:            debug_wdata[13]
                            (output port)
  Path Group:             (none)
  Path Type:              Max at Slow Process Corner
  Data Path Delay:        12.570ns  (logic 4.891ns (38.914%)  route 7.678ns (61.086%))
  Logic Levels:           5  (LUT5=1 LUT6=3 OBUF=1)
  Clock Uncertainty:      0.025ns  ((TSJ^2 + TIJ^2)^1/2 + DJ) / 2 + PE
    Total System Jitter     (TSJ):    0.050ns
    Total Input Jitter      (TIJ):    0.000ns
    Discrete Jitter          (DJ):    0.000ns
    Phase Error              (PE):    0.000ns

    Location             Delay type                Incr(ns)  Path(ns)    Netlist Resource(s)
  -------------------------------------------------------------------    -------------------
                         (clock clk rise edge)        0.000     0.000 r  
    U14                                               0.000     0.000 r  clk (IN)
                         net (fo=0)                   0.000     0.000    clk
    U14                  IBUF (Prop_ibuf_I_O)         1.007     1.007 r  clk_IBUF_inst/O
                         net (fo=1, routed)           1.873     2.880    clk_IBUF
    BUFGCTRL_X0Y16       BUFG (Prop_bufg_I_O)         0.085     2.965 r  clk_IBUF_BUFG_inst/O
                         net (fo=1478, routed)        1.542     4.506    DMEM_Single/DMEM_Pipelined/U0/inst_blk_mem_gen/gnbram.gnativebmg.native_blk_mem_gen/valid.cstr/ramloop[5].ram.r/prim_noinit.ram/clkb
    RAMB36_X4Y10         RAMB36E1                                     r  DMEM_Single/DMEM_Pipelined/U0/inst_blk_mem_gen/gnbram.gnativebmg.native_blk_mem_gen/valid.cstr/ramloop[5].ram.r/prim_noinit.ram/DEVICE_7SERIES.NO_BMM_INFO.SDP.SIMPLE_PRIM36.ram/CLKBWRCLK
  -------------------------------------------------------------------    -------------------
    RAMB36_X4Y10         RAMB36E1 (Prop_ramb36e1_CLKBWRCLK_DOBDO[7])
                                                      2.125     6.631 r  DMEM_Single/DMEM_Pipelined/U0/inst_blk_mem_gen/gnbram.gnativebmg.native_blk_mem_gen/valid.cstr/ramloop[5].ram.r/prim_noinit.ram/DEVICE_7SERIES.NO_BMM_INFO.SDP.SIMPLE_PRIM36.ram/DOBDO[7]
                         net (fo=1, routed)           1.112     7.743    DMEM_Single/DMEM_Pipelined/U0/inst_blk_mem_gen/gnbram.gnativebmg.native_blk_mem_gen/valid.cstr/has_mux_b.B/doutb[15]_1[7]
    SLICE_X104Y58        LUT6 (Prop_lut6_I3_O)        0.105     7.848 r  DMEM_Single/DMEM_Pipelined/U0/inst_blk_mem_gen/gnbram.gnativebmg.native_blk_mem_gen/valid.cstr/has_mux_b.B/doutb[15]_INST_0/O
                         net (fo=4, routed)           1.230     9.078    load/doutb[15]
    SLICE_X87Y69         LUT6 (Prop_lut6_I0_O)        0.105     9.183 r  load/debug_wdata_OBUF[31]_inst_i_3/O
                         net (fo=25, routed)          0.571     9.753    load/DataToReg0_in[31]
    SLICE_X88Y70         LUT6 (Prop_lut6_I0_O)        0.105     9.858 r  load/debug_wdata_OBUF[13]_inst_i_2/O
                         net (fo=1, routed)           0.428    10.287    MEM_WB_Reg/DataToReg[13]
    SLICE_X88Y77         LUT5 (Prop_lut5_I4_O)        0.105    10.392 r  MEM_WB_Reg/debug_wdata_OBUF[13]_inst_i_1/O
                         net (fo=36, routed)          4.338    14.730    debug_wdata_OBUF[13]
    G20                  OBUF (Prop_obuf_I_O)         2.346    17.076 r  debug_wdata_OBUF[13]_inst/O
                         net (fo=0)                   0.000    17.076    debug_wdata[13]
    G20                                                               r  debug_wdata[13] (OUT)
  -------------------------------------------------------------------    -------------------

Slack:                    inf
  Source:                 DMEM_Single/DMEM_Pipelined/U0/inst_blk_mem_gen/gnbram.gnativebmg.native_blk_mem_gen/valid.cstr/ramloop[5].ram.r/prim_noinit.ram/DEVICE_7SERIES.NO_BMM_INFO.SDP.SIMPLE_PRIM36.ram/CLKBWRCLK
                            (rising edge-triggered cell RAMB36E1 clocked by clk  {rise@0.000ns fall@10.000ns period=20.000ns})
  Destination:            debug_wdata[10]
                            (output port)
  Path Group:             (none)
  Path Type:              Max at Slow Process Corner
  Data Path Delay:        12.563ns  (logic 5.009ns (39.872%)  route 7.554ns (60.128%))
  Logic Levels:           5  (LUT5=1 LUT6=3 OBUF=1)
  Clock Uncertainty:      0.025ns  ((TSJ^2 + TIJ^2)^1/2 + DJ) / 2 + PE
    Total System Jitter     (TSJ):    0.050ns
    Total Input Jitter      (TIJ):    0.000ns
    Discrete Jitter          (DJ):    0.000ns
    Phase Error              (PE):    0.000ns

    Location             Delay type                Incr(ns)  Path(ns)    Netlist Resource(s)
  -------------------------------------------------------------------    -------------------
                         (clock clk rise edge)        0.000     0.000 r  
    U14                                               0.000     0.000 r  clk (IN)
                         net (fo=0)                   0.000     0.000    clk
    U14                  IBUF (Prop_ibuf_I_O)         1.007     1.007 r  clk_IBUF_inst/O
                         net (fo=1, routed)           1.873     2.880    clk_IBUF
    BUFGCTRL_X0Y16       BUFG (Prop_bufg_I_O)         0.085     2.965 r  clk_IBUF_BUFG_inst/O
                         net (fo=1478, routed)        1.542     4.506    DMEM_Single/DMEM_Pipelined/U0/inst_blk_mem_gen/gnbram.gnativebmg.native_blk_mem_gen/valid.cstr/ramloop[5].ram.r/prim_noinit.ram/clkb
    RAMB36_X4Y10         RAMB36E1                                     r  DMEM_Single/DMEM_Pipelined/U0/inst_blk_mem_gen/gnbram.gnativebmg.native_blk_mem_gen/valid.cstr/ramloop[5].ram.r/prim_noinit.ram/DEVICE_7SERIES.NO_BMM_INFO.SDP.SIMPLE_PRIM36.ram/CLKBWRCLK
  -------------------------------------------------------------------    -------------------
    RAMB36_X4Y10         RAMB36E1 (Prop_ramb36e1_CLKBWRCLK_DOBDO[2])
                                                      2.125     6.631 r  DMEM_Single/DMEM_Pipelined/U0/inst_blk_mem_gen/gnbram.gnativebmg.native_blk_mem_gen/valid.cstr/ramloop[5].ram.r/prim_noinit.ram/DEVICE_7SERIES.NO_BMM_INFO.SDP.SIMPLE_PRIM36.ram/DOBDO[2]
                         net (fo=1, routed)           1.141     7.772    DMEM_Single/DMEM_Pipelined/U0/inst_blk_mem_gen/gnbram.gnativebmg.native_blk_mem_gen/valid.cstr/has_mux_b.B/doutb[15]_1[2]
    SLICE_X105Y55        LUT6 (Prop_lut6_I3_O)        0.105     7.877 r  DMEM_Single/DMEM_Pipelined/U0/inst_blk_mem_gen/gnbram.gnativebmg.native_blk_mem_gen/valid.cstr/has_mux_b.B/doutb[10]_INST_0/O
                         net (fo=4, routed)           1.228     9.105    load/doutb[10]
    SLICE_X86Y69         LUT6 (Prop_lut6_I0_O)        0.105     9.210 r  load/debug_wdata_OBUF[10]_inst_i_3/O
                         net (fo=1, routed)           0.361     9.571    load/debug_wdata_OBUF[10]_inst_i_3_n_0
    SLICE_X86Y69         LUT6 (Prop_lut6_I4_O)        0.105     9.676 r  load/debug_wdata_OBUF[10]_inst_i_2/O
                         net (fo=1, routed)           0.327    10.003    MEM_WB_Reg/DataToReg[10]
    SLICE_X86Y70         LUT5 (Prop_lut5_I4_O)        0.105    10.108 r  MEM_WB_Reg/debug_wdata_OBUF[10]_inst_i_1/O
                         net (fo=36, routed)          4.497    14.605    debug_wdata_OBUF[10]
    K14                  OBUF (Prop_obuf_I_O)         2.464    17.069 r  debug_wdata_OBUF[10]_inst/O
                         net (fo=0)                   0.000    17.069    debug_wdata[10]
    K14                                                               r  debug_wdata[10] (OUT)
  -------------------------------------------------------------------    -------------------

Slack:                    inf
  Source:                 DMEM_Single/DMEM_Pipelined/U0/inst_blk_mem_gen/gnbram.gnativebmg.native_blk_mem_gen/valid.cstr/ramloop[5].ram.r/prim_noinit.ram/DEVICE_7SERIES.NO_BMM_INFO.SDP.SIMPLE_PRIM36.ram/CLKBWRCLK
                            (rising edge-triggered cell RAMB36E1 clocked by clk  {rise@0.000ns fall@10.000ns period=20.000ns})
  Destination:            debug_wdata[4]
                            (output port)
  Path Group:             (none)
  Path Type:              Max at Slow Process Corner
  Data Path Delay:        12.548ns  (logic 4.966ns (39.572%)  route 7.583ns (60.429%))
  Logic Levels:           5  (LUT5=1 LUT6=3 OBUF=1)
  Clock Uncertainty:      0.025ns  ((TSJ^2 + TIJ^2)^1/2 + DJ) / 2 + PE
    Total System Jitter     (TSJ):    0.050ns
    Total Input Jitter      (TIJ):    0.000ns
    Discrete Jitter          (DJ):    0.000ns
    Phase Error              (PE):    0.000ns

    Location             Delay type                Incr(ns)  Path(ns)    Netlist Resource(s)
  -------------------------------------------------------------------    -------------------
                         (clock clk rise edge)        0.000     0.000 r  
    U14                                               0.000     0.000 r  clk (IN)
                         net (fo=0)                   0.000     0.000    clk
    U14                  IBUF (Prop_ibuf_I_O)         1.007     1.007 r  clk_IBUF_inst/O
                         net (fo=1, routed)           1.873     2.880    clk_IBUF
    BUFGCTRL_X0Y16       BUFG (Prop_bufg_I_O)         0.085     2.965 r  clk_IBUF_BUFG_inst/O
                         net (fo=1478, routed)        1.542     4.506    DMEM_Single/DMEM_Pipelined/U0/inst_blk_mem_gen/gnbram.gnativebmg.native_blk_mem_gen/valid.cstr/ramloop[5].ram.r/prim_noinit.ram/clkb
    RAMB36_X4Y10         RAMB36E1                                     r  DMEM_Single/DMEM_Pipelined/U0/inst_blk_mem_gen/gnbram.gnativebmg.native_blk_mem_gen/valid.cstr/ramloop[5].ram.r/prim_noinit.ram/DEVICE_7SERIES.NO_BMM_INFO.SDP.SIMPLE_PRIM36.ram/CLKBWRCLK
  -------------------------------------------------------------------    -------------------
    RAMB36_X4Y10         RAMB36E1 (Prop_ramb36e1_CLKBWRCLK_DOBDO[4])
                                                      2.125     6.631 r  DMEM_Single/DMEM_Pipelined/U0/inst_blk_mem_gen/gnbram.gnativebmg.native_blk_mem_gen/valid.cstr/ramloop[5].ram.r/prim_noinit.ram/DEVICE_7SERIES.NO_BMM_INFO.SDP.SIMPLE_PRIM36.ram/DOBDO[4]
                         net (fo=1, routed)           1.095     7.726    DMEM_Single/DMEM_Pipelined/U0/inst_blk_mem_gen/gnbram.gnativebmg.native_blk_mem_gen/valid.cstr/has_mux_b.B/doutb[15]_1[4]
    SLICE_X105Y55        LUT6 (Prop_lut6_I3_O)        0.105     7.831 r  DMEM_Single/DMEM_Pipelined/U0/inst_blk_mem_gen/gnbram.gnativebmg.native_blk_mem_gen/valid.cstr/has_mux_b.B/doutb[12]_INST_0/O
                         net (fo=4, routed)           1.558     9.389    load/doutb[12]
    SLICE_X88Y69         LUT6 (Prop_lut6_I0_O)        0.105     9.494 r  load/debug_wdata_OBUF[4]_inst_i_3/O
                         net (fo=1, routed)           0.120     9.614    load/DataToReg0_in[4]
    SLICE_X88Y69         LUT6 (Prop_lut6_I0_O)        0.105     9.719 r  load/debug_wdata_OBUF[4]_inst_i_2/O
                         net (fo=1, routed)           0.468    10.187    MEM_WB_Reg/DataToReg[4]
    SLICE_X89Y74         LUT5 (Prop_lut5_I4_O)        0.105    10.292 r  MEM_WB_Reg/debug_wdata_OBUF[4]_inst_i_1/O
                         net (fo=36, routed)          4.342    14.634    debug_wdata_OBUF[4]
    M14                  OBUF (Prop_obuf_I_O)         2.421    17.055 r  debug_wdata_OBUF[4]_inst/O
                         net (fo=0)                   0.000    17.055    debug_wdata[4]
    M14                                                               r  debug_wdata[4] (OUT)
  -------------------------------------------------------------------    -------------------





Min Delay Paths
--------------------------------------------------------------------------------------
Slack:                    inf
  Source:                 Prog_Counter/Prog_Count/Q_reg[26]/C
                            (rising edge-triggered cell FDCE clocked by clk  {rise@0.000ns fall@10.000ns period=20.000ns})
  Destination:            debug_pc[26]
                            (output port)
  Path Group:             (none)
  Path Type:              Min at Fast Process Corner
  Data Path Delay:        1.866ns  (logic 1.304ns (69.864%)  route 0.562ns (30.136%))
  Logic Levels:           1  (OBUF=1)
  Clock Uncertainty:      0.025ns  ((TSJ^2 + TIJ^2)^1/2 + DJ) / 2 + PE
    Total System Jitter     (TSJ):    0.050ns
    Total Input Jitter      (TIJ):    0.000ns
    Discrete Jitter          (DJ):    0.000ns
    Phase Error              (PE):    0.000ns

    Location             Delay type                Incr(ns)  Path(ns)    Netlist Resource(s)
  -------------------------------------------------------------------    -------------------
                         (clock clk rise edge)        0.000     0.000 r  
    U14                                               0.000     0.000 r  clk (IN)
                         net (fo=0)                   0.000     0.000    clk
    U14                  IBUF (Prop_ibuf_I_O)         0.302     0.302 r  clk_IBUF_inst/O
                         net (fo=1, routed)           0.674     0.976    clk_IBUF
    BUFGCTRL_X0Y16       BUFG (Prop_bufg_I_O)         0.026     1.002 r  clk_IBUF_BUFG_inst/O
                         net (fo=1478, routed)        0.598     1.600    Prog_Counter/Prog_Count/clk
    SLICE_X99Y77         FDCE                                         r  Prog_Counter/Prog_Count/Q_reg[26]/C
  -------------------------------------------------------------------    -------------------
    SLICE_X99Y77         FDCE (Prop_fdce_C_Q)         0.141     1.741 r  Prog_Counter/Prog_Count/Q_reg[26]/Q
                         net (fo=3, routed)           0.562     2.303    debug_pc_OBUF[26]
    U18                  OBUF (Prop_obuf_I_O)         1.163     3.466 r  debug_pc_OBUF[26]_inst/O
                         net (fo=0)                   0.000     3.466    debug_pc[26]
    U18                                                               r  debug_pc[26] (OUT)
  -------------------------------------------------------------------    -------------------

Slack:                    inf
  Source:                 Prog_Counter/Prog_Count/Q_reg[31]/C
                            (rising edge-triggered cell FDCE clocked by clk  {rise@0.000ns fall@10.000ns period=20.000ns})
  Destination:            debug_pc[31]
                            (output port)
  Path Group:             (none)
  Path Type:              Min at Fast Process Corner
  Data Path Delay:        1.931ns  (logic 1.335ns (69.134%)  route 0.596ns (30.866%))
  Logic Levels:           1  (OBUF=1)
  Clock Uncertainty:      0.025ns  ((TSJ^2 + TIJ^2)^1/2 + DJ) / 2 + PE
    Total System Jitter     (TSJ):    0.050ns
    Total Input Jitter      (TIJ):    0.000ns
    Discrete Jitter          (DJ):    0.000ns
    Phase Error              (PE):    0.000ns

    Location             Delay type                Incr(ns)  Path(ns)    Netlist Resource(s)
  -------------------------------------------------------------------    -------------------
                         (clock clk rise edge)        0.000     0.000 r  
    U14                                               0.000     0.000 r  clk (IN)
                         net (fo=0)                   0.000     0.000    clk
    U14                  IBUF (Prop_ibuf_I_O)         0.302     0.302 r  clk_IBUF_inst/O
                         net (fo=1, routed)           0.674     0.976    clk_IBUF
    BUFGCTRL_X0Y16       BUFG (Prop_bufg_I_O)         0.026     1.002 r  clk_IBUF_BUFG_inst/O
                         net (fo=1478, routed)        0.598     1.600    Prog_Counter/Prog_Count/clk
    SLICE_X99Y78         FDCE                                         r  Prog_Counter/Prog_Count/Q_reg[31]/C
  -------------------------------------------------------------------    -------------------
    SLICE_X99Y78         FDCE (Prop_fdce_C_Q)         0.141     1.741 r  Prog_Counter/Prog_Count/Q_reg[31]/Q
                         net (fo=3, routed)           0.596     2.337    debug_pc_OBUF[31]
    T16                  OBUF (Prop_obuf_I_O)         1.194     3.532 r  debug_pc_OBUF[31]_inst/O
                         net (fo=0)                   0.000     3.532    debug_pc[31]
    T16                                                               r  debug_pc[31] (OUT)
  -------------------------------------------------------------------    -------------------

Slack:                    inf
  Source:                 Prog_Counter/Prog_Count/Q_reg[22]/C
                            (rising edge-triggered cell FDCE clocked by clk  {rise@0.000ns fall@10.000ns period=20.000ns})
  Destination:            debug_pc[22]
                            (output port)
  Path Group:             (none)
  Path Type:              Min at Fast Process Corner
  Data Path Delay:        1.942ns  (logic 1.260ns (64.894%)  route 0.682ns (35.106%))
  Logic Levels:           1  (OBUF=1)
  Clock Uncertainty:      0.025ns  ((TSJ^2 + TIJ^2)^1/2 + DJ) / 2 + PE
    Total System Jitter     (TSJ):    0.050ns
    Total Input Jitter      (TIJ):    0.000ns
    Discrete Jitter          (DJ):    0.000ns
    Phase Error              (PE):    0.000ns

    Location             Delay type                Incr(ns)  Path(ns)    Netlist Resource(s)
  -------------------------------------------------------------------    -------------------
                         (clock clk rise edge)        0.000     0.000 r  
    U14                                               0.000     0.000 r  clk (IN)
                         net (fo=0)                   0.000     0.000    clk
    U14                  IBUF (Prop_ibuf_I_O)         0.302     0.302 r  clk_IBUF_inst/O
                         net (fo=1, routed)           0.674     0.976    clk_IBUF
    BUFGCTRL_X0Y16       BUFG (Prop_bufg_I_O)         0.026     1.002 r  clk_IBUF_BUFG_inst/O
                         net (fo=1478, routed)        0.596     1.598    Prog_Counter/Prog_Count/clk
    SLICE_X99Y76         FDCE                                         r  Prog_Counter/Prog_Count/Q_reg[22]/C
  -------------------------------------------------------------------    -------------------
    SLICE_X99Y76         FDCE (Prop_fdce_C_Q)         0.141     1.739 r  Prog_Counter/Prog_Count/Q_reg[22]/Q
                         net (fo=3, routed)           0.682     2.421    debug_pc_OBUF[22]
    N20                  OBUF (Prop_obuf_I_O)         1.119     3.540 r  debug_pc_OBUF[22]_inst/O
                         net (fo=0)                   0.000     3.540    debug_pc[22]
    N20                                                               r  debug_pc[22] (OUT)
  -------------------------------------------------------------------    -------------------

Slack:                    inf
  Source:                 Prog_Counter/Prog_Count/Q_reg[25]/C
                            (rising edge-triggered cell FDCE clocked by clk  {rise@0.000ns fall@10.000ns period=20.000ns})
  Destination:            debug_pc[25]
                            (output port)
  Path Group:             (none)
  Path Type:              Min at Fast Process Corner
  Data Path Delay:        1.952ns  (logic 1.309ns (67.036%)  route 0.644ns (32.964%))
  Logic Levels:           1  (OBUF=1)
  Clock Uncertainty:      0.025ns  ((TSJ^2 + TIJ^2)^1/2 + DJ) / 2 + PE
    Total System Jitter     (TSJ):    0.050ns
    Total Input Jitter      (TIJ):    0.000ns
    Discrete Jitter          (DJ):    0.000ns
    Phase Error              (PE):    0.000ns

    Location             Delay type                Incr(ns)  Path(ns)    Netlist Resource(s)
  -------------------------------------------------------------------    -------------------
                         (clock clk rise edge)        0.000     0.000 r  
    U14                                               0.000     0.000 r  clk (IN)
                         net (fo=0)                   0.000     0.000    clk
    U14                  IBUF (Prop_ibuf_I_O)         0.302     0.302 r  clk_IBUF_inst/O
                         net (fo=1, routed)           0.674     0.976    clk_IBUF
    BUFGCTRL_X0Y16       BUFG (Prop_bufg_I_O)         0.026     1.002 r  clk_IBUF_BUFG_inst/O
                         net (fo=1478, routed)        0.598     1.600    Prog_Counter/Prog_Count/clk
    SLICE_X99Y77         FDCE                                         r  Prog_Counter/Prog_Count/Q_reg[25]/C
  -------------------------------------------------------------------    -------------------
    SLICE_X99Y77         FDCE (Prop_fdce_C_Q)         0.141     1.741 r  Prog_Counter/Prog_Count/Q_reg[25]/Q
                         net (fo=3, routed)           0.644     2.385    debug_pc_OBUF[25]
    U19                  OBUF (Prop_obuf_I_O)         1.168     3.552 r  debug_pc_OBUF[25]_inst/O
                         net (fo=0)                   0.000     3.552    debug_pc[25]
    U19                                                               r  debug_pc[25] (OUT)
  -------------------------------------------------------------------    -------------------

Slack:                    inf
  Source:                 Prog_Counter/Prog_Count/Q_reg[27]/C
                            (rising edge-triggered cell FDCE clocked by clk  {rise@0.000ns fall@10.000ns period=20.000ns})
  Destination:            debug_pc[27]
                            (output port)
  Path Group:             (none)
  Path Type:              Min at Fast Process Corner
  Data Path Delay:        1.961ns  (logic 1.389ns (70.831%)  route 0.572ns (29.169%))
  Logic Levels:           1  (OBUF=1)
  Clock Uncertainty:      0.025ns  ((TSJ^2 + TIJ^2)^1/2 + DJ) / 2 + PE
    Total System Jitter     (TSJ):    0.050ns
    Total Input Jitter      (TIJ):    0.000ns
    Discrete Jitter          (DJ):    0.000ns
    Phase Error              (PE):    0.000ns

    Location             Delay type                Incr(ns)  Path(ns)    Netlist Resource(s)
  -------------------------------------------------------------------    -------------------
                         (clock clk rise edge)        0.000     0.000 r  
    U14                                               0.000     0.000 r  clk (IN)
                         net (fo=0)                   0.000     0.000    clk
    U14                  IBUF (Prop_ibuf_I_O)         0.302     0.302 r  clk_IBUF_inst/O
                         net (fo=1, routed)           0.674     0.976    clk_IBUF
    BUFGCTRL_X0Y16       BUFG (Prop_bufg_I_O)         0.026     1.002 r  clk_IBUF_BUFG_inst/O
                         net (fo=1478, routed)        0.598     1.600    Prog_Counter/Prog_Count/clk
    SLICE_X99Y77         FDCE                                         r  Prog_Counter/Prog_Count/Q_reg[27]/C
  -------------------------------------------------------------------    -------------------
    SLICE_X99Y77         FDCE (Prop_fdce_C_Q)         0.141     1.741 r  Prog_Counter/Prog_Count/Q_reg[27]/Q
                         net (fo=3, routed)           0.572     2.313    debug_pc_OBUF[27]
    U15                  OBUF (Prop_obuf_I_O)         1.248     3.562 r  debug_pc_OBUF[27]_inst/O
                         net (fo=0)                   0.000     3.562    debug_pc[27]
    U15                                                               r  debug_pc[27] (OUT)
  -------------------------------------------------------------------    -------------------

Slack:                    inf
  Source:                 Prog_Counter/Prog_Count/Q_reg[20]/C
                            (rising edge-triggered cell FDCE clocked by clk  {rise@0.000ns fall@10.000ns period=20.000ns})
  Destination:            debug_pc[20]
                            (output port)
  Path Group:             (none)
  Path Type:              Min at Fast Process Corner
  Data Path Delay:        1.977ns  (logic 1.290ns (65.272%)  route 0.686ns (34.728%))
  Logic Levels:           1  (OBUF=1)
  Clock Uncertainty:      0.025ns  ((TSJ^2 + TIJ^2)^1/2 + DJ) / 2 + PE
    Total System Jitter     (TSJ):    0.050ns
    Total Input Jitter      (TIJ):    0.000ns
    Discrete Jitter          (DJ):    0.000ns
    Phase Error              (PE):    0.000ns

    Location             Delay type                Incr(ns)  Path(ns)    Netlist Resource(s)
  -------------------------------------------------------------------    -------------------
                         (clock clk rise edge)        0.000     0.000 r  
    U14                                               0.000     0.000 r  clk (IN)
                         net (fo=0)                   0.000     0.000    clk
    U14                  IBUF (Prop_ibuf_I_O)         0.302     0.302 r  clk_IBUF_inst/O
                         net (fo=1, routed)           0.674     0.976    clk_IBUF
    BUFGCTRL_X0Y16       BUFG (Prop_bufg_I_O)         0.026     1.002 r  clk_IBUF_BUFG_inst/O
                         net (fo=1478, routed)        0.595     1.597    Prog_Counter/Prog_Count/clk
    SLICE_X99Y75         FDCE                                         r  Prog_Counter/Prog_Count/Q_reg[20]/C
  -------------------------------------------------------------------    -------------------
    SLICE_X99Y75         FDCE (Prop_fdce_C_Q)         0.141     1.738 r  Prog_Counter/Prog_Count/Q_reg[20]/Q
                         net (fo=3, routed)           0.686     2.425    debug_pc_OBUF[20]
    T20                  OBUF (Prop_obuf_I_O)         1.149     3.574 r  debug_pc_OBUF[20]_inst/O
                         net (fo=0)                   0.000     3.574    debug_pc[20]
    T20                                                               r  debug_pc[20] (OUT)
  -------------------------------------------------------------------    -------------------

Slack:                    inf
  Source:                 Prog_Counter/Prog_Count/Q_reg[28]/C
                            (rising edge-triggered cell FDCE clocked by clk  {rise@0.000ns fall@10.000ns period=20.000ns})
  Destination:            debug_pc[28]
                            (output port)
  Path Group:             (none)
  Path Type:              Min at Fast Process Corner
  Data Path Delay:        1.977ns  (logic 1.384ns (69.970%)  route 0.594ns (30.030%))
  Logic Levels:           1  (OBUF=1)
  Clock Uncertainty:      0.025ns  ((TSJ^2 + TIJ^2)^1/2 + DJ) / 2 + PE
    Total System Jitter     (TSJ):    0.050ns
    Total Input Jitter      (TIJ):    0.000ns
    Discrete Jitter          (DJ):    0.000ns
    Phase Error              (PE):    0.000ns

    Location             Delay type                Incr(ns)  Path(ns)    Netlist Resource(s)
  -------------------------------------------------------------------    -------------------
                         (clock clk rise edge)        0.000     0.000 r  
    U14                                               0.000     0.000 r  clk (IN)
                         net (fo=0)                   0.000     0.000    clk
    U14                  IBUF (Prop_ibuf_I_O)         0.302     0.302 r  clk_IBUF_inst/O
                         net (fo=1, routed)           0.674     0.976    clk_IBUF
    BUFGCTRL_X0Y16       BUFG (Prop_bufg_I_O)         0.026     1.002 r  clk_IBUF_BUFG_inst/O
                         net (fo=1478, routed)        0.598     1.600    Prog_Counter/Prog_Count/clk
    SLICE_X99Y77         FDCE                                         r  Prog_Counter/Prog_Count/Q_reg[28]/C
  -------------------------------------------------------------------    -------------------
    SLICE_X99Y77         FDCE (Prop_fdce_C_Q)         0.141     1.741 r  Prog_Counter/Prog_Count/Q_reg[28]/Q
                         net (fo=3, routed)           0.594     2.335    debug_pc_OBUF[28]
    W15                  OBUF (Prop_obuf_I_O)         1.243     3.577 r  debug_pc_OBUF[28]_inst/O
                         net (fo=0)                   0.000     3.577    debug_pc[28]
    W15                                                               r  debug_pc[28] (OUT)
  -------------------------------------------------------------------    -------------------

Slack:                    inf
  Source:                 Prog_Counter/Prog_Count/Q_reg[30]/C
                            (rising edge-triggered cell FDCE clocked by clk  {rise@0.000ns fall@10.000ns period=20.000ns})
  Destination:            debug_pc[30]
                            (output port)
  Path Group:             (none)
  Path Type:              Min at Fast Process Corner
  Data Path Delay:        1.995ns  (logic 1.353ns (67.822%)  route 0.642ns (32.178%))
  Logic Levels:           1  (OBUF=1)
  Clock Uncertainty:      0.025ns  ((TSJ^2 + TIJ^2)^1/2 + DJ) / 2 + PE
    Total System Jitter     (TSJ):    0.050ns
    Total Input Jitter      (TIJ):    0.000ns
    Discrete Jitter          (DJ):    0.000ns
    Phase Error              (PE):    0.000ns

    Location             Delay type                Incr(ns)  Path(ns)    Netlist Resource(s)
  -------------------------------------------------------------------    -------------------
                         (clock clk rise edge)        0.000     0.000 r  
    U14                                               0.000     0.000 r  clk (IN)
                         net (fo=0)                   0.000     0.000    clk
    U14                  IBUF (Prop_ibuf_I_O)         0.302     0.302 r  clk_IBUF_inst/O
                         net (fo=1, routed)           0.674     0.976    clk_IBUF
    BUFGCTRL_X0Y16       BUFG (Prop_bufg_I_O)         0.026     1.002 r  clk_IBUF_BUFG_inst/O
                         net (fo=1478, routed)        0.598     1.600    Prog_Counter/Prog_Count/clk
    SLICE_X99Y78         FDCE                                         r  Prog_Counter/Prog_Count/Q_reg[30]/C
  -------------------------------------------------------------------    -------------------
    SLICE_X99Y78         FDCE (Prop_fdce_C_Q)         0.141     1.741 r  Prog_Counter/Prog_Count/Q_reg[30]/Q
                         net (fo=3, routed)           0.642     2.383    debug_pc_OBUF[30]
    U17                  OBUF (Prop_obuf_I_O)         1.212     3.595 r  debug_pc_OBUF[30]_inst/O
                         net (fo=0)                   0.000     3.595    debug_pc[30]
    U17                                                               r  debug_pc[30] (OUT)
  -------------------------------------------------------------------    -------------------

Slack:                    inf
  Source:                 Prog_Counter/Prog_Count/Q_reg[18]/C
                            (rising edge-triggered cell FDCE clocked by clk  {rise@0.000ns fall@10.000ns period=20.000ns})
  Destination:            debug_pc[18]
                            (output port)
  Path Group:             (none)
  Path Type:              Min at Fast Process Corner
  Data Path Delay:        2.006ns  (logic 1.328ns (66.185%)  route 0.678ns (33.815%))
  Logic Levels:           1  (OBUF=1)
  Clock Uncertainty:      0.025ns  ((TSJ^2 + TIJ^2)^1/2 + DJ) / 2 + PE
    Total System Jitter     (TSJ):    0.050ns
    Total Input Jitter      (TIJ):    0.000ns
    Discrete Jitter          (DJ):    0.000ns
    Phase Error              (PE):    0.000ns

    Location             Delay type                Incr(ns)  Path(ns)    Netlist Resource(s)
  -------------------------------------------------------------------    -------------------
                         (clock clk rise edge)        0.000     0.000 r  
    U14                                               0.000     0.000 r  clk (IN)
                         net (fo=0)                   0.000     0.000    clk
    U14                  IBUF (Prop_ibuf_I_O)         0.302     0.302 r  clk_IBUF_inst/O
                         net (fo=1, routed)           0.674     0.976    clk_IBUF
    BUFGCTRL_X0Y16       BUFG (Prop_bufg_I_O)         0.026     1.002 r  clk_IBUF_BUFG_inst/O
                         net (fo=1478, routed)        0.595     1.597    Prog_Counter/Prog_Count/clk
    SLICE_X99Y75         FDCE                                         r  Prog_Counter/Prog_Count/Q_reg[18]/C
  -------------------------------------------------------------------    -------------------
    SLICE_X99Y75         FDCE (Prop_fdce_C_Q)         0.141     1.738 r  Prog_Counter/Prog_Count/Q_reg[18]/Q
                         net (fo=3, routed)           0.678     2.416    debug_pc_OBUF[18]
    V20                  OBUF (Prop_obuf_I_O)         1.187     3.603 r  debug_pc_OBUF[18]_inst/O
                         net (fo=0)                   0.000     3.603    debug_pc[18]
    V20                                                               r  debug_pc[18] (OUT)
  -------------------------------------------------------------------    -------------------

Slack:                    inf
  Source:                 Prog_Counter/Prog_Count/Q_reg[17]/C
                            (rising edge-triggered cell FDCE clocked by clk  {rise@0.000ns fall@10.000ns period=20.000ns})
  Destination:            debug_pc[17]
                            (output port)
  Path Group:             (none)
  Path Type:              Min at Fast Process Corner
  Data Path Delay:        2.020ns  (logic 1.334ns (66.022%)  route 0.686ns (33.978%))
  Logic Levels:           1  (OBUF=1)
  Clock Uncertainty:      0.025ns  ((TSJ^2 + TIJ^2)^1/2 + DJ) / 2 + PE
    Total System Jitter     (TSJ):    0.050ns
    Total Input Jitter      (TIJ):    0.000ns
    Discrete Jitter          (DJ):    0.000ns
    Phase Error              (PE):    0.000ns

    Location             Delay type                Incr(ns)  Path(ns)    Netlist Resource(s)
  -------------------------------------------------------------------    -------------------
                         (clock clk rise edge)        0.000     0.000 r  
    U14                                               0.000     0.000 r  clk (IN)
                         net (fo=0)                   0.000     0.000    clk
    U14                  IBUF (Prop_ibuf_I_O)         0.302     0.302 r  clk_IBUF_inst/O
                         net (fo=1, routed)           0.674     0.976    clk_IBUF
    BUFGCTRL_X0Y16       BUFG (Prop_bufg_I_O)         0.026     1.002 r  clk_IBUF_BUFG_inst/O
                         net (fo=1478, routed)        0.595     1.597    Prog_Counter/Prog_Count/clk
    SLICE_X99Y75         FDCE                                         r  Prog_Counter/Prog_Count/Q_reg[17]/C
  -------------------------------------------------------------------    -------------------
    SLICE_X99Y75         FDCE (Prop_fdce_C_Q)         0.141     1.738 r  Prog_Counter/Prog_Count/Q_reg[17]/Q
                         net (fo=3, routed)           0.686     2.424    debug_pc_OBUF[17]
    W20                  OBUF (Prop_obuf_I_O)         1.193     3.617 r  debug_pc_OBUF[17]_inst/O
                         net (fo=0)                   0.000     3.617    debug_pc[17]
    W20                                                               r  debug_pc[17] (OUT)
  -------------------------------------------------------------------    -------------------





--------------------------------------------------------------------------------------
Path Group:  (none)
From Clock:  
  To Clock:  clk

Max Delay          1419 Endpoints
Min Delay          1419 Endpoints
--------------------------------------------------------------------------------------


Max Delay Paths
--------------------------------------------------------------------------------------
Slack:                    inf
  Source:                 rst_n
                            (input port)
  Destination:            RegFile_single/reg_array_reg[27][11]/CLR
                            (recovery check against rising-edge clock clk  {rise@0.000ns fall@10.000ns period=20.000ns})
  Path Group:             (none)
  Path Type:              Recovery (Max at Slow Process Corner)
  Data Path Delay:        8.753ns  (logic 1.111ns (12.690%)  route 7.642ns (87.310%))
  Logic Levels:           2  (IBUF=1 LUT1=1)
  Clock Path Skew:        3.943ns (DCD - SCD + CPR)
    Destination Clock Delay (DCD):    3.943ns
    Source Clock Delay      (SCD):    0.000ns
    Clock Pessimism Removal (CPR):    0.000ns
  Clock Uncertainty:      0.025ns  ((TSJ^2 + TIJ^2)^1/2 + DJ) / 2 + PE
    Total System Jitter     (TSJ):    0.050ns
    Total Input Jitter      (TIJ):    0.000ns
    Discrete Jitter          (DJ):    0.000ns
    Phase Error              (PE):    0.000ns

    Location             Delay type                Incr(ns)  Path(ns)    Netlist Resource(s)
  -------------------------------------------------------------------    -------------------
    Y14                                               0.000     0.000 r  rst_n (IN)
                         net (fo=0)                   0.000     0.000    rst_n
    Y14                  IBUF (Prop_ibuf_I_O)         1.006     1.006 r  rst_n_IBUF_inst/O
                         net (fo=13, routed)          1.174     2.180    RegFile_single/rst_n_IBUF
    SLICE_X110Y77        LUT1 (Prop_lut1_I0_O)        0.105     2.285 f  RegFile_single/Q[0]_i_3/O
                         net (fo=1407, routed)        6.468     8.753    RegFile_single/rst_n
    SLICE_X88Y86         FDCE                                         f  RegFile_single/reg_array_reg[27][11]/CLR
  -------------------------------------------------------------------    -------------------

                         (clock clk rise edge)        0.000     0.000 r  
    U14                                               0.000     0.000 r  clk (IN)
                         net (fo=0)                   0.000     0.000    clk
    U14                  IBUF (Prop_ibuf_I_O)         0.875     0.875 r  clk_IBUF_inst/O
                         net (fo=1, routed)           1.701     2.576    clk_IBUF
    BUFGCTRL_X0Y16       BUFG (Prop_bufg_I_O)         0.077     2.653 r  clk_IBUF_BUFG_inst/O
                         net (fo=1478, routed)        1.290     3.943    RegFile_single/clk
    SLICE_X88Y86         FDCE                                         r  RegFile_single/reg_array_reg[27][11]/C

Slack:                    inf
  Source:                 rst_n
                            (input port)
  Destination:            RegFile_single/reg_array_reg[27][31]/CLR
                            (recovery check against rising-edge clock clk  {rise@0.000ns fall@10.000ns period=20.000ns})
  Path Group:             (none)
  Path Type:              Recovery (Max at Slow Process Corner)
  Data Path Delay:        8.753ns  (logic 1.111ns (12.690%)  route 7.642ns (87.310%))
  Logic Levels:           2  (IBUF=1 LUT1=1)
  Clock Path Skew:        3.943ns (DCD - SCD + CPR)
    Destination Clock Delay (DCD):    3.943ns
    Source Clock Delay      (SCD):    0.000ns
    Clock Pessimism Removal (CPR):    0.000ns
  Clock Uncertainty:      0.025ns  ((TSJ^2 + TIJ^2)^1/2 + DJ) / 2 + PE
    Total System Jitter     (TSJ):    0.050ns
    Total Input Jitter      (TIJ):    0.000ns
    Discrete Jitter          (DJ):    0.000ns
    Phase Error              (PE):    0.000ns

    Location             Delay type                Incr(ns)  Path(ns)    Netlist Resource(s)
  -------------------------------------------------------------------    -------------------
    Y14                                               0.000     0.000 r  rst_n (IN)
                         net (fo=0)                   0.000     0.000    rst_n
    Y14                  IBUF (Prop_ibuf_I_O)         1.006     1.006 r  rst_n_IBUF_inst/O
                         net (fo=13, routed)          1.174     2.180    RegFile_single/rst_n_IBUF
    SLICE_X110Y77        LUT1 (Prop_lut1_I0_O)        0.105     2.285 f  RegFile_single/Q[0]_i_3/O
                         net (fo=1407, routed)        6.468     8.753    RegFile_single/rst_n
    SLICE_X88Y86         FDCE                                         f  RegFile_single/reg_array_reg[27][31]/CLR
  -------------------------------------------------------------------    -------------------

                         (clock clk rise edge)        0.000     0.000 r  
    U14                                               0.000     0.000 r  clk (IN)
                         net (fo=0)                   0.000     0.000    clk
    U14                  IBUF (Prop_ibuf_I_O)         0.875     0.875 r  clk_IBUF_inst/O
                         net (fo=1, routed)           1.701     2.576    clk_IBUF
    BUFGCTRL_X0Y16       BUFG (Prop_bufg_I_O)         0.077     2.653 r  clk_IBUF_BUFG_inst/O
                         net (fo=1478, routed)        1.290     3.943    RegFile_single/clk
    SLICE_X88Y86         FDCE                                         r  RegFile_single/reg_array_reg[27][31]/C

Slack:                    inf
  Source:                 rst_n
                            (input port)
  Destination:            RegFile_single/reg_array_reg[26][11]/CLR
                            (recovery check against rising-edge clock clk  {rise@0.000ns fall@10.000ns period=20.000ns})
  Path Group:             (none)
  Path Type:              Recovery (Max at Slow Process Corner)
  Data Path Delay:        8.749ns  (logic 1.111ns (12.696%)  route 7.638ns (87.304%))
  Logic Levels:           2  (IBUF=1 LUT1=1)
  Clock Path Skew:        3.943ns (DCD - SCD + CPR)
    Destination Clock Delay (DCD):    3.943ns
    Source Clock Delay      (SCD):    0.000ns
    Clock Pessimism Removal (CPR):    0.000ns
  Clock Uncertainty:      0.025ns  ((TSJ^2 + TIJ^2)^1/2 + DJ) / 2 + PE
    Total System Jitter     (TSJ):    0.050ns
    Total Input Jitter      (TIJ):    0.000ns
    Discrete Jitter          (DJ):    0.000ns
    Phase Error              (PE):    0.000ns

    Location             Delay type                Incr(ns)  Path(ns)    Netlist Resource(s)
  -------------------------------------------------------------------    -------------------
    Y14                                               0.000     0.000 r  rst_n (IN)
                         net (fo=0)                   0.000     0.000    rst_n
    Y14                  IBUF (Prop_ibuf_I_O)         1.006     1.006 r  rst_n_IBUF_inst/O
                         net (fo=13, routed)          1.174     2.180    RegFile_single/rst_n_IBUF
    SLICE_X110Y77        LUT1 (Prop_lut1_I0_O)        0.105     2.285 f  RegFile_single/Q[0]_i_3/O
                         net (fo=1407, routed)        6.464     8.749    RegFile_single/rst_n
    SLICE_X89Y86         FDCE                                         f  RegFile_single/reg_array_reg[26][11]/CLR
  -------------------------------------------------------------------    -------------------

                         (clock clk rise edge)        0.000     0.000 r  
    U14                                               0.000     0.000 r  clk (IN)
                         net (fo=0)                   0.000     0.000    clk
    U14                  IBUF (Prop_ibuf_I_O)         0.875     0.875 r  clk_IBUF_inst/O
                         net (fo=1, routed)           1.701     2.576    clk_IBUF
    BUFGCTRL_X0Y16       BUFG (Prop_bufg_I_O)         0.077     2.653 r  clk_IBUF_BUFG_inst/O
                         net (fo=1478, routed)        1.290     3.943    RegFile_single/clk
    SLICE_X89Y86         FDCE                                         r  RegFile_single/reg_array_reg[26][11]/C

Slack:                    inf
  Source:                 rst_n
                            (input port)
  Destination:            RegFile_single/reg_array_reg[29][31]/CLR
                            (recovery check against rising-edge clock clk  {rise@0.000ns fall@10.000ns period=20.000ns})
  Path Group:             (none)
  Path Type:              Recovery (Max at Slow Process Corner)
  Data Path Delay:        8.633ns  (logic 1.111ns (12.866%)  route 7.522ns (87.134%))
  Logic Levels:           2  (IBUF=1 LUT1=1)
  Clock Path Skew:        3.944ns (DCD - SCD + CPR)
    Destination Clock Delay (DCD):    3.944ns
    Source Clock Delay      (SCD):    0.000ns
    Clock Pessimism Removal (CPR):    0.000ns
  Clock Uncertainty:      0.025ns  ((TSJ^2 + TIJ^2)^1/2 + DJ) / 2 + PE
    Total System Jitter     (TSJ):    0.050ns
    Total Input Jitter      (TIJ):    0.000ns
    Discrete Jitter          (DJ):    0.000ns
    Phase Error              (PE):    0.000ns

    Location             Delay type                Incr(ns)  Path(ns)    Netlist Resource(s)
  -------------------------------------------------------------------    -------------------
    Y14                                               0.000     0.000 r  rst_n (IN)
                         net (fo=0)                   0.000     0.000    rst_n
    Y14                  IBUF (Prop_ibuf_I_O)         1.006     1.006 r  rst_n_IBUF_inst/O
                         net (fo=13, routed)          1.174     2.180    RegFile_single/rst_n_IBUF
    SLICE_X110Y77        LUT1 (Prop_lut1_I0_O)        0.105     2.285 f  RegFile_single/Q[0]_i_3/O
                         net (fo=1407, routed)        6.348     8.633    RegFile_single/rst_n
    SLICE_X88Y87         FDCE                                         f  RegFile_single/reg_array_reg[29][31]/CLR
  -------------------------------------------------------------------    -------------------

                         (clock clk rise edge)        0.000     0.000 r  
    U14                                               0.000     0.000 r  clk (IN)
                         net (fo=0)                   0.000     0.000    clk
    U14                  IBUF (Prop_ibuf_I_O)         0.875     0.875 r  clk_IBUF_inst/O
                         net (fo=1, routed)           1.701     2.576    clk_IBUF
    BUFGCTRL_X0Y16       BUFG (Prop_bufg_I_O)         0.077     2.653 r  clk_IBUF_BUFG_inst/O
                         net (fo=1478, routed)        1.291     3.944    RegFile_single/clk
    SLICE_X88Y87         FDCE                                         r  RegFile_single/reg_array_reg[29][31]/C

Slack:                    inf
  Source:                 rst_n
                            (input port)
  Destination:            RegFile_single/reg_array_reg[15][11]/CLR
                            (recovery check against rising-edge clock clk  {rise@0.000ns fall@10.000ns period=20.000ns})
  Path Group:             (none)
  Path Type:              Recovery (Max at Slow Process Corner)
  Data Path Delay:        8.629ns  (logic 1.111ns (12.872%)  route 7.519ns (87.128%))
  Logic Levels:           2  (IBUF=1 LUT1=1)
  Clock Path Skew:        3.944ns (DCD - SCD + CPR)
    Destination Clock Delay (DCD):    3.944ns
    Source Clock Delay      (SCD):    0.000ns
    Clock Pessimism Removal (CPR):    0.000ns
  Clock Uncertainty:      0.025ns  ((TSJ^2 + TIJ^2)^1/2 + DJ) / 2 + PE
    Total System Jitter     (TSJ):    0.050ns
    Total Input Jitter      (TIJ):    0.000ns
    Discrete Jitter          (DJ):    0.000ns
    Phase Error              (PE):    0.000ns

    Location             Delay type                Incr(ns)  Path(ns)    Netlist Resource(s)
  -------------------------------------------------------------------    -------------------
    Y14                                               0.000     0.000 r  rst_n (IN)
                         net (fo=0)                   0.000     0.000    rst_n
    Y14                  IBUF (Prop_ibuf_I_O)         1.006     1.006 r  rst_n_IBUF_inst/O
                         net (fo=13, routed)          1.174     2.180    RegFile_single/rst_n_IBUF
    SLICE_X110Y77        LUT1 (Prop_lut1_I0_O)        0.105     2.285 f  RegFile_single/Q[0]_i_3/O
                         net (fo=1407, routed)        6.345     8.629    RegFile_single/rst_n
    SLICE_X89Y87         FDCE                                         f  RegFile_single/reg_array_reg[15][11]/CLR
  -------------------------------------------------------------------    -------------------

                         (clock clk rise edge)        0.000     0.000 r  
    U14                                               0.000     0.000 r  clk (IN)
                         net (fo=0)                   0.000     0.000    clk
    U14                  IBUF (Prop_ibuf_I_O)         0.875     0.875 r  clk_IBUF_inst/O
                         net (fo=1, routed)           1.701     2.576    clk_IBUF
    BUFGCTRL_X0Y16       BUFG (Prop_bufg_I_O)         0.077     2.653 r  clk_IBUF_BUFG_inst/O
                         net (fo=1478, routed)        1.291     3.944    RegFile_single/clk
    SLICE_X89Y87         FDCE                                         r  RegFile_single/reg_array_reg[15][11]/C

Slack:                    inf
  Source:                 rst_n
                            (input port)
  Destination:            RegFile_single/reg_array_reg[22][27]/CLR
                            (recovery check against rising-edge clock clk  {rise@0.000ns fall@10.000ns period=20.000ns})
  Path Group:             (none)
  Path Type:              Recovery (Max at Slow Process Corner)
  Data Path Delay:        8.405ns  (logic 1.111ns (13.215%)  route 7.294ns (86.785%))
  Logic Levels:           2  (IBUF=1 LUT1=1)
  Clock Path Skew:        3.995ns (DCD - SCD + CPR)
    Destination Clock Delay (DCD):    3.995ns
    Source Clock Delay      (SCD):    0.000ns
    Clock Pessimism Removal (CPR):    0.000ns
  Clock Uncertainty:      0.025ns  ((TSJ^2 + TIJ^2)^1/2 + DJ) / 2 + PE
    Total System Jitter     (TSJ):    0.050ns
    Total Input Jitter      (TIJ):    0.000ns
    Discrete Jitter          (DJ):    0.000ns
    Phase Error              (PE):    0.000ns

    Location             Delay type                Incr(ns)  Path(ns)    Netlist Resource(s)
  -------------------------------------------------------------------    -------------------
    Y14                                               0.000     0.000 r  rst_n (IN)
                         net (fo=0)                   0.000     0.000    rst_n
    Y14                  IBUF (Prop_ibuf_I_O)         1.006     1.006 r  rst_n_IBUF_inst/O
                         net (fo=13, routed)          1.174     2.180    RegFile_single/rst_n_IBUF
    SLICE_X110Y77        LUT1 (Prop_lut1_I0_O)        0.105     2.285 f  RegFile_single/Q[0]_i_3/O
                         net (fo=1407, routed)        6.120     8.405    RegFile_single/rst_n
    SLICE_X91Y88         FDCE                                         f  RegFile_single/reg_array_reg[22][27]/CLR
  -------------------------------------------------------------------    -------------------

                         (clock clk rise edge)        0.000     0.000 r  
    U14                                               0.000     0.000 r  clk (IN)
                         net (fo=0)                   0.000     0.000    clk
    U14                  IBUF (Prop_ibuf_I_O)         0.875     0.875 r  clk_IBUF_inst/O
                         net (fo=1, routed)           1.701     2.576    clk_IBUF
    BUFGCTRL_X0Y16       BUFG (Prop_bufg_I_O)         0.077     2.653 r  clk_IBUF_BUFG_inst/O
                         net (fo=1478, routed)        1.342     3.995    RegFile_single/clk
    SLICE_X91Y88         FDCE                                         r  RegFile_single/reg_array_reg[22][27]/C

Slack:                    inf
  Source:                 rst_n
                            (input port)
  Destination:            RegFile_single/reg_array_reg[24][22]/CLR
                            (recovery check against rising-edge clock clk  {rise@0.000ns fall@10.000ns period=20.000ns})
  Path Group:             (none)
  Path Type:              Recovery (Max at Slow Process Corner)
  Data Path Delay:        8.405ns  (logic 1.111ns (13.215%)  route 7.294ns (86.785%))
  Logic Levels:           2  (IBUF=1 LUT1=1)
  Clock Path Skew:        3.995ns (DCD - SCD + CPR)
    Destination Clock Delay (DCD):    3.995ns
    Source Clock Delay      (SCD):    0.000ns
    Clock Pessimism Removal (CPR):    0.000ns
  Clock Uncertainty:      0.025ns  ((TSJ^2 + TIJ^2)^1/2 + DJ) / 2 + PE
    Total System Jitter     (TSJ):    0.050ns
    Total Input Jitter      (TIJ):    0.000ns
    Discrete Jitter          (DJ):    0.000ns
    Phase Error              (PE):    0.000ns

    Location             Delay type                Incr(ns)  Path(ns)    Netlist Resource(s)
  -------------------------------------------------------------------    -------------------
    Y14                                               0.000     0.000 r  rst_n (IN)
                         net (fo=0)                   0.000     0.000    rst_n
    Y14                  IBUF (Prop_ibuf_I_O)         1.006     1.006 r  rst_n_IBUF_inst/O
                         net (fo=13, routed)          1.174     2.180    RegFile_single/rst_n_IBUF
    SLICE_X110Y77        LUT1 (Prop_lut1_I0_O)        0.105     2.285 f  RegFile_single/Q[0]_i_3/O
                         net (fo=1407, routed)        6.120     8.405    RegFile_single/rst_n
    SLICE_X90Y88         FDCE                                         f  RegFile_single/reg_array_reg[24][22]/CLR
  -------------------------------------------------------------------    -------------------

                         (clock clk rise edge)        0.000     0.000 r  
    U14                                               0.000     0.000 r  clk (IN)
                         net (fo=0)                   0.000     0.000    clk
    U14                  IBUF (Prop_ibuf_I_O)         0.875     0.875 r  clk_IBUF_inst/O
                         net (fo=1, routed)           1.701     2.576    clk_IBUF
    BUFGCTRL_X0Y16       BUFG (Prop_bufg_I_O)         0.077     2.653 r  clk_IBUF_BUFG_inst/O
                         net (fo=1478, routed)        1.342     3.995    RegFile_single/clk
    SLICE_X90Y88         FDCE                                         r  RegFile_single/reg_array_reg[24][22]/C

Slack:                    inf
  Source:                 rst_n
                            (input port)
  Destination:            RegFile_single/reg_array_reg[11][11]/CLR
                            (recovery check against rising-edge clock clk  {rise@0.000ns fall@10.000ns period=20.000ns})
  Path Group:             (none)
  Path Type:              Recovery (Max at Slow Process Corner)
  Data Path Delay:        8.313ns  (logic 1.111ns (13.362%)  route 7.202ns (86.638%))
  Logic Levels:           2  (IBUF=1 LUT1=1)
  Clock Path Skew:        3.992ns (DCD - SCD + CPR)
    Destination Clock Delay (DCD):    3.992ns
    Source Clock Delay      (SCD):    0.000ns
    Clock Pessimism Removal (CPR):    0.000ns
  Clock Uncertainty:      0.025ns  ((TSJ^2 + TIJ^2)^1/2 + DJ) / 2 + PE
    Total System Jitter     (TSJ):    0.050ns
    Total Input Jitter      (TIJ):    0.000ns
    Discrete Jitter          (DJ):    0.000ns
    Phase Error              (PE):    0.000ns

    Location             Delay type                Incr(ns)  Path(ns)    Netlist Resource(s)
  -------------------------------------------------------------------    -------------------
    Y14                                               0.000     0.000 r  rst_n (IN)
                         net (fo=0)                   0.000     0.000    rst_n
    Y14                  IBUF (Prop_ibuf_I_O)         1.006     1.006 r  rst_n_IBUF_inst/O
                         net (fo=13, routed)          1.174     2.180    RegFile_single/rst_n_IBUF
    SLICE_X110Y77        LUT1 (Prop_lut1_I0_O)        0.105     2.285 f  RegFile_single/Q[0]_i_3/O
                         net (fo=1407, routed)        6.028     8.313    RegFile_single/rst_n
    SLICE_X93Y83         FDCE                                         f  RegFile_single/reg_array_reg[11][11]/CLR
  -------------------------------------------------------------------    -------------------

                         (clock clk rise edge)        0.000     0.000 r  
    U14                                               0.000     0.000 r  clk (IN)
                         net (fo=0)                   0.000     0.000    clk
    U14                  IBUF (Prop_ibuf_I_O)         0.875     0.875 r  clk_IBUF_inst/O
                         net (fo=1, routed)           1.701     2.576    clk_IBUF
    BUFGCTRL_X0Y16       BUFG (Prop_bufg_I_O)         0.077     2.653 r  clk_IBUF_BUFG_inst/O
                         net (fo=1478, routed)        1.339     3.992    RegFile_single/clk
    SLICE_X93Y83         FDCE                                         r  RegFile_single/reg_array_reg[11][11]/C

Slack:                    inf
  Source:                 rst_n
                            (input port)
  Destination:            RegFile_single/reg_array_reg[11][22]/CLR
                            (recovery check against rising-edge clock clk  {rise@0.000ns fall@10.000ns period=20.000ns})
  Path Group:             (none)
  Path Type:              Recovery (Max at Slow Process Corner)
  Data Path Delay:        8.313ns  (logic 1.111ns (13.362%)  route 7.202ns (86.638%))
  Logic Levels:           2  (IBUF=1 LUT1=1)
  Clock Path Skew:        3.992ns (DCD - SCD + CPR)
    Destination Clock Delay (DCD):    3.992ns
    Source Clock Delay      (SCD):    0.000ns
    Clock Pessimism Removal (CPR):    0.000ns
  Clock Uncertainty:      0.025ns  ((TSJ^2 + TIJ^2)^1/2 + DJ) / 2 + PE
    Total System Jitter     (TSJ):    0.050ns
    Total Input Jitter      (TIJ):    0.000ns
    Discrete Jitter          (DJ):    0.000ns
    Phase Error              (PE):    0.000ns

    Location             Delay type                Incr(ns)  Path(ns)    Netlist Resource(s)
  -------------------------------------------------------------------    -------------------
    Y14                                               0.000     0.000 r  rst_n (IN)
                         net (fo=0)                   0.000     0.000    rst_n
    Y14                  IBUF (Prop_ibuf_I_O)         1.006     1.006 r  rst_n_IBUF_inst/O
                         net (fo=13, routed)          1.174     2.180    RegFile_single/rst_n_IBUF
    SLICE_X110Y77        LUT1 (Prop_lut1_I0_O)        0.105     2.285 f  RegFile_single/Q[0]_i_3/O
                         net (fo=1407, routed)        6.028     8.313    RegFile_single/rst_n
    SLICE_X93Y83         FDCE                                         f  RegFile_single/reg_array_reg[11][22]/CLR
  -------------------------------------------------------------------    -------------------

                         (clock clk rise edge)        0.000     0.000 r  
    U14                                               0.000     0.000 r  clk (IN)
                         net (fo=0)                   0.000     0.000    clk
    U14                  IBUF (Prop_ibuf_I_O)         0.875     0.875 r  clk_IBUF_inst/O
                         net (fo=1, routed)           1.701     2.576    clk_IBUF
    BUFGCTRL_X0Y16       BUFG (Prop_bufg_I_O)         0.077     2.653 r  clk_IBUF_BUFG_inst/O
                         net (fo=1478, routed)        1.339     3.992    RegFile_single/clk
    SLICE_X93Y83         FDCE                                         r  RegFile_single/reg_array_reg[11][22]/C

Slack:                    inf
  Source:                 rst_n
                            (input port)
  Destination:            RegFile_single/reg_array_reg[11][25]/CLR
                            (recovery check against rising-edge clock clk  {rise@0.000ns fall@10.000ns period=20.000ns})
  Path Group:             (none)
  Path Type:              Recovery (Max at Slow Process Corner)
  Data Path Delay:        8.313ns  (logic 1.111ns (13.362%)  route 7.202ns (86.638%))
  Logic Levels:           2  (IBUF=1 LUT1=1)
  Clock Path Skew:        3.992ns (DCD - SCD + CPR)
    Destination Clock Delay (DCD):    3.992ns
    Source Clock Delay      (SCD):    0.000ns
    Clock Pessimism Removal (CPR):    0.000ns
  Clock Uncertainty:      0.025ns  ((TSJ^2 + TIJ^2)^1/2 + DJ) / 2 + PE
    Total System Jitter     (TSJ):    0.050ns
    Total Input Jitter      (TIJ):    0.000ns
    Discrete Jitter          (DJ):    0.000ns
    Phase Error              (PE):    0.000ns

    Location             Delay type                Incr(ns)  Path(ns)    Netlist Resource(s)
  -------------------------------------------------------------------    -------------------
    Y14                                               0.000     0.000 r  rst_n (IN)
                         net (fo=0)                   0.000     0.000    rst_n
    Y14                  IBUF (Prop_ibuf_I_O)         1.006     1.006 r  rst_n_IBUF_inst/O
                         net (fo=13, routed)          1.174     2.180    RegFile_single/rst_n_IBUF
    SLICE_X110Y77        LUT1 (Prop_lut1_I0_O)        0.105     2.285 f  RegFile_single/Q[0]_i_3/O
                         net (fo=1407, routed)        6.028     8.313    RegFile_single/rst_n
    SLICE_X93Y83         FDCE                                         f  RegFile_single/reg_array_reg[11][25]/CLR
  -------------------------------------------------------------------    -------------------

                         (clock clk rise edge)        0.000     0.000 r  
    U14                                               0.000     0.000 r  clk (IN)
                         net (fo=0)                   0.000     0.000    clk
    U14                  IBUF (Prop_ibuf_I_O)         0.875     0.875 r  clk_IBUF_inst/O
                         net (fo=1, routed)           1.701     2.576    clk_IBUF
    BUFGCTRL_X0Y16       BUFG (Prop_bufg_I_O)         0.077     2.653 r  clk_IBUF_BUFG_inst/O
                         net (fo=1478, routed)        1.339     3.992    RegFile_single/clk
    SLICE_X93Y83         FDCE                                         r  RegFile_single/reg_array_reg[11][25]/C





Min Delay Paths
--------------------------------------------------------------------------------------
Slack:                    inf
  Source:                 rst_n
                            (input port)
  Destination:            RegFile_single/reg_array_reg[9][3]/CLR
                            (removal check against rising-edge clock clk  {rise@0.000ns fall@10.000ns period=20.000ns})
  Path Group:             (none)
  Path Type:              Removal (Min at Fast Process Corner)
  Data Path Delay:        1.095ns  (logic 0.347ns (31.660%)  route 0.748ns (68.340%))
  Logic Levels:           2  (IBUF=1 LUT1=1)
  Clock Path Skew:        2.147ns (DCD - SCD - CPR)
    Destination Clock Delay (DCD):    2.147ns
    Source Clock Delay      (SCD):    0.000ns
    Clock Pessimism Removal (CPR):    -0.000ns

    Location             Delay type                Incr(ns)  Path(ns)    Netlist Resource(s)
  -------------------------------------------------------------------    -------------------
    Y14                                               0.000     0.000 r  rst_n (IN)
                         net (fo=0)                   0.000     0.000    rst_n
    Y14                  IBUF (Prop_ibuf_I_O)         0.302     0.302 r  rst_n_IBUF_inst/O
                         net (fo=13, routed)          0.560     0.862    RegFile_single/rst_n_IBUF
    SLICE_X110Y77        LUT1 (Prop_lut1_I0_O)        0.045     0.907 f  RegFile_single/Q[0]_i_3/O
                         net (fo=1407, routed)        0.188     1.095    RegFile_single/rst_n
    SLICE_X111Y77        FDCE                                         f  RegFile_single/reg_array_reg[9][3]/CLR
  -------------------------------------------------------------------    -------------------

                         (clock clk rise edge)        0.000     0.000 r  
    U14                                               0.000     0.000 r  clk (IN)
                         net (fo=0)                   0.000     0.000    clk
    U14                  IBUF (Prop_ibuf_I_O)         0.492     0.492 r  clk_IBUF_inst/O
                         net (fo=1, routed)           0.731     1.223    clk_IBUF
    BUFGCTRL_X0Y16       BUFG (Prop_bufg_I_O)         0.029     1.252 r  clk_IBUF_BUFG_inst/O
                         net (fo=1478, routed)        0.895     2.147    RegFile_single/clk
    SLICE_X111Y77        FDCE                                         r  RegFile_single/reg_array_reg[9][3]/C

Slack:                    inf
  Source:                 rst_n
                            (input port)
  Destination:            RegFile_single/reg_array_reg[12][14]/CLR
                            (removal check against rising-edge clock clk  {rise@0.000ns fall@10.000ns period=20.000ns})
  Path Group:             (none)
  Path Type:              Removal (Min at Fast Process Corner)
  Data Path Delay:        1.098ns  (logic 0.347ns (31.552%)  route 0.752ns (68.448%))
  Logic Levels:           2  (IBUF=1 LUT1=1)
  Clock Path Skew:        2.147ns (DCD - SCD - CPR)
    Destination Clock Delay (DCD):    2.147ns
    Source Clock Delay      (SCD):    0.000ns
    Clock Pessimism Removal (CPR):    -0.000ns

    Location             Delay type                Incr(ns)  Path(ns)    Netlist Resource(s)
  -------------------------------------------------------------------    -------------------
    Y14                                               0.000     0.000 r  rst_n (IN)
                         net (fo=0)                   0.000     0.000    rst_n
    Y14                  IBUF (Prop_ibuf_I_O)         0.302     0.302 r  rst_n_IBUF_inst/O
                         net (fo=13, routed)          0.560     0.862    RegFile_single/rst_n_IBUF
    SLICE_X110Y77        LUT1 (Prop_lut1_I0_O)        0.045     0.907 f  RegFile_single/Q[0]_i_3/O
                         net (fo=1407, routed)        0.192     1.098    RegFile_single/rst_n
    SLICE_X110Y77        FDCE                                         f  RegFile_single/reg_array_reg[12][14]/CLR
  -------------------------------------------------------------------    -------------------

                         (clock clk rise edge)        0.000     0.000 r  
    U14                                               0.000     0.000 r  clk (IN)
                         net (fo=0)                   0.000     0.000    clk
    U14                  IBUF (Prop_ibuf_I_O)         0.492     0.492 r  clk_IBUF_inst/O
                         net (fo=1, routed)           0.731     1.223    clk_IBUF
    BUFGCTRL_X0Y16       BUFG (Prop_bufg_I_O)         0.029     1.252 r  clk_IBUF_BUFG_inst/O
                         net (fo=1478, routed)        0.895     2.147    RegFile_single/clk
    SLICE_X110Y77        FDCE                                         r  RegFile_single/reg_array_reg[12][14]/C

Slack:                    inf
  Source:                 rst_n
                            (input port)
  Destination:            RegFile_single/reg_array_reg[12][16]/CLR
                            (removal check against rising-edge clock clk  {rise@0.000ns fall@10.000ns period=20.000ns})
  Path Group:             (none)
  Path Type:              Removal (Min at Fast Process Corner)
  Data Path Delay:        1.098ns  (logic 0.347ns (31.552%)  route 0.752ns (68.448%))
  Logic Levels:           2  (IBUF=1 LUT1=1)
  Clock Path Skew:        2.147ns (DCD - SCD - CPR)
    Destination Clock Delay (DCD):    2.147ns
    Source Clock Delay      (SCD):    0.000ns
    Clock Pessimism Removal (CPR):    -0.000ns

    Location             Delay type                Incr(ns)  Path(ns)    Netlist Resource(s)
  -------------------------------------------------------------------    -------------------
    Y14                                               0.000     0.000 r  rst_n (IN)
                         net (fo=0)                   0.000     0.000    rst_n
    Y14                  IBUF (Prop_ibuf_I_O)         0.302     0.302 r  rst_n_IBUF_inst/O
                         net (fo=13, routed)          0.560     0.862    RegFile_single/rst_n_IBUF
    SLICE_X110Y77        LUT1 (Prop_lut1_I0_O)        0.045     0.907 f  RegFile_single/Q[0]_i_3/O
                         net (fo=1407, routed)        0.192     1.098    RegFile_single/rst_n
    SLICE_X110Y77        FDCE                                         f  RegFile_single/reg_array_reg[12][16]/CLR
  -------------------------------------------------------------------    -------------------

                         (clock clk rise edge)        0.000     0.000 r  
    U14                                               0.000     0.000 r  clk (IN)
                         net (fo=0)                   0.000     0.000    clk
    U14                  IBUF (Prop_ibuf_I_O)         0.492     0.492 r  clk_IBUF_inst/O
                         net (fo=1, routed)           0.731     1.223    clk_IBUF
    BUFGCTRL_X0Y16       BUFG (Prop_bufg_I_O)         0.029     1.252 r  clk_IBUF_BUFG_inst/O
                         net (fo=1478, routed)        0.895     2.147    RegFile_single/clk
    SLICE_X110Y77        FDCE                                         r  RegFile_single/reg_array_reg[12][16]/C

Slack:                    inf
  Source:                 rst_n
                            (input port)
  Destination:            RegFile_single/reg_array_reg[12][30]/CLR
                            (removal check against rising-edge clock clk  {rise@0.000ns fall@10.000ns period=20.000ns})
  Path Group:             (none)
  Path Type:              Removal (Min at Fast Process Corner)
  Data Path Delay:        1.098ns  (logic 0.347ns (31.552%)  route 0.752ns (68.448%))
  Logic Levels:           2  (IBUF=1 LUT1=1)
  Clock Path Skew:        2.147ns (DCD - SCD - CPR)
    Destination Clock Delay (DCD):    2.147ns
    Source Clock Delay      (SCD):    0.000ns
    Clock Pessimism Removal (CPR):    -0.000ns

    Location             Delay type                Incr(ns)  Path(ns)    Netlist Resource(s)
  -------------------------------------------------------------------    -------------------
    Y14                                               0.000     0.000 r  rst_n (IN)
                         net (fo=0)                   0.000     0.000    rst_n
    Y14                  IBUF (Prop_ibuf_I_O)         0.302     0.302 r  rst_n_IBUF_inst/O
                         net (fo=13, routed)          0.560     0.862    RegFile_single/rst_n_IBUF
    SLICE_X110Y77        LUT1 (Prop_lut1_I0_O)        0.045     0.907 f  RegFile_single/Q[0]_i_3/O
                         net (fo=1407, routed)        0.192     1.098    RegFile_single/rst_n
    SLICE_X110Y77        FDCE                                         f  RegFile_single/reg_array_reg[12][30]/CLR
  -------------------------------------------------------------------    -------------------

                         (clock clk rise edge)        0.000     0.000 r  
    U14                                               0.000     0.000 r  clk (IN)
                         net (fo=0)                   0.000     0.000    clk
    U14                  IBUF (Prop_ibuf_I_O)         0.492     0.492 r  clk_IBUF_inst/O
                         net (fo=1, routed)           0.731     1.223    clk_IBUF
    BUFGCTRL_X0Y16       BUFG (Prop_bufg_I_O)         0.029     1.252 r  clk_IBUF_BUFG_inst/O
                         net (fo=1478, routed)        0.895     2.147    RegFile_single/clk
    SLICE_X110Y77        FDCE                                         r  RegFile_single/reg_array_reg[12][30]/C

Slack:                    inf
  Source:                 rst_n
                            (input port)
  Destination:            RegFile_single/reg_array_reg[12][3]/CLR
                            (removal check against rising-edge clock clk  {rise@0.000ns fall@10.000ns period=20.000ns})
  Path Group:             (none)
  Path Type:              Removal (Min at Fast Process Corner)
  Data Path Delay:        1.098ns  (logic 0.347ns (31.552%)  route 0.752ns (68.448%))
  Logic Levels:           2  (IBUF=1 LUT1=1)
  Clock Path Skew:        2.147ns (DCD - SCD - CPR)
    Destination Clock Delay (DCD):    2.147ns
    Source Clock Delay      (SCD):    0.000ns
    Clock Pessimism Removal (CPR):    -0.000ns

    Location             Delay type                Incr(ns)  Path(ns)    Netlist Resource(s)
  -------------------------------------------------------------------    -------------------
    Y14                                               0.000     0.000 r  rst_n (IN)
                         net (fo=0)                   0.000     0.000    rst_n
    Y14                  IBUF (Prop_ibuf_I_O)         0.302     0.302 r  rst_n_IBUF_inst/O
                         net (fo=13, routed)          0.560     0.862    RegFile_single/rst_n_IBUF
    SLICE_X110Y77        LUT1 (Prop_lut1_I0_O)        0.045     0.907 f  RegFile_single/Q[0]_i_3/O
                         net (fo=1407, routed)        0.192     1.098    RegFile_single/rst_n
    SLICE_X110Y77        FDCE                                         f  RegFile_single/reg_array_reg[12][3]/CLR
  -------------------------------------------------------------------    -------------------

                         (clock clk rise edge)        0.000     0.000 r  
    U14                                               0.000     0.000 r  clk (IN)
                         net (fo=0)                   0.000     0.000    clk
    U14                  IBUF (Prop_ibuf_I_O)         0.492     0.492 r  clk_IBUF_inst/O
                         net (fo=1, routed)           0.731     1.223    clk_IBUF
    BUFGCTRL_X0Y16       BUFG (Prop_bufg_I_O)         0.029     1.252 r  clk_IBUF_BUFG_inst/O
                         net (fo=1478, routed)        0.895     2.147    RegFile_single/clk
    SLICE_X110Y77        FDCE                                         r  RegFile_single/reg_array_reg[12][3]/C

Slack:                    inf
  Source:                 rst_n
                            (input port)
  Destination:            RegFile_single/reg_array_reg[12][4]/CLR
                            (removal check against rising-edge clock clk  {rise@0.000ns fall@10.000ns period=20.000ns})
  Path Group:             (none)
  Path Type:              Removal (Min at Fast Process Corner)
  Data Path Delay:        1.098ns  (logic 0.347ns (31.552%)  route 0.752ns (68.448%))
  Logic Levels:           2  (IBUF=1 LUT1=1)
  Clock Path Skew:        2.147ns (DCD - SCD - CPR)
    Destination Clock Delay (DCD):    2.147ns
    Source Clock Delay      (SCD):    0.000ns
    Clock Pessimism Removal (CPR):    -0.000ns

    Location             Delay type                Incr(ns)  Path(ns)    Netlist Resource(s)
  -------------------------------------------------------------------    -------------------
    Y14                                               0.000     0.000 r  rst_n (IN)
                         net (fo=0)                   0.000     0.000    rst_n
    Y14                  IBUF (Prop_ibuf_I_O)         0.302     0.302 r  rst_n_IBUF_inst/O
                         net (fo=13, routed)          0.560     0.862    RegFile_single/rst_n_IBUF
    SLICE_X110Y77        LUT1 (Prop_lut1_I0_O)        0.045     0.907 f  RegFile_single/Q[0]_i_3/O
                         net (fo=1407, routed)        0.192     1.098    RegFile_single/rst_n
    SLICE_X110Y77        FDCE                                         f  RegFile_single/reg_array_reg[12][4]/CLR
  -------------------------------------------------------------------    -------------------

                         (clock clk rise edge)        0.000     0.000 r  
    U14                                               0.000     0.000 r  clk (IN)
                         net (fo=0)                   0.000     0.000    clk
    U14                  IBUF (Prop_ibuf_I_O)         0.492     0.492 r  clk_IBUF_inst/O
                         net (fo=1, routed)           0.731     1.223    clk_IBUF
    BUFGCTRL_X0Y16       BUFG (Prop_bufg_I_O)         0.029     1.252 r  clk_IBUF_BUFG_inst/O
                         net (fo=1478, routed)        0.895     2.147    RegFile_single/clk
    SLICE_X110Y77        FDCE                                         r  RegFile_single/reg_array_reg[12][4]/C

Slack:                    inf
  Source:                 rst_n
                            (input port)
  Destination:            RegFile_single/reg_array_reg[12][8]/CLR
                            (removal check against rising-edge clock clk  {rise@0.000ns fall@10.000ns period=20.000ns})
  Path Group:             (none)
  Path Type:              Removal (Min at Fast Process Corner)
  Data Path Delay:        1.098ns  (logic 0.347ns (31.552%)  route 0.752ns (68.448%))
  Logic Levels:           2  (IBUF=1 LUT1=1)
  Clock Path Skew:        2.147ns (DCD - SCD - CPR)
    Destination Clock Delay (DCD):    2.147ns
    Source Clock Delay      (SCD):    0.000ns
    Clock Pessimism Removal (CPR):    -0.000ns

    Location             Delay type                Incr(ns)  Path(ns)    Netlist Resource(s)
  -------------------------------------------------------------------    -------------------
    Y14                                               0.000     0.000 r  rst_n (IN)
                         net (fo=0)                   0.000     0.000    rst_n
    Y14                  IBUF (Prop_ibuf_I_O)         0.302     0.302 r  rst_n_IBUF_inst/O
                         net (fo=13, routed)          0.560     0.862    RegFile_single/rst_n_IBUF
    SLICE_X110Y77        LUT1 (Prop_lut1_I0_O)        0.045     0.907 f  RegFile_single/Q[0]_i_3/O
                         net (fo=1407, routed)        0.192     1.098    RegFile_single/rst_n
    SLICE_X110Y77        FDCE                                         f  RegFile_single/reg_array_reg[12][8]/CLR
  -------------------------------------------------------------------    -------------------

                         (clock clk rise edge)        0.000     0.000 r  
    U14                                               0.000     0.000 r  clk (IN)
                         net (fo=0)                   0.000     0.000    clk
    U14                  IBUF (Prop_ibuf_I_O)         0.492     0.492 r  clk_IBUF_inst/O
                         net (fo=1, routed)           0.731     1.223    clk_IBUF
    BUFGCTRL_X0Y16       BUFG (Prop_bufg_I_O)         0.029     1.252 r  clk_IBUF_BUFG_inst/O
                         net (fo=1478, routed)        0.895     2.147    RegFile_single/clk
    SLICE_X110Y77        FDCE                                         r  RegFile_single/reg_array_reg[12][8]/C

Slack:                    inf
  Source:                 rst_n
                            (input port)
  Destination:            RegFile_single/reg_array_reg[12][9]/CLR
                            (removal check against rising-edge clock clk  {rise@0.000ns fall@10.000ns period=20.000ns})
  Path Group:             (none)
  Path Type:              Removal (Min at Fast Process Corner)
  Data Path Delay:        1.098ns  (logic 0.347ns (31.552%)  route 0.752ns (68.448%))
  Logic Levels:           2  (IBUF=1 LUT1=1)
  Clock Path Skew:        2.147ns (DCD - SCD - CPR)
    Destination Clock Delay (DCD):    2.147ns
    Source Clock Delay      (SCD):    0.000ns
    Clock Pessimism Removal (CPR):    -0.000ns

    Location             Delay type                Incr(ns)  Path(ns)    Netlist Resource(s)
  -------------------------------------------------------------------    -------------------
    Y14                                               0.000     0.000 r  rst_n (IN)
                         net (fo=0)                   0.000     0.000    rst_n
    Y14                  IBUF (Prop_ibuf_I_O)         0.302     0.302 r  rst_n_IBUF_inst/O
                         net (fo=13, routed)          0.560     0.862    RegFile_single/rst_n_IBUF
    SLICE_X110Y77        LUT1 (Prop_lut1_I0_O)        0.045     0.907 f  RegFile_single/Q[0]_i_3/O
                         net (fo=1407, routed)        0.192     1.098    RegFile_single/rst_n
    SLICE_X110Y77        FDCE                                         f  RegFile_single/reg_array_reg[12][9]/CLR
  -------------------------------------------------------------------    -------------------

                         (clock clk rise edge)        0.000     0.000 r  
    U14                                               0.000     0.000 r  clk (IN)
                         net (fo=0)                   0.000     0.000    clk
    U14                  IBUF (Prop_ibuf_I_O)         0.492     0.492 r  clk_IBUF_inst/O
                         net (fo=1, routed)           0.731     1.223    clk_IBUF
    BUFGCTRL_X0Y16       BUFG (Prop_bufg_I_O)         0.029     1.252 r  clk_IBUF_BUFG_inst/O
                         net (fo=1478, routed)        0.895     2.147    RegFile_single/clk
    SLICE_X110Y77        FDCE                                         r  RegFile_single/reg_array_reg[12][9]/C

Slack:                    inf
  Source:                 rst_n
                            (input port)
  Destination:            RegFile_single/reg_array_reg[13][14]/CLR
                            (removal check against rising-edge clock clk  {rise@0.000ns fall@10.000ns period=20.000ns})
  Path Group:             (none)
  Path Type:              Removal (Min at Fast Process Corner)
  Data Path Delay:        1.363ns  (logic 0.347ns (25.420%)  route 1.017ns (74.580%))
  Logic Levels:           2  (IBUF=1 LUT1=1)
  Clock Path Skew:        2.147ns (DCD - SCD - CPR)
    Destination Clock Delay (DCD):    2.147ns
    Source Clock Delay      (SCD):    0.000ns
    Clock Pessimism Removal (CPR):    -0.000ns

    Location             Delay type                Incr(ns)  Path(ns)    Netlist Resource(s)
  -------------------------------------------------------------------    -------------------
    Y14                                               0.000     0.000 r  rst_n (IN)
                         net (fo=0)                   0.000     0.000    rst_n
    Y14                  IBUF (Prop_ibuf_I_O)         0.302     0.302 r  rst_n_IBUF_inst/O
                         net (fo=13, routed)          0.560     0.862    RegFile_single/rst_n_IBUF
    SLICE_X110Y77        LUT1 (Prop_lut1_I0_O)        0.045     0.907 f  RegFile_single/Q[0]_i_3/O
                         net (fo=1407, routed)        0.457     1.363    RegFile_single/rst_n
    SLICE_X112Y77        FDCE                                         f  RegFile_single/reg_array_reg[13][14]/CLR
  -------------------------------------------------------------------    -------------------

                         (clock clk rise edge)        0.000     0.000 r  
    U14                                               0.000     0.000 r  clk (IN)
                         net (fo=0)                   0.000     0.000    clk
    U14                  IBUF (Prop_ibuf_I_O)         0.492     0.492 r  clk_IBUF_inst/O
                         net (fo=1, routed)           0.731     1.223    clk_IBUF
    BUFGCTRL_X0Y16       BUFG (Prop_bufg_I_O)         0.029     1.252 r  clk_IBUF_BUFG_inst/O
                         net (fo=1478, routed)        0.895     2.147    RegFile_single/clk
    SLICE_X112Y77        FDCE                                         r  RegFile_single/reg_array_reg[13][14]/C

Slack:                    inf
  Source:                 rst_n
                            (input port)
  Destination:            RegFile_single/reg_array_reg[13][16]/CLR
                            (removal check against rising-edge clock clk  {rise@0.000ns fall@10.000ns period=20.000ns})
  Path Group:             (none)
  Path Type:              Removal (Min at Fast Process Corner)
  Data Path Delay:        1.363ns  (logic 0.347ns (25.420%)  route 1.017ns (74.580%))
  Logic Levels:           2  (IBUF=1 LUT1=1)
  Clock Path Skew:        2.147ns (DCD - SCD - CPR)
    Destination Clock Delay (DCD):    2.147ns
    Source Clock Delay      (SCD):    0.000ns
    Clock Pessimism Removal (CPR):    -0.000ns

    Location             Delay type                Incr(ns)  Path(ns)    Netlist Resource(s)
  -------------------------------------------------------------------    -------------------
    Y14                                               0.000     0.000 r  rst_n (IN)
                         net (fo=0)                   0.000     0.000    rst_n
    Y14                  IBUF (Prop_ibuf_I_O)         0.302     0.302 r  rst_n_IBUF_inst/O
                         net (fo=13, routed)          0.560     0.862    RegFile_single/rst_n_IBUF
    SLICE_X110Y77        LUT1 (Prop_lut1_I0_O)        0.045     0.907 f  RegFile_single/Q[0]_i_3/O
                         net (fo=1407, routed)        0.457     1.363    RegFile_single/rst_n
    SLICE_X112Y77        FDCE                                         f  RegFile_single/reg_array_reg[13][16]/CLR
  -------------------------------------------------------------------    -------------------

                         (clock clk rise edge)        0.000     0.000 r  
    U14                                               0.000     0.000 r  clk (IN)
                         net (fo=0)                   0.000     0.000    clk
    U14                  IBUF (Prop_ibuf_I_O)         0.492     0.492 r  clk_IBUF_inst/O
                         net (fo=1, routed)           0.731     1.223    clk_IBUF
    BUFGCTRL_X0Y16       BUFG (Prop_bufg_I_O)         0.029     1.252 r  clk_IBUF_BUFG_inst/O
                         net (fo=1478, routed)        0.895     2.147    RegFile_single/clk
    SLICE_X112Y77        FDCE                                         r  RegFile_single/reg_array_reg[13][16]/C





