Copyright 1986-2022 Xilinx, Inc. All Rights Reserved. Copyright 2022-2024 Advanced Micro Devices, Inc. All Rights Reserved.
------------------------------------------------------------------------------------------------------------------------------------------------------------------------------------------------------------------
| Tool Version : Vivado v.2024.1 (win64) Build 5076996 Wed May 22 18:37:14 MDT 2024
| Date         : Tue Apr 21 15:19:21 2026
| Host         : cdy running 64-bit major release  (build 9200)
| Command      : report_timing_summary -max_paths 10 -report_unconstrained -file SoC_Top_timing_summary_routed.rpt -pb SoC_Top_timing_summary_routed.pb -rpx SoC_Top_timing_summary_routed.rpx -warn_on_violation
| Design       : SoC_Top
| Device       : 7z020-clg400
| Speed File   : -2  PRODUCTION 1.12 2019-11-22
| Design State : Routed
------------------------------------------------------------------------------------------------------------------------------------------------------------------------------------------------------------------

Timing Summary Report

------------------------------------------------------------------------------------------------
| Timer Settings
| --------------
------------------------------------------------------------------------------------------------

  Enable Multi Corner Analysis               :  Yes
  Enable Pessimism Removal                   :  Yes
  Pessimism Removal Resolution               :  Nearest Common Node
  Enable Input Delay Default Clock           :  No
  Enable Preset / Clear Arcs                 :  No
  Disable Flight Delays                      :  No
  Ignore I/O Paths                           :  No
  Timing Early Launch at Borrowing Latches   :  No
  Borrow Time for Max Delay Exceptions       :  Yes
  Merge Timing Exceptions                    :  Yes
  Inter-SLR Compensation                     :  Conservative

  Corner  Analyze    Analyze    
  Name    Max Paths  Min Paths  
  ------  ---------  ---------  
  Slow    Yes        Yes        
  Fast    Yes        Yes        


------------------------------------------------------------------------------------------------
| Report Methodology
| ------------------
------------------------------------------------------------------------------------------------

Rule      Severity  Description                   Violations  
--------  --------  ----------------------------  ----------  
LUTAR-1   Warning   LUT drives async reset alert  3           
SYNTH-10  Warning   Wide multiplier               8           

Note: This report is based on the most recent report_methodology run and may not be up-to-date. Run report_methodology on the current design for the latest report.



check_timing report

Table of Contents
-----------------
1. checking no_clock (0)
2. checking constant_clock (0)
3. checking pulse_width_clock (0)
4. checking unconstrained_internal_endpoints (0)
5. checking no_input_delay (0)
6. checking no_output_delay (0)
7. checking multiple_clock (0)
8. checking generated_clocks (0)
9. checking loops (0)
10. checking partial_input_delay (0)
11. checking partial_output_delay (0)
12. checking latch_loops (0)

1. checking no_clock (0)
------------------------
 There are 0 register/latch pins with no clock.


2. checking constant_clock (0)
------------------------------
 There are 0 register/latch pins with constant_clock.


3. checking pulse_width_clock (0)
---------------------------------
 There are 0 register/latch pins which need pulse_width check


4. checking unconstrained_internal_endpoints (0)
------------------------------------------------
 There are 0 pins that are not constrained for maximum delay.

 There are 0 pins that are not constrained for maximum delay due to constant clock.


5. checking no_input_delay (0)
------------------------------
 There are 0 input ports with no input delay specified.

 There are 0 input ports with no input delay but user has a false path constraint.


6. checking no_output_delay (0)
-------------------------------
 There are 0 ports with no output delay specified.

 There are 0 ports with no output delay but user has a false path constraint

 There are 0 ports with no output delay but with a timing clock defined on it or propagating through it


7. checking multiple_clock (0)
------------------------------
 There are 0 register/latch pins with multiple clocks.


8. checking generated_clocks (0)
--------------------------------
 There are 0 generated clocks that are not connected to a clock source.


9. checking loops (0)
---------------------
 There are 0 combinational loops in the design.


10. checking partial_input_delay (0)
------------------------------------
 There are 0 input ports with partial input delay specified.


11. checking partial_output_delay (0)
-------------------------------------
 There are 0 ports with partial output delay specified.


12. checking latch_loops (0)
----------------------------
 There are 0 combinational latch loops in the design through latch input



------------------------------------------------------------------------------------------------
| Design Timing Summary
| ---------------------
------------------------------------------------------------------------------------------------

    WNS(ns)      TNS(ns)  TNS Failing Endpoints  TNS Total Endpoints      WHS(ns)      THS(ns)  THS Failing Endpoints  THS Total Endpoints     WPWS(ns)     TPWS(ns)  TPWS Failing Endpoints  TPWS Total Endpoints  
    -------      -------  ---------------------  -------------------      -------      -------  ---------------------  -------------------     --------     --------  ----------------------  --------------------  
      0.209        0.000                      0                14591        0.067        0.000                      0                14591        8.870        0.000                       0                  5353  


All user specified timing constraints are met.


------------------------------------------------------------------------------------------------
| Clock Summary
| -------------
------------------------------------------------------------------------------------------------

Clock       Waveform(ns)       Period(ns)      Frequency(MHz)
-----       ------------       ----------      --------------
clk_fpga_0  {0.000 10.000}     20.000          50.000          


------------------------------------------------------------------------------------------------
| Intra Clock Table
| -----------------
------------------------------------------------------------------------------------------------

Clock             WNS(ns)      TNS(ns)  TNS Failing Endpoints  TNS Total Endpoints      WHS(ns)      THS(ns)  THS Failing Endpoints  THS Total Endpoints     WPWS(ns)     TPWS(ns)  TPWS Failing Endpoints  TPWS Total Endpoints  
-----             -------      -------  ---------------------  -------------------      -------      -------  ---------------------  -------------------     --------     --------  ----------------------  --------------------  
clk_fpga_0          0.209        0.000                      0                 9492        0.067        0.000                      0                 9492        8.870        0.000                       0                  5353  


------------------------------------------------------------------------------------------------
| Inter Clock Table
| -----------------
------------------------------------------------------------------------------------------------

From Clock    To Clock          WNS(ns)      TNS(ns)  TNS Failing Endpoints  TNS Total Endpoints      WHS(ns)      THS(ns)  THS Failing Endpoints  THS Total Endpoints  
----------    --------          -------      -------  ---------------------  -------------------      -------      -------  ---------------------  -------------------  


------------------------------------------------------------------------------------------------
| Other Path Groups Table
| -----------------------
------------------------------------------------------------------------------------------------

Path Group         From Clock         To Clock               WNS(ns)      TNS(ns)  TNS Failing Endpoints  TNS Total Endpoints      WHS(ns)      THS(ns)  THS Failing Endpoints  THS Total Endpoints  
----------         ----------         --------               -------      -------  ---------------------  -------------------      -------      -------  ---------------------  -------------------  
**async_default**  clk_fpga_0         clk_fpga_0               8.197        0.000                      0                 5099        0.607        0.000                      0                 5099  


------------------------------------------------------------------------------------------------
| User Ignored Path Table
| -----------------------
------------------------------------------------------------------------------------------------

Path Group    From Clock    To Clock    
----------    ----------    --------    
(none)                      clk_fpga_0    
(none)        clk_fpga_0    clk_fpga_0    


------------------------------------------------------------------------------------------------
| Unconstrained Path Table
| ------------------------
------------------------------------------------------------------------------------------------

Path Group    From Clock    To Clock    
----------    ----------    --------    


------------------------------------------------------------------------------------------------
| Timing Details
| --------------
------------------------------------------------------------------------------------------------


---------------------------------------------------------------------------------------------------
From Clock:  clk_fpga_0
  To Clock:  clk_fpga_0

Setup :            0  Failing Endpoints,  Worst Slack        0.209ns,  Total Violation        0.000ns
Hold  :            0  Failing Endpoints,  Worst Slack        0.067ns,  Total Violation        0.000ns
PW    :            0  Failing Endpoints,  Worst Slack        8.870ns,  Total Violation        0.000ns
---------------------------------------------------------------------------------------------------


Max Delay Paths
--------------------------------------------------------------------------------------
Slack (MET) :             0.209ns  (required time - arrival time)
  Source:                 u_cpu/u_D_Cache/ta_2/U0/inst_blk_mem_gen/gnbram.gnativebmg.native_blk_mem_gen/valid.cstr/ramloop[0].ram.r/prim_noinit.ram/DEVICE_7SERIES.NO_BMM_INFO.SDP.WIDE_PRIM18.ram/CLKARDCLK
                            (rising edge-triggered cell RAMB18E1 clocked by clk_fpga_0  {rise@0.000ns fall@10.000ns period=20.000ns})
  Destination:            u_cpu/Prog_Counter/Prog_Count/Q_reg[10]_rep__0/D
                            (rising edge-triggered cell FDCE clocked by clk_fpga_0  {rise@0.000ns fall@10.000ns period=20.000ns})
  Path Group:             clk_fpga_0
  Path Type:              Setup (Max at Slow Process Corner)
  Requirement:            20.000ns  (clk_fpga_0 rise@20.000ns - clk_fpga_0 rise@0.000ns)
  Data Path Delay:        19.224ns  (logic 11.339ns (58.983%)  route 7.885ns (41.017%))
  Logic Levels:           27  (CARRY4=10 DSP48E1=2 LUT2=1 LUT3=2 LUT5=3 LUT6=6 MUXF7=2 MUXF8=1)
  Clock Path Skew:        -0.093ns (DCD - SCD + CPR)
    Destination Clock Delay (DCD):    2.230ns = ( 22.230 - 20.000 ) 
    Source Clock Delay      (SCD):    2.516ns
    Clock Pessimism Removal (CPR):    0.193ns
  Clock Uncertainty:      0.302ns  ((TSJ^2 + TIJ^2)^1/2 + DJ) / 2 + PE
    Total System Jitter     (TSJ):    0.071ns
    Total Input Jitter      (TIJ):    0.600ns
    Discrete Jitter          (DJ):    0.000ns
    Phase Error              (PE):    0.000ns

    Location             Delay type                Incr(ns)  Path(ns)    Netlist Resource(s)
  -------------------------------------------------------------------    -------------------
                         (clock clk_fpga_0 rise edge)
                                                      0.000     0.000 r  
    PS7_X0Y0             PS7                          0.000     0.000 r  u_zynq_soc/processing_system7_0/inst/PS7_i/FCLKCLK[0]
                         net (fo=1, routed)           0.994     0.994    u_zynq_soc/processing_system7_0/inst/FCLK_CLK_unbuffered[0]
    BUFGCTRL_X0Y16       BUFG (Prop_bufg_I_O)         0.085     1.079 r  u_zynq_soc/processing_system7_0/inst/buffer_fclk_clk_0.FCLK_CLK_0_BUFG/O
                         net (fo=5353, routed)        1.437     2.516    u_cpu/u_D_Cache/ta_2/U0/inst_blk_mem_gen/gnbram.gnativebmg.native_blk_mem_gen/valid.cstr/ramloop[0].ram.r/prim_noinit.ram/clkb
    RAMB18_X2Y7          RAMB18E1                                     r  u_cpu/u_D_Cache/ta_2/U0/inst_blk_mem_gen/gnbram.gnativebmg.native_blk_mem_gen/valid.cstr/ramloop[0].ram.r/prim_noinit.ram/DEVICE_7SERIES.NO_BMM_INFO.SDP.WIDE_PRIM18.ram/CLKARDCLK
  -------------------------------------------------------------------    -------------------
    RAMB18_X2Y7          RAMB18E1 (Prop_ramb18e1_CLKARDCLK_DOADO[9])
                                                      2.125     4.641 r  u_cpu/u_D_Cache/ta_2/U0/inst_blk_mem_gen/gnbram.gnativebmg.native_blk_mem_gen/valid.cstr/ramloop[0].ram.r/prim_noinit.ram/DEVICE_7SERIES.NO_BMM_INFO.SDP.WIDE_PRIM18.ram/DOADO[9]
                         net (fo=3, routed)           1.153     5.794    u_cpu/u_D_Cache/Tag_ta2[5]
    SLICE_X30Y17         LUT6 (Prop_lut6_I0_O)        0.105     5.899 r  u_cpu/u_D_Cache/da_2_i_154/O
                         net (fo=1, routed)           0.000     5.899    u_cpu/u_D_Cache/da_2_i_154_n_0
    SLICE_X30Y17         CARRY4 (Prop_carry4_S[1]_CO[3])
                                                      0.444     6.343 r  u_cpu/u_D_Cache/da_2_i_148/CO[3]
                         net (fo=1, routed)           0.000     6.343    u_cpu/u_D_Cache/da_2_i_148_n_0
    SLICE_X30Y18         CARRY4 (Prop_carry4_CI_CO[2])
                                                      0.191     6.534 r  u_cpu/u_D_Cache/da_2_i_147/CO[2]
                         net (fo=24, routed)          0.395     6.928    u_cpu/u_D_Cache/hit_ta21
    SLICE_X29Y18         LUT6 (Prop_lut6_I3_O)        0.252     7.180 r  u_cpu/u_D_Cache/reg_array[31][30]_i_12/O
                         net (fo=109, routed)         0.855     8.035    u_cpu/u_D_Cache/reg_array[31][30]_i_12_n_0
    SLICE_X29Y26         LUT6 (Prop_lut6_I2_O)        0.105     8.140 r  u_cpu/u_D_Cache/reg_array[31][31]_i_15/O
                         net (fo=1, routed)           0.652     8.792    u_cpu/u_D_Cache/reg_array[31][31]_i_15_n_0
    SLICE_X31Y26         LUT6 (Prop_lut6_I5_O)        0.105     8.897 r  u_cpu/u_D_Cache/reg_array[31][31]_i_8/O
                         net (fo=2, routed)           0.000     8.897    u_cpu/u_D_Cache/Q_reg[83]_rep
    SLICE_X31Y26         MUXF7 (Prop_muxf7_I0_O)      0.178     9.075 r  u_cpu/u_D_Cache/reg_array_reg[31][31]_i_5/O
                         net (fo=5, routed)           0.392     9.467    u_cpu/load/rdata_Mem[31]
    SLICE_X31Y26         LUT6 (Prop_lut6_I2_O)        0.252     9.719 r  u_cpu/load/reg_array[31][31]_i_4/O
                         net (fo=21, routed)          0.750    10.469    u_cpu/load/DataToReg0_in[11]
    SLICE_X31Y22         LUT6 (Prop_lut6_I0_O)        0.105    10.574 r  u_cpu/load/reg_array[31][8]_i_2/O
                         net (fo=1, routed)           0.116    10.690    u_cpu/DataToReg_31[8]
    SLICE_X31Y22         LUT5 (Prop_lut5_I4_O)        0.105    10.795 r  u_cpu/reg_array[31][8]_i_1/O
                         net (fo=35, routed)          0.666    11.461    u_cpu/EX_MEM_Reg/wdata[8]
    SLICE_X33Y18         LUT5 (Prop_lut5_I2_O)        0.105    11.566 r  u_cpu/EX_MEM_Reg/Q[57]_i_1/O
                         net (fo=8, routed)           0.261    11.827    u_cpu/ALUData2[8]
    SLICE_X32Y20         LUT3 (Prop_lut3_I2_O)        0.105    11.932 r  u_cpu/ALUResult0_i_24/O
                         net (fo=11, routed)          0.503    12.435    u_cpu/ALU_Single/B[8]
    DSP48_X2Y8           DSP48E1 (Prop_dsp48e1_B[8]_PCOUT[47])
                                                      3.244    15.679 r  u_cpu/ALU_Single/ALUResult0__1/PCOUT[47]
                         net (fo=1, routed)           0.002    15.681    u_cpu/ALU_Single/ALUResult0__1_n_106
    DSP48_X2Y9           DSP48E1 (Prop_dsp48e1_PCIN[47]_P[0])
                                                      1.271    16.952 r  u_cpu/ALU_Single/ALUResult0__2/P[0]
                         net (fo=4, routed)           0.670    17.622    u_cpu/ALU_Single/ALUResult0__2_n_105
    SLICE_X35Y17         LUT2 (Prop_lut2_I0_O)        0.105    17.727 r  u_cpu/ALU_Single/Q[84]_i_73/O
                         net (fo=1, routed)           0.000    17.727    u_cpu/ALU_Single/Q[84]_i_73_n_0
    SLICE_X35Y17         CARRY4 (Prop_carry4_S[1]_CO[3])
                                                      0.457    18.184 r  u_cpu/ALU_Single/Q_reg[84]_i_66/CO[3]
                         net (fo=1, routed)           0.000    18.184    u_cpu/ALU_Single/Q_reg[84]_i_66_n_0
    SLICE_X35Y18         CARRY4 (Prop_carry4_CI_CO[3])
                                                      0.098    18.282 r  u_cpu/ALU_Single/Q_reg[84]_i_58/CO[3]
                         net (fo=1, routed)           0.000    18.282    u_cpu/ALU_Single/Q_reg[84]_i_58_n_0
    SLICE_X35Y19         CARRY4 (Prop_carry4_CI_CO[3])
                                                      0.098    18.380 r  u_cpu/ALU_Single/Q_reg[84]_i_48/CO[3]
                         net (fo=1, routed)           0.000    18.380    u_cpu/ALU_Single/Q_reg[84]_i_48_n_0
    SLICE_X35Y20         CARRY4 (Prop_carry4_CI_CO[3])
                                                      0.098    18.478 r  u_cpu/ALU_Single/Q_reg[84]_i_25/CO[3]
                         net (fo=1, routed)           0.000    18.478    u_cpu/ALU_Single/Q_reg[84]_i_25_n_0
    SLICE_X35Y21         CARRY4 (Prop_carry4_CI_O[2])
                                                      0.200    18.678 r  u_cpu/ALU_Single/Q_reg[84]_i_15/O[2]
                         net (fo=1, routed)           0.525    19.204    u_cpu/ALU_Single/data8[2]
    SLICE_X38Y16         LUT3 (Prop_lut3_I0_O)        0.253    19.457 r  u_cpu/ALU_Single/Q[83]_i_7__0/O
                         net (fo=1, routed)           0.000    19.457    u_cpu/ID_EX_Reg/Q_reg[83]_rep__0
    SLICE_X38Y16         MUXF7 (Prop_muxf7_I0_O)      0.173    19.630 r  u_cpu/ID_EX_Reg/Q_reg[83]_i_4__0/O
                         net (fo=4, routed)           0.000    19.630    u_cpu/ID_EX_Reg/Q_reg[83]_i_4__0_n_0
    SLICE_X38Y16         MUXF8 (Prop_muxf8_I1_O)      0.074    19.704 r  u_cpu/ID_EX_Reg/Q_reg[1]_i_8/O
                         net (fo=2, routed)           0.642    20.346    u_cpu/ID_EX_Reg/Q_reg[1]_i_8_n_0
    SLICE_X37Y14         LUT5 (Prop_lut5_I1_O)        0.259    20.605 r  u_cpu/ID_EX_Reg/Q[1]_i_5/O
                         net (fo=1, routed)           0.000    20.605    u_cpu/ID_EX_Reg/Q[1]_i_5_n_0
    SLICE_X37Y14         CARRY4 (Prop_carry4_S[1]_CO[3])
                                                      0.457    21.062 r  u_cpu/ID_EX_Reg/Q_reg[1]_i_1/CO[3]
                         net (fo=1, routed)           0.000    21.062    u_cpu/ID_EX_Reg/Q_reg[1]_i_1_n_0
    SLICE_X37Y15         CARRY4 (Prop_carry4_CI_CO[3])
                                                      0.098    21.160 r  u_cpu/ID_EX_Reg/Q_reg[5]_i_1/CO[3]
                         net (fo=1, routed)           0.000    21.160    u_cpu/ID_EX_Reg/Q_reg[5]_i_1_n_0
    SLICE_X37Y16         CARRY4 (Prop_carry4_CI_O[1])
                                                      0.277    21.437 r  u_cpu/ID_EX_Reg/Q_reg[9]_i_1/O[1]
                         net (fo=3, routed)           0.303    21.740    u_cpu/Prog_Counter/Prog_Count/Q_reg[12]_rep_32[1]
    SLICE_X36Y16         FDCE                                         r  u_cpu/Prog_Counter/Prog_Count/Q_reg[10]_rep__0/D
  -------------------------------------------------------------------    -------------------

                         (clock clk_fpga_0 rise edge)
                                                     20.000    20.000 r  
    PS7_X0Y0             PS7                          0.000    20.000 r  u_zynq_soc/processing_system7_0/inst/PS7_i/FCLKCLK[0]
                         net (fo=1, routed)           0.905    20.906    u_zynq_soc/processing_system7_0/inst/FCLK_CLK_unbuffered[0]
    BUFGCTRL_X0Y16       BUFG (Prop_bufg_I_O)         0.077    20.983 r  u_zynq_soc/processing_system7_0/inst/buffer_fclk_clk_0.FCLK_CLK_0_BUFG/O
                         net (fo=5353, routed)        1.248    22.230    u_cpu/Prog_Counter/Prog_Count/FCLK_CLK0_0
    SLICE_X36Y16         FDCE                                         r  u_cpu/Prog_Counter/Prog_Count/Q_reg[10]_rep__0/C
                         clock pessimism              0.193    22.423    
                         clock uncertainty           -0.302    22.121    
    SLICE_X36Y16         FDCE (Setup_fdce_C_D)       -0.172    21.949    u_cpu/Prog_Counter/Prog_Count/Q_reg[10]_rep__0
  -------------------------------------------------------------------
                         required time                         21.949    
                         arrival time                         -21.740    
  -------------------------------------------------------------------
                         slack                                  0.209    

Slack (MET) :             0.238ns  (required time - arrival time)
  Source:                 u_cpu/u_D_Cache/ta_2/U0/inst_blk_mem_gen/gnbram.gnativebmg.native_blk_mem_gen/valid.cstr/ramloop[0].ram.r/prim_noinit.ram/DEVICE_7SERIES.NO_BMM_INFO.SDP.WIDE_PRIM18.ram/CLKARDCLK
                            (rising edge-triggered cell RAMB18E1 clocked by clk_fpga_0  {rise@0.000ns fall@10.000ns period=20.000ns})
  Destination:            u_cpu/Prog_Counter/Prog_Count/Q_reg[30]/D
                            (rising edge-triggered cell FDCE clocked by clk_fpga_0  {rise@0.000ns fall@10.000ns period=20.000ns})
  Path Group:             clk_fpga_0
  Path Type:              Setup (Max at Slow Process Corner)
  Requirement:            20.000ns  (clk_fpga_0 rise@20.000ns - clk_fpga_0 rise@0.000ns)
  Data Path Delay:        19.420ns  (logic 11.862ns (61.081%)  route 7.558ns (38.919%))
  Logic Levels:           32  (CARRY4=15 DSP48E1=2 LUT2=1 LUT3=2 LUT5=3 LUT6=6 MUXF7=2 MUXF8=1)
  Clock Path Skew:        -0.099ns (DCD - SCD + CPR)
    Destination Clock Delay (DCD):    2.224ns = ( 22.224 - 20.000 ) 
    Source Clock Delay      (SCD):    2.516ns
    Clock Pessimism Removal (CPR):    0.193ns
  Clock Uncertainty:      0.302ns  ((TSJ^2 + TIJ^2)^1/2 + DJ) / 2 + PE
    Total System Jitter     (TSJ):    0.071ns
    Total Input Jitter      (TIJ):    0.600ns
    Discrete Jitter          (DJ):    0.000ns
    Phase Error              (PE):    0.000ns

    Location             Delay type                Incr(ns)  Path(ns)    Netlist Resource(s)
  -------------------------------------------------------------------    -------------------
                         (clock clk_fpga_0 rise edge)
                                                      0.000     0.000 r  
    PS7_X0Y0             PS7                          0.000     0.000 r  u_zynq_soc/processing_system7_0/inst/PS7_i/FCLKCLK[0]
                         net (fo=1, routed)           0.994     0.994    u_zynq_soc/processing_system7_0/inst/FCLK_CLK_unbuffered[0]
    BUFGCTRL_X0Y16       BUFG (Prop_bufg_I_O)         0.085     1.079 r  u_zynq_soc/processing_system7_0/inst/buffer_fclk_clk_0.FCLK_CLK_0_BUFG/O
                         net (fo=5353, routed)        1.437     2.516    u_cpu/u_D_Cache/ta_2/U0/inst_blk_mem_gen/gnbram.gnativebmg.native_blk_mem_gen/valid.cstr/ramloop[0].ram.r/prim_noinit.ram/clkb
    RAMB18_X2Y7          RAMB18E1                                     r  u_cpu/u_D_Cache/ta_2/U0/inst_blk_mem_gen/gnbram.gnativebmg.native_blk_mem_gen/valid.cstr/ramloop[0].ram.r/prim_noinit.ram/DEVICE_7SERIES.NO_BMM_INFO.SDP.WIDE_PRIM18.ram/CLKARDCLK
  -------------------------------------------------------------------    -------------------
    RAMB18_X2Y7          RAMB18E1 (Prop_ramb18e1_CLKARDCLK_DOADO[9])
                                                      2.125     4.641 r  u_cpu/u_D_Cache/ta_2/U0/inst_blk_mem_gen/gnbram.gnativebmg.native_blk_mem_gen/valid.cstr/ramloop[0].ram.r/prim_noinit.ram/DEVICE_7SERIES.NO_BMM_INFO.SDP.WIDE_PRIM18.ram/DOADO[9]
                         net (fo=3, routed)           1.153     5.794    u_cpu/u_D_Cache/Tag_ta2[5]
    SLICE_X30Y17         LUT6 (Prop_lut6_I0_O)        0.105     5.899 r  u_cpu/u_D_Cache/da_2_i_154/O
                         net (fo=1, routed)           0.000     5.899    u_cpu/u_D_Cache/da_2_i_154_n_0
    SLICE_X30Y17         CARRY4 (Prop_carry4_S[1]_CO[3])
                                                      0.444     6.343 r  u_cpu/u_D_Cache/da_2_i_148/CO[3]
                         net (fo=1, routed)           0.000     6.343    u_cpu/u_D_Cache/da_2_i_148_n_0
    SLICE_X30Y18         CARRY4 (Prop_carry4_CI_CO[2])
                                                      0.191     6.534 r  u_cpu/u_D_Cache/da_2_i_147/CO[2]
                         net (fo=24, routed)          0.395     6.928    u_cpu/u_D_Cache/hit_ta21
    SLICE_X29Y18         LUT6 (Prop_lut6_I3_O)        0.252     7.180 r  u_cpu/u_D_Cache/reg_array[31][30]_i_12/O
                         net (fo=109, routed)         0.855     8.035    u_cpu/u_D_Cache/reg_array[31][30]_i_12_n_0
    SLICE_X29Y26         LUT6 (Prop_lut6_I2_O)        0.105     8.140 r  u_cpu/u_D_Cache/reg_array[31][31]_i_15/O
                         net (fo=1, routed)           0.652     8.792    u_cpu/u_D_Cache/reg_array[31][31]_i_15_n_0
    SLICE_X31Y26         LUT6 (Prop_lut6_I5_O)        0.105     8.897 r  u_cpu/u_D_Cache/reg_array[31][31]_i_8/O
                         net (fo=2, routed)           0.000     8.897    u_cpu/u_D_Cache/Q_reg[83]_rep
    SLICE_X31Y26         MUXF7 (Prop_muxf7_I0_O)      0.178     9.075 r  u_cpu/u_D_Cache/reg_array_reg[31][31]_i_5/O
                         net (fo=5, routed)           0.392     9.467    u_cpu/load/rdata_Mem[31]
    SLICE_X31Y26         LUT6 (Prop_lut6_I2_O)        0.252     9.719 r  u_cpu/load/reg_array[31][31]_i_4/O
                         net (fo=21, routed)          0.750    10.469    u_cpu/load/DataToReg0_in[11]
    SLICE_X31Y22         LUT6 (Prop_lut6_I0_O)        0.105    10.574 r  u_cpu/load/reg_array[31][8]_i_2/O
                         net (fo=1, routed)           0.116    10.690    u_cpu/DataToReg_31[8]
    SLICE_X31Y22         LUT5 (Prop_lut5_I4_O)        0.105    10.795 r  u_cpu/reg_array[31][8]_i_1/O
                         net (fo=35, routed)          0.666    11.461    u_cpu/EX_MEM_Reg/wdata[8]
    SLICE_X33Y18         LUT5 (Prop_lut5_I2_O)        0.105    11.566 r  u_cpu/EX_MEM_Reg/Q[57]_i_1/O
                         net (fo=8, routed)           0.261    11.827    u_cpu/ALUData2[8]
    SLICE_X32Y20         LUT3 (Prop_lut3_I2_O)        0.105    11.932 r  u_cpu/ALUResult0_i_24/O
                         net (fo=11, routed)          0.503    12.435    u_cpu/ALU_Single/B[8]
    DSP48_X2Y8           DSP48E1 (Prop_dsp48e1_B[8]_PCOUT[47])
                                                      3.244    15.679 r  u_cpu/ALU_Single/ALUResult0__1/PCOUT[47]
                         net (fo=1, routed)           0.002    15.681    u_cpu/ALU_Single/ALUResult0__1_n_106
    DSP48_X2Y9           DSP48E1 (Prop_dsp48e1_PCIN[47]_P[0])
                                                      1.271    16.952 r  u_cpu/ALU_Single/ALUResult0__2/P[0]
                         net (fo=4, routed)           0.670    17.622    u_cpu/ALU_Single/ALUResult0__2_n_105
    SLICE_X35Y17         LUT2 (Prop_lut2_I0_O)        0.105    17.727 r  u_cpu/ALU_Single/Q[84]_i_73/O
                         net (fo=1, routed)           0.000    17.727    u_cpu/ALU_Single/Q[84]_i_73_n_0
    SLICE_X35Y17         CARRY4 (Prop_carry4_S[1]_CO[3])
                                                      0.457    18.184 r  u_cpu/ALU_Single/Q_reg[84]_i_66/CO[3]
                         net (fo=1, routed)           0.000    18.184    u_cpu/ALU_Single/Q_reg[84]_i_66_n_0
    SLICE_X35Y18         CARRY4 (Prop_carry4_CI_CO[3])
                                                      0.098    18.282 r  u_cpu/ALU_Single/Q_reg[84]_i_58/CO[3]
                         net (fo=1, routed)           0.000    18.282    u_cpu/ALU_Single/Q_reg[84]_i_58_n_0
    SLICE_X35Y19         CARRY4 (Prop_carry4_CI_CO[3])
                                                      0.098    18.380 r  u_cpu/ALU_Single/Q_reg[84]_i_48/CO[3]
                         net (fo=1, routed)           0.000    18.380    u_cpu/ALU_Single/Q_reg[84]_i_48_n_0
    SLICE_X35Y20         CARRY4 (Prop_carry4_CI_CO[3])
                                                      0.098    18.478 r  u_cpu/ALU_Single/Q_reg[84]_i_25/CO[3]
                         net (fo=1, routed)           0.000    18.478    u_cpu/ALU_Single/Q_reg[84]_i_25_n_0
    SLICE_X35Y21         CARRY4 (Prop_carry4_CI_CO[3])
                                                      0.098    18.576 r  u_cpu/ALU_Single/Q_reg[84]_i_15/CO[3]
                         net (fo=1, routed)           0.000    18.576    u_cpu/ALU_Single/Q_reg[84]_i_15_n_0
    SLICE_X35Y22         CARRY4 (Prop_carry4_CI_CO[3])
                                                      0.098    18.674 r  u_cpu/ALU_Single/Q_reg[88]_i_14/CO[3]
                         net (fo=1, routed)           0.000    18.674    u_cpu/ALU_Single/Q_reg[88]_i_14_n_0
    SLICE_X35Y23         CARRY4 (Prop_carry4_CI_O[1])
                                                      0.265    18.939 r  u_cpu/ALU_Single/Q_reg[92]_i_14/O[1]
                         net (fo=1, routed)           0.500    19.439    u_cpu/ALU_Single/data8[9]
    SLICE_X38Y21         LUT3 (Prop_lut3_I0_O)        0.250    19.689 r  u_cpu/ALU_Single/Q[90]_i_5/O
                         net (fo=1, routed)           0.000    19.689    u_cpu/ID_EX_Reg/Q_reg[90]_rep__0
    SLICE_X38Y21         MUXF7 (Prop_muxf7_I0_O)      0.173    19.862 r  u_cpu/ID_EX_Reg/Q_reg[90]_i_3__0/O
                         net (fo=4, routed)           0.000    19.862    u_cpu/ID_EX_Reg/Q_reg[90]_i_3__0_n_0
    SLICE_X38Y21         MUXF8 (Prop_muxf8_I1_O)      0.074    19.936 r  u_cpu/ID_EX_Reg/Q_reg[9]_i_9/O
                         net (fo=1, routed)           0.643    20.580    u_cpu/ID_EX_Reg/Q_reg[9]_i_9_n_0
    SLICE_X37Y16         LUT5 (Prop_lut5_I2_O)        0.259    20.839 r  u_cpu/ID_EX_Reg/Q[9]_i_5/O
                         net (fo=1, routed)           0.000    20.839    u_cpu/ID_EX_Reg/Q[9]_i_5_n_0
    SLICE_X37Y16         CARRY4 (Prop_carry4_S[0]_CO[3])
                                                      0.440    21.279 r  u_cpu/ID_EX_Reg/Q_reg[9]_i_1/CO[3]
                         net (fo=1, routed)           0.000    21.279    u_cpu/ID_EX_Reg/Q_reg[9]_i_1_n_0
    SLICE_X37Y17         CARRY4 (Prop_carry4_CI_CO[3])
                                                      0.098    21.377 r  u_cpu/ID_EX_Reg/Q_reg[13]_i_1/CO[3]
                         net (fo=1, routed)           0.000    21.377    u_cpu/ID_EX_Reg/Q_reg[13]_i_1_n_0
    SLICE_X37Y18         CARRY4 (Prop_carry4_CI_CO[3])
                                                      0.098    21.475 r  u_cpu/ID_EX_Reg/Q_reg[17]_i_1/CO[3]
                         net (fo=1, routed)           0.000    21.475    u_cpu/ID_EX_Reg/Q_reg[17]_i_1_n_0
    SLICE_X37Y19         CARRY4 (Prop_carry4_CI_CO[3])
                                                      0.098    21.573 r  u_cpu/ID_EX_Reg/Q_reg[21]_i_1/CO[3]
                         net (fo=1, routed)           0.000    21.573    u_cpu/ID_EX_Reg/Q_reg[21]_i_1_n_0
    SLICE_X37Y20         CARRY4 (Prop_carry4_CI_CO[3])
                                                      0.098    21.671 r  u_cpu/ID_EX_Reg/Q_reg[25]_i_1/CO[3]
                         net (fo=1, routed)           0.000    21.671    u_cpu/ID_EX_Reg/Q_reg[25]_i_1_n_0
    SLICE_X37Y21         CARRY4 (Prop_carry4_CI_O[1])
                                                      0.265    21.936 r  u_cpu/ID_EX_Reg/Q_reg[29]_i_1/O[1]
                         net (fo=1, routed)           0.000    21.936    u_cpu/Prog_Counter/Prog_Count/Q_reg[31]_0[1]
    SLICE_X37Y21         FDCE                                         r  u_cpu/Prog_Counter/Prog_Count/Q_reg[30]/D
  -------------------------------------------------------------------    -------------------

                         (clock clk_fpga_0 rise edge)
                                                     20.000    20.000 r  
    PS7_X0Y0             PS7                          0.000    20.000 r  u_zynq_soc/processing_system7_0/inst/PS7_i/FCLKCLK[0]
                         net (fo=1, routed)           0.905    20.906    u_zynq_soc/processing_system7_0/inst/FCLK_CLK_unbuffered[0]
    BUFGCTRL_X0Y16       BUFG (Prop_bufg_I_O)         0.077    20.983 r  u_zynq_soc/processing_system7_0/inst/buffer_fclk_clk_0.FCLK_CLK_0_BUFG/O
                         net (fo=5353, routed)        1.242    22.224    u_cpu/Prog_Counter/Prog_Count/FCLK_CLK0_0
    SLICE_X37Y21         FDCE                                         r  u_cpu/Prog_Counter/Prog_Count/Q_reg[30]/C
                         clock pessimism              0.193    22.417    
                         clock uncertainty           -0.302    22.115    
    SLICE_X37Y21         FDCE (Setup_fdce_C_D)        0.059    22.174    u_cpu/Prog_Counter/Prog_Count/Q_reg[30]
  -------------------------------------------------------------------
                         required time                         22.174    
                         arrival time                         -21.936    
  -------------------------------------------------------------------
                         slack                                  0.238    

Slack (MET) :             0.241ns  (required time - arrival time)
  Source:                 u_cpu/u_D_Cache/ta_2/U0/inst_blk_mem_gen/gnbram.gnativebmg.native_blk_mem_gen/valid.cstr/ramloop[0].ram.r/prim_noinit.ram/DEVICE_7SERIES.NO_BMM_INFO.SDP.WIDE_PRIM18.ram/CLKARDCLK
                            (rising edge-triggered cell RAMB18E1 clocked by clk_fpga_0  {rise@0.000ns fall@10.000ns period=20.000ns})
  Destination:            u_cpu/Prog_Counter/Prog_Count/Q_reg[7]_rep__1/D
                            (rising edge-triggered cell FDCE clocked by clk_fpga_0  {rise@0.000ns fall@10.000ns period=20.000ns})
  Path Group:             clk_fpga_0
  Path Type:              Setup (Max at Slow Process Corner)
  Requirement:            20.000ns  (clk_fpga_0 rise@20.000ns - clk_fpga_0 rise@0.000ns)
  Data Path Delay:        19.205ns  (logic 11.178ns (58.203%)  route 8.027ns (41.797%))
  Logic Levels:           26  (CARRY4=9 DSP48E1=2 LUT2=1 LUT3=2 LUT5=3 LUT6=6 MUXF7=2 MUXF8=1)
  Clock Path Skew:        -0.092ns (DCD - SCD + CPR)
    Destination Clock Delay (DCD):    2.231ns = ( 22.231 - 20.000 ) 
    Source Clock Delay      (SCD):    2.516ns
    Clock Pessimism Removal (CPR):    0.193ns
  Clock Uncertainty:      0.302ns  ((TSJ^2 + TIJ^2)^1/2 + DJ) / 2 + PE
    Total System Jitter     (TSJ):    0.071ns
    Total Input Jitter      (TIJ):    0.600ns
    Discrete Jitter          (DJ):    0.000ns
    Phase Error              (PE):    0.000ns

    Location             Delay type                Incr(ns)  Path(ns)    Netlist Resource(s)
  -------------------------------------------------------------------    -------------------
                         (clock clk_fpga_0 rise edge)
                                                      0.000     0.000 r  
    PS7_X0Y0             PS7                          0.000     0.000 r  u_zynq_soc/processing_system7_0/inst/PS7_i/FCLKCLK[0]
                         net (fo=1, routed)           0.994     0.994    u_zynq_soc/processing_system7_0/inst/FCLK_CLK_unbuffered[0]
    BUFGCTRL_X0Y16       BUFG (Prop_bufg_I_O)         0.085     1.079 r  u_zynq_soc/processing_system7_0/inst/buffer_fclk_clk_0.FCLK_CLK_0_BUFG/O
                         net (fo=5353, routed)        1.437     2.516    u_cpu/u_D_Cache/ta_2/U0/inst_blk_mem_gen/gnbram.gnativebmg.native_blk_mem_gen/valid.cstr/ramloop[0].ram.r/prim_noinit.ram/clkb
    RAMB18_X2Y7          RAMB18E1                                     r  u_cpu/u_D_Cache/ta_2/U0/inst_blk_mem_gen/gnbram.gnativebmg.native_blk_mem_gen/valid.cstr/ramloop[0].ram.r/prim_noinit.ram/DEVICE_7SERIES.NO_BMM_INFO.SDP.WIDE_PRIM18.ram/CLKARDCLK
  -------------------------------------------------------------------    -------------------
    RAMB18_X2Y7          RAMB18E1 (Prop_ramb18e1_CLKARDCLK_DOADO[9])
                                                      2.125     4.641 r  u_cpu/u_D_Cache/ta_2/U0/inst_blk_mem_gen/gnbram.gnativebmg.native_blk_mem_gen/valid.cstr/ramloop[0].ram.r/prim_noinit.ram/DEVICE_7SERIES.NO_BMM_INFO.SDP.WIDE_PRIM18.ram/DOADO[9]
                         net (fo=3, routed)           1.153     5.794    u_cpu/u_D_Cache/Tag_ta2[5]
    SLICE_X30Y17         LUT6 (Prop_lut6_I0_O)        0.105     5.899 r  u_cpu/u_D_Cache/da_2_i_154/O
                         net (fo=1, routed)           0.000     5.899    u_cpu/u_D_Cache/da_2_i_154_n_0
    SLICE_X30Y17         CARRY4 (Prop_carry4_S[1]_CO[3])
                                                      0.444     6.343 r  u_cpu/u_D_Cache/da_2_i_148/CO[3]
                         net (fo=1, routed)           0.000     6.343    u_cpu/u_D_Cache/da_2_i_148_n_0
    SLICE_X30Y18         CARRY4 (Prop_carry4_CI_CO[2])
                                                      0.191     6.534 r  u_cpu/u_D_Cache/da_2_i_147/CO[2]
                         net (fo=24, routed)          0.395     6.928    u_cpu/u_D_Cache/hit_ta21
    SLICE_X29Y18         LUT6 (Prop_lut6_I3_O)        0.252     7.180 r  u_cpu/u_D_Cache/reg_array[31][30]_i_12/O
                         net (fo=109, routed)         0.855     8.035    u_cpu/u_D_Cache/reg_array[31][30]_i_12_n_0
    SLICE_X29Y26         LUT6 (Prop_lut6_I2_O)        0.105     8.140 r  u_cpu/u_D_Cache/reg_array[31][31]_i_15/O
                         net (fo=1, routed)           0.652     8.792    u_cpu/u_D_Cache/reg_array[31][31]_i_15_n_0
    SLICE_X31Y26         LUT6 (Prop_lut6_I5_O)        0.105     8.897 r  u_cpu/u_D_Cache/reg_array[31][31]_i_8/O
                         net (fo=2, routed)           0.000     8.897    u_cpu/u_D_Cache/Q_reg[83]_rep
    SLICE_X31Y26         MUXF7 (Prop_muxf7_I0_O)      0.178     9.075 r  u_cpu/u_D_Cache/reg_array_reg[31][31]_i_5/O
                         net (fo=5, routed)           0.392     9.467    u_cpu/load/rdata_Mem[31]
    SLICE_X31Y26         LUT6 (Prop_lut6_I2_O)        0.252     9.719 r  u_cpu/load/reg_array[31][31]_i_4/O
                         net (fo=21, routed)          0.750    10.469    u_cpu/load/DataToReg0_in[11]
    SLICE_X31Y22         LUT6 (Prop_lut6_I0_O)        0.105    10.574 r  u_cpu/load/reg_array[31][8]_i_2/O
                         net (fo=1, routed)           0.116    10.690    u_cpu/DataToReg_31[8]
    SLICE_X31Y22         LUT5 (Prop_lut5_I4_O)        0.105    10.795 r  u_cpu/reg_array[31][8]_i_1/O
                         net (fo=35, routed)          0.666    11.461    u_cpu/EX_MEM_Reg/wdata[8]
    SLICE_X33Y18         LUT5 (Prop_lut5_I2_O)        0.105    11.566 r  u_cpu/EX_MEM_Reg/Q[57]_i_1/O
                         net (fo=8, routed)           0.261    11.827    u_cpu/ALUData2[8]
    SLICE_X32Y20         LUT3 (Prop_lut3_I2_O)        0.105    11.932 r  u_cpu/ALUResult0_i_24/O
                         net (fo=11, routed)          0.503    12.435    u_cpu/ALU_Single/B[8]
    DSP48_X2Y8           DSP48E1 (Prop_dsp48e1_B[8]_PCOUT[47])
                                                      3.244    15.679 r  u_cpu/ALU_Single/ALUResult0__1/PCOUT[47]
                         net (fo=1, routed)           0.002    15.681    u_cpu/ALU_Single/ALUResult0__1_n_106
    DSP48_X2Y9           DSP48E1 (Prop_dsp48e1_PCIN[47]_P[0])
                                                      1.271    16.952 r  u_cpu/ALU_Single/ALUResult0__2/P[0]
                         net (fo=4, routed)           0.670    17.622    u_cpu/ALU_Single/ALUResult0__2_n_105
    SLICE_X35Y17         LUT2 (Prop_lut2_I0_O)        0.105    17.727 r  u_cpu/ALU_Single/Q[84]_i_73/O
                         net (fo=1, routed)           0.000    17.727    u_cpu/ALU_Single/Q[84]_i_73_n_0
    SLICE_X35Y17         CARRY4 (Prop_carry4_S[1]_CO[3])
                                                      0.457    18.184 r  u_cpu/ALU_Single/Q_reg[84]_i_66/CO[3]
                         net (fo=1, routed)           0.000    18.184    u_cpu/ALU_Single/Q_reg[84]_i_66_n_0
    SLICE_X35Y18         CARRY4 (Prop_carry4_CI_CO[3])
                                                      0.098    18.282 r  u_cpu/ALU_Single/Q_reg[84]_i_58/CO[3]
                         net (fo=1, routed)           0.000    18.282    u_cpu/ALU_Single/Q_reg[84]_i_58_n_0
    SLICE_X35Y19         CARRY4 (Prop_carry4_CI_CO[3])
                                                      0.098    18.380 r  u_cpu/ALU_Single/Q_reg[84]_i_48/CO[3]
                         net (fo=1, routed)           0.000    18.380    u_cpu/ALU_Single/Q_reg[84]_i_48_n_0
    SLICE_X35Y20         CARRY4 (Prop_carry4_CI_CO[3])
                                                      0.098    18.478 r  u_cpu/ALU_Single/Q_reg[84]_i_25/CO[3]
                         net (fo=1, routed)           0.000    18.478    u_cpu/ALU_Single/Q_reg[84]_i_25_n_0
    SLICE_X35Y21         CARRY4 (Prop_carry4_CI_O[2])
                                                      0.200    18.678 r  u_cpu/ALU_Single/Q_reg[84]_i_15/O[2]
                         net (fo=1, routed)           0.525    19.204    u_cpu/ALU_Single/data8[2]
    SLICE_X38Y16         LUT3 (Prop_lut3_I0_O)        0.253    19.457 r  u_cpu/ALU_Single/Q[83]_i_7__0/O
                         net (fo=1, routed)           0.000    19.457    u_cpu/ID_EX_Reg/Q_reg[83]_rep__0
    SLICE_X38Y16         MUXF7 (Prop_muxf7_I0_O)      0.173    19.630 r  u_cpu/ID_EX_Reg/Q_reg[83]_i_4__0/O
                         net (fo=4, routed)           0.000    19.630    u_cpu/ID_EX_Reg/Q_reg[83]_i_4__0_n_0
    SLICE_X38Y16         MUXF8 (Prop_muxf8_I1_O)      0.074    19.704 r  u_cpu/ID_EX_Reg/Q_reg[1]_i_8/O
                         net (fo=2, routed)           0.642    20.346    u_cpu/ID_EX_Reg/Q_reg[1]_i_8_n_0
    SLICE_X37Y14         LUT5 (Prop_lut5_I1_O)        0.259    20.605 r  u_cpu/ID_EX_Reg/Q[1]_i_5/O
                         net (fo=1, routed)           0.000    20.605    u_cpu/ID_EX_Reg/Q[1]_i_5_n_0
    SLICE_X37Y14         CARRY4 (Prop_carry4_S[1]_CO[3])
                                                      0.457    21.062 r  u_cpu/ID_EX_Reg/Q_reg[1]_i_1/CO[3]
                         net (fo=1, routed)           0.000    21.062    u_cpu/ID_EX_Reg/Q_reg[1]_i_1_n_0
    SLICE_X37Y15         CARRY4 (Prop_carry4_CI_O[2])
                                                      0.214    21.276 r  u_cpu/ID_EX_Reg/Q_reg[5]_i_1/O[2]
                         net (fo=4, routed)           0.445    21.721    u_cpu/Prog_Counter/Prog_Count/Q_reg[8]_rep_18[2]
    SLICE_X36Y14         FDCE                                         r  u_cpu/Prog_Counter/Prog_Count/Q_reg[7]_rep__1/D
  -------------------------------------------------------------------    -------------------

                         (clock clk_fpga_0 rise edge)
                                                     20.000    20.000 r  
    PS7_X0Y0             PS7                          0.000    20.000 r  u_zynq_soc/processing_system7_0/inst/PS7_i/FCLKCLK[0]
                         net (fo=1, routed)           0.905    20.906    u_zynq_soc/processing_system7_0/inst/FCLK_CLK_unbuffered[0]
    BUFGCTRL_X0Y16       BUFG (Prop_bufg_I_O)         0.077    20.983 r  u_zynq_soc/processing_system7_0/inst/buffer_fclk_clk_0.FCLK_CLK_0_BUFG/O
                         net (fo=5353, routed)        1.249    22.231    u_cpu/Prog_Counter/Prog_Count/FCLK_CLK0_0
    SLICE_X36Y14         FDCE                                         r  u_cpu/Prog_Counter/Prog_Count/Q_reg[7]_rep__1/C
                         clock pessimism              0.193    22.424    
                         clock uncertainty           -0.302    22.122    
    SLICE_X36Y14         FDCE (Setup_fdce_C_D)       -0.160    21.962    u_cpu/Prog_Counter/Prog_Count/Q_reg[7]_rep__1
  -------------------------------------------------------------------
                         required time                         21.962    
                         arrival time                         -21.721    
  -------------------------------------------------------------------
                         slack                                  0.241    

Slack (MET) :             0.244ns  (required time - arrival time)
  Source:                 u_cpu/u_D_Cache/ta_2/U0/inst_blk_mem_gen/gnbram.gnativebmg.native_blk_mem_gen/valid.cstr/ramloop[0].ram.r/prim_noinit.ram/DEVICE_7SERIES.NO_BMM_INFO.SDP.WIDE_PRIM18.ram/CLKARDCLK
                            (rising edge-triggered cell RAMB18E1 clocked by clk_fpga_0  {rise@0.000ns fall@10.000ns period=20.000ns})
  Destination:            u_cpu/Prog_Counter/Prog_Count/Q_reg[10]_rep/D
                            (rising edge-triggered cell FDCE clocked by clk_fpga_0  {rise@0.000ns fall@10.000ns period=20.000ns})
  Path Group:             clk_fpga_0
  Path Type:              Setup (Max at Slow Process Corner)
  Requirement:            20.000ns  (clk_fpga_0 rise@20.000ns - clk_fpga_0 rise@0.000ns)
  Data Path Delay:        19.191ns  (logic 11.339ns (59.084%)  route 7.852ns (40.916%))
  Logic Levels:           27  (CARRY4=10 DSP48E1=2 LUT2=1 LUT3=2 LUT5=3 LUT6=6 MUXF7=2 MUXF8=1)
  Clock Path Skew:        -0.094ns (DCD - SCD + CPR)
    Destination Clock Delay (DCD):    2.229ns = ( 22.229 - 20.000 ) 
    Source Clock Delay      (SCD):    2.516ns
    Clock Pessimism Removal (CPR):    0.193ns
  Clock Uncertainty:      0.302ns  ((TSJ^2 + TIJ^2)^1/2 + DJ) / 2 + PE
    Total System Jitter     (TSJ):    0.071ns
    Total Input Jitter      (TIJ):    0.600ns
    Discrete Jitter          (DJ):    0.000ns
    Phase Error              (PE):    0.000ns

    Location             Delay type                Incr(ns)  Path(ns)    Netlist Resource(s)
  -------------------------------------------------------------------    -------------------
                         (clock clk_fpga_0 rise edge)
                                                      0.000     0.000 r  
    PS7_X0Y0             PS7                          0.000     0.000 r  u_zynq_soc/processing_system7_0/inst/PS7_i/FCLKCLK[0]
                         net (fo=1, routed)           0.994     0.994    u_zynq_soc/processing_system7_0/inst/FCLK_CLK_unbuffered[0]
    BUFGCTRL_X0Y16       BUFG (Prop_bufg_I_O)         0.085     1.079 r  u_zynq_soc/processing_system7_0/inst/buffer_fclk_clk_0.FCLK_CLK_0_BUFG/O
                         net (fo=5353, routed)        1.437     2.516    u_cpu/u_D_Cache/ta_2/U0/inst_blk_mem_gen/gnbram.gnativebmg.native_blk_mem_gen/valid.cstr/ramloop[0].ram.r/prim_noinit.ram/clkb
    RAMB18_X2Y7          RAMB18E1                                     r  u_cpu/u_D_Cache/ta_2/U0/inst_blk_mem_gen/gnbram.gnativebmg.native_blk_mem_gen/valid.cstr/ramloop[0].ram.r/prim_noinit.ram/DEVICE_7SERIES.NO_BMM_INFO.SDP.WIDE_PRIM18.ram/CLKARDCLK
  -------------------------------------------------------------------    -------------------
    RAMB18_X2Y7          RAMB18E1 (Prop_ramb18e1_CLKARDCLK_DOADO[9])
                                                      2.125     4.641 r  u_cpu/u_D_Cache/ta_2/U0/inst_blk_mem_gen/gnbram.gnativebmg.native_blk_mem_gen/valid.cstr/ramloop[0].ram.r/prim_noinit.ram/DEVICE_7SERIES.NO_BMM_INFO.SDP.WIDE_PRIM18.ram/DOADO[9]
                         net (fo=3, routed)           1.153     5.794    u_cpu/u_D_Cache/Tag_ta2[5]
    SLICE_X30Y17         LUT6 (Prop_lut6_I0_O)        0.105     5.899 r  u_cpu/u_D_Cache/da_2_i_154/O
                         net (fo=1, routed)           0.000     5.899    u_cpu/u_D_Cache/da_2_i_154_n_0
    SLICE_X30Y17         CARRY4 (Prop_carry4_S[1]_CO[3])
                                                      0.444     6.343 r  u_cpu/u_D_Cache/da_2_i_148/CO[3]
                         net (fo=1, routed)           0.000     6.343    u_cpu/u_D_Cache/da_2_i_148_n_0
    SLICE_X30Y18         CARRY4 (Prop_carry4_CI_CO[2])
                                                      0.191     6.534 r  u_cpu/u_D_Cache/da_2_i_147/CO[2]
                         net (fo=24, routed)          0.395     6.928    u_cpu/u_D_Cache/hit_ta21
    SLICE_X29Y18         LUT6 (Prop_lut6_I3_O)        0.252     7.180 r  u_cpu/u_D_Cache/reg_array[31][30]_i_12/O
                         net (fo=109, routed)         0.855     8.035    u_cpu/u_D_Cache/reg_array[31][30]_i_12_n_0
    SLICE_X29Y26         LUT6 (Prop_lut6_I2_O)        0.105     8.140 r  u_cpu/u_D_Cache/reg_array[31][31]_i_15/O
                         net (fo=1, routed)           0.652     8.792    u_cpu/u_D_Cache/reg_array[31][31]_i_15_n_0
    SLICE_X31Y26         LUT6 (Prop_lut6_I5_O)        0.105     8.897 r  u_cpu/u_D_Cache/reg_array[31][31]_i_8/O
                         net (fo=2, routed)           0.000     8.897    u_cpu/u_D_Cache/Q_reg[83]_rep
    SLICE_X31Y26         MUXF7 (Prop_muxf7_I0_O)      0.178     9.075 r  u_cpu/u_D_Cache/reg_array_reg[31][31]_i_5/O
                         net (fo=5, routed)           0.392     9.467    u_cpu/load/rdata_Mem[31]
    SLICE_X31Y26         LUT6 (Prop_lut6_I2_O)        0.252     9.719 r  u_cpu/load/reg_array[31][31]_i_4/O
                         net (fo=21, routed)          0.750    10.469    u_cpu/load/DataToReg0_in[11]
    SLICE_X31Y22         LUT6 (Prop_lut6_I0_O)        0.105    10.574 r  u_cpu/load/reg_array[31][8]_i_2/O
                         net (fo=1, routed)           0.116    10.690    u_cpu/DataToReg_31[8]
    SLICE_X31Y22         LUT5 (Prop_lut5_I4_O)        0.105    10.795 r  u_cpu/reg_array[31][8]_i_1/O
                         net (fo=35, routed)          0.666    11.461    u_cpu/EX_MEM_Reg/wdata[8]
    SLICE_X33Y18         LUT5 (Prop_lut5_I2_O)        0.105    11.566 r  u_cpu/EX_MEM_Reg/Q[57]_i_1/O
                         net (fo=8, routed)           0.261    11.827    u_cpu/ALUData2[8]
    SLICE_X32Y20         LUT3 (Prop_lut3_I2_O)        0.105    11.932 r  u_cpu/ALUResult0_i_24/O
                         net (fo=11, routed)          0.503    12.435    u_cpu/ALU_Single/B[8]
    DSP48_X2Y8           DSP48E1 (Prop_dsp48e1_B[8]_PCOUT[47])
                                                      3.244    15.679 r  u_cpu/ALU_Single/ALUResult0__1/PCOUT[47]
                         net (fo=1, routed)           0.002    15.681    u_cpu/ALU_Single/ALUResult0__1_n_106
    DSP48_X2Y9           DSP48E1 (Prop_dsp48e1_PCIN[47]_P[0])
                                                      1.271    16.952 r  u_cpu/ALU_Single/ALUResult0__2/P[0]
                         net (fo=4, routed)           0.670    17.622    u_cpu/ALU_Single/ALUResult0__2_n_105
    SLICE_X35Y17         LUT2 (Prop_lut2_I0_O)        0.105    17.727 r  u_cpu/ALU_Single/Q[84]_i_73/O
                         net (fo=1, routed)           0.000    17.727    u_cpu/ALU_Single/Q[84]_i_73_n_0
    SLICE_X35Y17         CARRY4 (Prop_carry4_S[1]_CO[3])
                                                      0.457    18.184 r  u_cpu/ALU_Single/Q_reg[84]_i_66/CO[3]
                         net (fo=1, routed)           0.000    18.184    u_cpu/ALU_Single/Q_reg[84]_i_66_n_0
    SLICE_X35Y18         CARRY4 (Prop_carry4_CI_CO[3])
                                                      0.098    18.282 r  u_cpu/ALU_Single/Q_reg[84]_i_58/CO[3]
                         net (fo=1, routed)           0.000    18.282    u_cpu/ALU_Single/Q_reg[84]_i_58_n_0
    SLICE_X35Y19         CARRY4 (Prop_carry4_CI_CO[3])
                                                      0.098    18.380 r  u_cpu/ALU_Single/Q_reg[84]_i_48/CO[3]
                         net (fo=1, routed)           0.000    18.380    u_cpu/ALU_Single/Q_reg[84]_i_48_n_0
    SLICE_X35Y20         CARRY4 (Prop_carry4_CI_CO[3])
                                                      0.098    18.478 r  u_cpu/ALU_Single/Q_reg[84]_i_25/CO[3]
                         net (fo=1, routed)           0.000    18.478    u_cpu/ALU_Single/Q_reg[84]_i_25_n_0
    SLICE_X35Y21         CARRY4 (Prop_carry4_CI_O[2])
                                                      0.200    18.678 r  u_cpu/ALU_Single/Q_reg[84]_i_15/O[2]
                         net (fo=1, routed)           0.525    19.204    u_cpu/ALU_Single/data8[2]
    SLICE_X38Y16         LUT3 (Prop_lut3_I0_O)        0.253    19.457 r  u_cpu/ALU_Single/Q[83]_i_7__0/O
                         net (fo=1, routed)           0.000    19.457    u_cpu/ID_EX_Reg/Q_reg[83]_rep__0
    SLICE_X38Y16         MUXF7 (Prop_muxf7_I0_O)      0.173    19.630 r  u_cpu/ID_EX_Reg/Q_reg[83]_i_4__0/O
                         net (fo=4, routed)           0.000    19.630    u_cpu/ID_EX_Reg/Q_reg[83]_i_4__0_n_0
    SLICE_X38Y16         MUXF8 (Prop_muxf8_I1_O)      0.074    19.704 r  u_cpu/ID_EX_Reg/Q_reg[1]_i_8/O
                         net (fo=2, routed)           0.642    20.346    u_cpu/ID_EX_Reg/Q_reg[1]_i_8_n_0
    SLICE_X37Y14         LUT5 (Prop_lut5_I1_O)        0.259    20.605 r  u_cpu/ID_EX_Reg/Q[1]_i_5/O
                         net (fo=1, routed)           0.000    20.605    u_cpu/ID_EX_Reg/Q[1]_i_5_n_0
    SLICE_X37Y14         CARRY4 (Prop_carry4_S[1]_CO[3])
                                                      0.457    21.062 r  u_cpu/ID_EX_Reg/Q_reg[1]_i_1/CO[3]
                         net (fo=1, routed)           0.000    21.062    u_cpu/ID_EX_Reg/Q_reg[1]_i_1_n_0
    SLICE_X37Y15         CARRY4 (Prop_carry4_CI_CO[3])
                                                      0.098    21.160 r  u_cpu/ID_EX_Reg/Q_reg[5]_i_1/CO[3]
                         net (fo=1, routed)           0.000    21.160    u_cpu/ID_EX_Reg/Q_reg[5]_i_1_n_0
    SLICE_X37Y16         CARRY4 (Prop_carry4_CI_O[1])
                                                      0.277    21.437 r  u_cpu/ID_EX_Reg/Q_reg[9]_i_1/O[1]
                         net (fo=3, routed)           0.270    21.707    u_cpu/Prog_Counter/Prog_Count/Q_reg[12]_rep_32[1]
    SLICE_X37Y17         FDCE                                         r  u_cpu/Prog_Counter/Prog_Count/Q_reg[10]_rep/D
  -------------------------------------------------------------------    -------------------

                         (clock clk_fpga_0 rise edge)
                                                     20.000    20.000 r  
    PS7_X0Y0             PS7                          0.000    20.000 r  u_zynq_soc/processing_system7_0/inst/PS7_i/FCLKCLK[0]
                         net (fo=1, routed)           0.905    20.906    u_zynq_soc/processing_system7_0/inst/FCLK_CLK_unbuffered[0]
    BUFGCTRL_X0Y16       BUFG (Prop_bufg_I_O)         0.077    20.983 r  u_zynq_soc/processing_system7_0/inst/buffer_fclk_clk_0.FCLK_CLK_0_BUFG/O
                         net (fo=5353, routed)        1.247    22.229    u_cpu/Prog_Counter/Prog_Count/FCLK_CLK0_0
    SLICE_X37Y17         FDCE                                         r  u_cpu/Prog_Counter/Prog_Count/Q_reg[10]_rep/C
                         clock pessimism              0.193    22.422    
                         clock uncertainty           -0.302    22.120    
    SLICE_X37Y17         FDCE (Setup_fdce_C_D)       -0.169    21.951    u_cpu/Prog_Counter/Prog_Count/Q_reg[10]_rep
  -------------------------------------------------------------------
                         required time                         21.951    
                         arrival time                         -21.707    
  -------------------------------------------------------------------
                         slack                                  0.244    

Slack (MET) :             0.249ns  (required time - arrival time)
  Source:                 u_cpu/u_D_Cache/ta_2/U0/inst_blk_mem_gen/gnbram.gnativebmg.native_blk_mem_gen/valid.cstr/ramloop[0].ram.r/prim_noinit.ram/DEVICE_7SERIES.NO_BMM_INFO.SDP.WIDE_PRIM18.ram/CLKARDCLK
                            (rising edge-triggered cell RAMB18E1 clocked by clk_fpga_0  {rise@0.000ns fall@10.000ns period=20.000ns})
  Destination:            u_cpu/Prog_Counter/Prog_Count/Q_reg[12]_rep/D
                            (rising edge-triggered cell FDCE clocked by clk_fpga_0  {rise@0.000ns fall@10.000ns period=20.000ns})
  Path Group:             clk_fpga_0
  Path Type:              Setup (Max at Slow Process Corner)
  Requirement:            20.000ns  (clk_fpga_0 rise@20.000ns - clk_fpga_0 rise@0.000ns)
  Data Path Delay:        19.177ns  (logic 11.337ns (59.118%)  route 7.840ns (40.882%))
  Logic Levels:           27  (CARRY4=10 DSP48E1=2 LUT2=1 LUT3=2 LUT5=3 LUT6=6 MUXF7=2 MUXF8=1)
  Clock Path Skew:        -0.093ns (DCD - SCD + CPR)
    Destination Clock Delay (DCD):    2.230ns = ( 22.230 - 20.000 ) 
    Source Clock Delay      (SCD):    2.516ns
    Clock Pessimism Removal (CPR):    0.193ns
  Clock Uncertainty:      0.302ns  ((TSJ^2 + TIJ^2)^1/2 + DJ) / 2 + PE
    Total System Jitter     (TSJ):    0.071ns
    Total Input Jitter      (TIJ):    0.600ns
    Discrete Jitter          (DJ):    0.000ns
    Phase Error              (PE):    0.000ns

    Location             Delay type                Incr(ns)  Path(ns)    Netlist Resource(s)
  -------------------------------------------------------------------    -------------------
                         (clock clk_fpga_0 rise edge)
                                                      0.000     0.000 r  
    PS7_X0Y0             PS7                          0.000     0.000 r  u_zynq_soc/processing_system7_0/inst/PS7_i/FCLKCLK[0]
                         net (fo=1, routed)           0.994     0.994    u_zynq_soc/processing_system7_0/inst/FCLK_CLK_unbuffered[0]
    BUFGCTRL_X0Y16       BUFG (Prop_bufg_I_O)         0.085     1.079 r  u_zynq_soc/processing_system7_0/inst/buffer_fclk_clk_0.FCLK_CLK_0_BUFG/O
                         net (fo=5353, routed)        1.437     2.516    u_cpu/u_D_Cache/ta_2/U0/inst_blk_mem_gen/gnbram.gnativebmg.native_blk_mem_gen/valid.cstr/ramloop[0].ram.r/prim_noinit.ram/clkb
    RAMB18_X2Y7          RAMB18E1                                     r  u_cpu/u_D_Cache/ta_2/U0/inst_blk_mem_gen/gnbram.gnativebmg.native_blk_mem_gen/valid.cstr/ramloop[0].ram.r/prim_noinit.ram/DEVICE_7SERIES.NO_BMM_INFO.SDP.WIDE_PRIM18.ram/CLKARDCLK
  -------------------------------------------------------------------    -------------------
    RAMB18_X2Y7          RAMB18E1 (Prop_ramb18e1_CLKARDCLK_DOADO[9])
                                                      2.125     4.641 r  u_cpu/u_D_Cache/ta_2/U0/inst_blk_mem_gen/gnbram.gnativebmg.native_blk_mem_gen/valid.cstr/ramloop[0].ram.r/prim_noinit.ram/DEVICE_7SERIES.NO_BMM_INFO.SDP.WIDE_PRIM18.ram/DOADO[9]
                         net (fo=3, routed)           1.153     5.794    u_cpu/u_D_Cache/Tag_ta2[5]
    SLICE_X30Y17         LUT6 (Prop_lut6_I0_O)        0.105     5.899 r  u_cpu/u_D_Cache/da_2_i_154/O
                         net (fo=1, routed)           0.000     5.899    u_cpu/u_D_Cache/da_2_i_154_n_0
    SLICE_X30Y17         CARRY4 (Prop_carry4_S[1]_CO[3])
                                                      0.444     6.343 r  u_cpu/u_D_Cache/da_2_i_148/CO[3]
                         net (fo=1, routed)           0.000     6.343    u_cpu/u_D_Cache/da_2_i_148_n_0
    SLICE_X30Y18         CARRY4 (Prop_carry4_CI_CO[2])
                                                      0.191     6.534 r  u_cpu/u_D_Cache/da_2_i_147/CO[2]
                         net (fo=24, routed)          0.395     6.928    u_cpu/u_D_Cache/hit_ta21
    SLICE_X29Y18         LUT6 (Prop_lut6_I3_O)        0.252     7.180 r  u_cpu/u_D_Cache/reg_array[31][30]_i_12/O
                         net (fo=109, routed)         0.855     8.035    u_cpu/u_D_Cache/reg_array[31][30]_i_12_n_0
    SLICE_X29Y26         LUT6 (Prop_lut6_I2_O)        0.105     8.140 r  u_cpu/u_D_Cache/reg_array[31][31]_i_15/O
                         net (fo=1, routed)           0.652     8.792    u_cpu/u_D_Cache/reg_array[31][31]_i_15_n_0
    SLICE_X31Y26         LUT6 (Prop_lut6_I5_O)        0.105     8.897 r  u_cpu/u_D_Cache/reg_array[31][31]_i_8/O
                         net (fo=2, routed)           0.000     8.897    u_cpu/u_D_Cache/Q_reg[83]_rep
    SLICE_X31Y26         MUXF7 (Prop_muxf7_I0_O)      0.178     9.075 r  u_cpu/u_D_Cache/reg_array_reg[31][31]_i_5/O
                         net (fo=5, routed)           0.392     9.467    u_cpu/load/rdata_Mem[31]
    SLICE_X31Y26         LUT6 (Prop_lut6_I2_O)        0.252     9.719 r  u_cpu/load/reg_array[31][31]_i_4/O
                         net (fo=21, routed)          0.750    10.469    u_cpu/load/DataToReg0_in[11]
    SLICE_X31Y22         LUT6 (Prop_lut6_I0_O)        0.105    10.574 r  u_cpu/load/reg_array[31][8]_i_2/O
                         net (fo=1, routed)           0.116    10.690    u_cpu/DataToReg_31[8]
    SLICE_X31Y22         LUT5 (Prop_lut5_I4_O)        0.105    10.795 r  u_cpu/reg_array[31][8]_i_1/O
                         net (fo=35, routed)          0.666    11.461    u_cpu/EX_MEM_Reg/wdata[8]
    SLICE_X33Y18         LUT5 (Prop_lut5_I2_O)        0.105    11.566 r  u_cpu/EX_MEM_Reg/Q[57]_i_1/O
                         net (fo=8, routed)           0.261    11.827    u_cpu/ALUData2[8]
    SLICE_X32Y20         LUT3 (Prop_lut3_I2_O)        0.105    11.932 r  u_cpu/ALUResult0_i_24/O
                         net (fo=11, routed)          0.503    12.435    u_cpu/ALU_Single/B[8]
    DSP48_X2Y8           DSP48E1 (Prop_dsp48e1_B[8]_PCOUT[47])
                                                      3.244    15.679 r  u_cpu/ALU_Single/ALUResult0__1/PCOUT[47]
                         net (fo=1, routed)           0.002    15.681    u_cpu/ALU_Single/ALUResult0__1_n_106
    DSP48_X2Y9           DSP48E1 (Prop_dsp48e1_PCIN[47]_P[0])
                                                      1.271    16.952 r  u_cpu/ALU_Single/ALUResult0__2/P[0]
                         net (fo=4, routed)           0.670    17.622    u_cpu/ALU_Single/ALUResult0__2_n_105
    SLICE_X35Y17         LUT2 (Prop_lut2_I0_O)        0.105    17.727 r  u_cpu/ALU_Single/Q[84]_i_73/O
                         net (fo=1, routed)           0.000    17.727    u_cpu/ALU_Single/Q[84]_i_73_n_0
    SLICE_X35Y17         CARRY4 (Prop_carry4_S[1]_CO[3])
                                                      0.457    18.184 r  u_cpu/ALU_Single/Q_reg[84]_i_66/CO[3]
                         net (fo=1, routed)           0.000    18.184    u_cpu/ALU_Single/Q_reg[84]_i_66_n_0
    SLICE_X35Y18         CARRY4 (Prop_carry4_CI_CO[3])
                                                      0.098    18.282 r  u_cpu/ALU_Single/Q_reg[84]_i_58/CO[3]
                         net (fo=1, routed)           0.000    18.282    u_cpu/ALU_Single/Q_reg[84]_i_58_n_0
    SLICE_X35Y19         CARRY4 (Prop_carry4_CI_CO[3])
                                                      0.098    18.380 r  u_cpu/ALU_Single/Q_reg[84]_i_48/CO[3]
                         net (fo=1, routed)           0.000    18.380    u_cpu/ALU_Single/Q_reg[84]_i_48_n_0
    SLICE_X35Y20         CARRY4 (Prop_carry4_CI_CO[3])
                                                      0.098    18.478 r  u_cpu/ALU_Single/Q_reg[84]_i_25/CO[3]
                         net (fo=1, routed)           0.000    18.478    u_cpu/ALU_Single/Q_reg[84]_i_25_n_0
    SLICE_X35Y21         CARRY4 (Prop_carry4_CI_O[2])
                                                      0.200    18.678 r  u_cpu/ALU_Single/Q_reg[84]_i_15/O[2]
                         net (fo=1, routed)           0.525    19.204    u_cpu/ALU_Single/data8[2]
    SLICE_X38Y16         LUT3 (Prop_lut3_I0_O)        0.253    19.457 r  u_cpu/ALU_Single/Q[83]_i_7__0/O
                         net (fo=1, routed)           0.000    19.457    u_cpu/ID_EX_Reg/Q_reg[83]_rep__0
    SLICE_X38Y16         MUXF7 (Prop_muxf7_I0_O)      0.173    19.630 r  u_cpu/ID_EX_Reg/Q_reg[83]_i_4__0/O
                         net (fo=4, routed)           0.000    19.630    u_cpu/ID_EX_Reg/Q_reg[83]_i_4__0_n_0
    SLICE_X38Y16         MUXF8 (Prop_muxf8_I1_O)      0.074    19.704 r  u_cpu/ID_EX_Reg/Q_reg[1]_i_8/O
                         net (fo=2, routed)           0.642    20.346    u_cpu/ID_EX_Reg/Q_reg[1]_i_8_n_0
    SLICE_X37Y14         LUT5 (Prop_lut5_I1_O)        0.259    20.605 r  u_cpu/ID_EX_Reg/Q[1]_i_5/O
                         net (fo=1, routed)           0.000    20.605    u_cpu/ID_EX_Reg/Q[1]_i_5_n_0
    SLICE_X37Y14         CARRY4 (Prop_carry4_S[1]_CO[3])
                                                      0.457    21.062 r  u_cpu/ID_EX_Reg/Q_reg[1]_i_1/CO[3]
                         net (fo=1, routed)           0.000    21.062    u_cpu/ID_EX_Reg/Q_reg[1]_i_1_n_0
    SLICE_X37Y15         CARRY4 (Prop_carry4_CI_CO[3])
                                                      0.098    21.160 r  u_cpu/ID_EX_Reg/Q_reg[5]_i_1/CO[3]
                         net (fo=1, routed)           0.000    21.160    u_cpu/ID_EX_Reg/Q_reg[5]_i_1_n_0
    SLICE_X37Y16         CARRY4 (Prop_carry4_CI_O[3])
                                                      0.275    21.435 r  u_cpu/ID_EX_Reg/Q_reg[9]_i_1/O[3]
                         net (fo=2, routed)           0.257    21.693    u_cpu/Prog_Counter/Prog_Count/Q_reg[12]_rep_32[3]
    SLICE_X39Y16         FDCE                                         r  u_cpu/Prog_Counter/Prog_Count/Q_reg[12]_rep/D
  -------------------------------------------------------------------    -------------------

                         (clock clk_fpga_0 rise edge)
                                                     20.000    20.000 r  
    PS7_X0Y0             PS7                          0.000    20.000 r  u_zynq_soc/processing_system7_0/inst/PS7_i/FCLKCLK[0]
                         net (fo=1, routed)           0.905    20.906    u_zynq_soc/processing_system7_0/inst/FCLK_CLK_unbuffered[0]
    BUFGCTRL_X0Y16       BUFG (Prop_bufg_I_O)         0.077    20.983 r  u_zynq_soc/processing_system7_0/inst/buffer_fclk_clk_0.FCLK_CLK_0_BUFG/O
                         net (fo=5353, routed)        1.248    22.230    u_cpu/Prog_Counter/Prog_Count/FCLK_CLK0_0
    SLICE_X39Y16         FDCE                                         r  u_cpu/Prog_Counter/Prog_Count/Q_reg[12]_rep/C
                         clock pessimism              0.193    22.423    
                         clock uncertainty           -0.302    22.121    
    SLICE_X39Y16         FDCE (Setup_fdce_C_D)       -0.179    21.942    u_cpu/Prog_Counter/Prog_Count/Q_reg[12]_rep
  -------------------------------------------------------------------
                         required time                         21.942    
                         arrival time                         -21.693    
  -------------------------------------------------------------------
                         slack                                  0.249    

Slack (MET) :             0.267ns  (required time - arrival time)
  Source:                 u_cpu/u_D_Cache/ta_2/U0/inst_blk_mem_gen/gnbram.gnativebmg.native_blk_mem_gen/valid.cstr/ramloop[0].ram.r/prim_noinit.ram/DEVICE_7SERIES.NO_BMM_INFO.SDP.WIDE_PRIM18.ram/CLKARDCLK
                            (rising edge-triggered cell RAMB18E1 clocked by clk_fpga_0  {rise@0.000ns fall@10.000ns period=20.000ns})
  Destination:            u_cpu/Prog_Counter/Prog_Count/Q_reg[5]_rep__2/D
                            (rising edge-triggered cell FDCE clocked by clk_fpga_0  {rise@0.000ns fall@10.000ns period=20.000ns})
  Path Group:             clk_fpga_0
  Path Type:              Setup (Max at Slow Process Corner)
  Requirement:            20.000ns  (clk_fpga_0 rise@20.000ns - clk_fpga_0 rise@0.000ns)
  Data Path Delay:        19.151ns  (logic 11.155ns (58.248%)  route 7.996ns (41.752%))
  Logic Levels:           26  (CARRY4=9 DSP48E1=2 LUT2=1 LUT3=2 LUT5=3 LUT6=6 MUXF7=2 MUXF8=1)
  Clock Path Skew:        -0.092ns (DCD - SCD + CPR)
    Destination Clock Delay (DCD):    2.231ns = ( 22.231 - 20.000 ) 
    Source Clock Delay      (SCD):    2.516ns
    Clock Pessimism Removal (CPR):    0.193ns
  Clock Uncertainty:      0.302ns  ((TSJ^2 + TIJ^2)^1/2 + DJ) / 2 + PE
    Total System Jitter     (TSJ):    0.071ns
    Total Input Jitter      (TIJ):    0.600ns
    Discrete Jitter          (DJ):    0.000ns
    Phase Error              (PE):    0.000ns

    Location             Delay type                Incr(ns)  Path(ns)    Netlist Resource(s)
  -------------------------------------------------------------------    -------------------
                         (clock clk_fpga_0 rise edge)
                                                      0.000     0.000 r  
    PS7_X0Y0             PS7                          0.000     0.000 r  u_zynq_soc/processing_system7_0/inst/PS7_i/FCLKCLK[0]
                         net (fo=1, routed)           0.994     0.994    u_zynq_soc/processing_system7_0/inst/FCLK_CLK_unbuffered[0]
    BUFGCTRL_X0Y16       BUFG (Prop_bufg_I_O)         0.085     1.079 r  u_zynq_soc/processing_system7_0/inst/buffer_fclk_clk_0.FCLK_CLK_0_BUFG/O
                         net (fo=5353, routed)        1.437     2.516    u_cpu/u_D_Cache/ta_2/U0/inst_blk_mem_gen/gnbram.gnativebmg.native_blk_mem_gen/valid.cstr/ramloop[0].ram.r/prim_noinit.ram/clkb
    RAMB18_X2Y7          RAMB18E1                                     r  u_cpu/u_D_Cache/ta_2/U0/inst_blk_mem_gen/gnbram.gnativebmg.native_blk_mem_gen/valid.cstr/ramloop[0].ram.r/prim_noinit.ram/DEVICE_7SERIES.NO_BMM_INFO.SDP.WIDE_PRIM18.ram/CLKARDCLK
  -------------------------------------------------------------------    -------------------
    RAMB18_X2Y7          RAMB18E1 (Prop_ramb18e1_CLKARDCLK_DOADO[9])
                                                      2.125     4.641 r  u_cpu/u_D_Cache/ta_2/U0/inst_blk_mem_gen/gnbram.gnativebmg.native_blk_mem_gen/valid.cstr/ramloop[0].ram.r/prim_noinit.ram/DEVICE_7SERIES.NO_BMM_INFO.SDP.WIDE_PRIM18.ram/DOADO[9]
                         net (fo=3, routed)           1.153     5.794    u_cpu/u_D_Cache/Tag_ta2[5]
    SLICE_X30Y17         LUT6 (Prop_lut6_I0_O)        0.105     5.899 r  u_cpu/u_D_Cache/da_2_i_154/O
                         net (fo=1, routed)           0.000     5.899    u_cpu/u_D_Cache/da_2_i_154_n_0
    SLICE_X30Y17         CARRY4 (Prop_carry4_S[1]_CO[3])
                                                      0.444     6.343 r  u_cpu/u_D_Cache/da_2_i_148/CO[3]
                         net (fo=1, routed)           0.000     6.343    u_cpu/u_D_Cache/da_2_i_148_n_0
    SLICE_X30Y18         CARRY4 (Prop_carry4_CI_CO[2])
                                                      0.191     6.534 r  u_cpu/u_D_Cache/da_2_i_147/CO[2]
                         net (fo=24, routed)          0.395     6.928    u_cpu/u_D_Cache/hit_ta21
    SLICE_X29Y18         LUT6 (Prop_lut6_I3_O)        0.252     7.180 r  u_cpu/u_D_Cache/reg_array[31][30]_i_12/O
                         net (fo=109, routed)         0.855     8.035    u_cpu/u_D_Cache/reg_array[31][30]_i_12_n_0
    SLICE_X29Y26         LUT6 (Prop_lut6_I2_O)        0.105     8.140 r  u_cpu/u_D_Cache/reg_array[31][31]_i_15/O
                         net (fo=1, routed)           0.652     8.792    u_cpu/u_D_Cache/reg_array[31][31]_i_15_n_0
    SLICE_X31Y26         LUT6 (Prop_lut6_I5_O)        0.105     8.897 r  u_cpu/u_D_Cache/reg_array[31][31]_i_8/O
                         net (fo=2, routed)           0.000     8.897    u_cpu/u_D_Cache/Q_reg[83]_rep
    SLICE_X31Y26         MUXF7 (Prop_muxf7_I0_O)      0.178     9.075 r  u_cpu/u_D_Cache/reg_array_reg[31][31]_i_5/O
                         net (fo=5, routed)           0.392     9.467    u_cpu/load/rdata_Mem[31]
    SLICE_X31Y26         LUT6 (Prop_lut6_I2_O)        0.252     9.719 r  u_cpu/load/reg_array[31][31]_i_4/O
                         net (fo=21, routed)          0.750    10.469    u_cpu/load/DataToReg0_in[11]
    SLICE_X31Y22         LUT6 (Prop_lut6_I0_O)        0.105    10.574 r  u_cpu/load/reg_array[31][8]_i_2/O
                         net (fo=1, routed)           0.116    10.690    u_cpu/DataToReg_31[8]
    SLICE_X31Y22         LUT5 (Prop_lut5_I4_O)        0.105    10.795 r  u_cpu/reg_array[31][8]_i_1/O
                         net (fo=35, routed)          0.666    11.461    u_cpu/EX_MEM_Reg/wdata[8]
    SLICE_X33Y18         LUT5 (Prop_lut5_I2_O)        0.105    11.566 r  u_cpu/EX_MEM_Reg/Q[57]_i_1/O
                         net (fo=8, routed)           0.261    11.827    u_cpu/ALUData2[8]
    SLICE_X32Y20         LUT3 (Prop_lut3_I2_O)        0.105    11.932 r  u_cpu/ALUResult0_i_24/O
                         net (fo=11, routed)          0.503    12.435    u_cpu/ALU_Single/B[8]
    DSP48_X2Y8           DSP48E1 (Prop_dsp48e1_B[8]_PCOUT[47])
                                                      3.244    15.679 r  u_cpu/ALU_Single/ALUResult0__1/PCOUT[47]
                         net (fo=1, routed)           0.002    15.681    u_cpu/ALU_Single/ALUResult0__1_n_106
    DSP48_X2Y9           DSP48E1 (Prop_dsp48e1_PCIN[47]_P[0])
                                                      1.271    16.952 r  u_cpu/ALU_Single/ALUResult0__2/P[0]
                         net (fo=4, routed)           0.670    17.622    u_cpu/ALU_Single/ALUResult0__2_n_105
    SLICE_X35Y17         LUT2 (Prop_lut2_I0_O)        0.105    17.727 r  u_cpu/ALU_Single/Q[84]_i_73/O
                         net (fo=1, routed)           0.000    17.727    u_cpu/ALU_Single/Q[84]_i_73_n_0
    SLICE_X35Y17         CARRY4 (Prop_carry4_S[1]_CO[3])
                                                      0.457    18.184 r  u_cpu/ALU_Single/Q_reg[84]_i_66/CO[3]
                         net (fo=1, routed)           0.000    18.184    u_cpu/ALU_Single/Q_reg[84]_i_66_n_0
    SLICE_X35Y18         CARRY4 (Prop_carry4_CI_CO[3])
                                                      0.098    18.282 r  u_cpu/ALU_Single/Q_reg[84]_i_58/CO[3]
                         net (fo=1, routed)           0.000    18.282    u_cpu/ALU_Single/Q_reg[84]_i_58_n_0
    SLICE_X35Y19         CARRY4 (Prop_carry4_CI_CO[3])
                                                      0.098    18.380 r  u_cpu/ALU_Single/Q_reg[84]_i_48/CO[3]
                         net (fo=1, routed)           0.000    18.380    u_cpu/ALU_Single/Q_reg[84]_i_48_n_0
    SLICE_X35Y20         CARRY4 (Prop_carry4_CI_CO[3])
                                                      0.098    18.478 r  u_cpu/ALU_Single/Q_reg[84]_i_25/CO[3]
                         net (fo=1, routed)           0.000    18.478    u_cpu/ALU_Single/Q_reg[84]_i_25_n_0
    SLICE_X35Y21         CARRY4 (Prop_carry4_CI_O[2])
                                                      0.200    18.678 r  u_cpu/ALU_Single/Q_reg[84]_i_15/O[2]
                         net (fo=1, routed)           0.525    19.204    u_cpu/ALU_Single/data8[2]
    SLICE_X38Y16         LUT3 (Prop_lut3_I0_O)        0.253    19.457 r  u_cpu/ALU_Single/Q[83]_i_7__0/O
                         net (fo=1, routed)           0.000    19.457    u_cpu/ID_EX_Reg/Q_reg[83]_rep__0
    SLICE_X38Y16         MUXF7 (Prop_muxf7_I0_O)      0.173    19.630 r  u_cpu/ID_EX_Reg/Q_reg[83]_i_4__0/O
                         net (fo=4, routed)           0.000    19.630    u_cpu/ID_EX_Reg/Q_reg[83]_i_4__0_n_0
    SLICE_X38Y16         MUXF8 (Prop_muxf8_I1_O)      0.074    19.704 r  u_cpu/ID_EX_Reg/Q_reg[1]_i_8/O
                         net (fo=2, routed)           0.642    20.346    u_cpu/ID_EX_Reg/Q_reg[1]_i_8_n_0
    SLICE_X37Y14         LUT5 (Prop_lut5_I1_O)        0.259    20.605 r  u_cpu/ID_EX_Reg/Q[1]_i_5/O
                         net (fo=1, routed)           0.000    20.605    u_cpu/ID_EX_Reg/Q[1]_i_5_n_0
    SLICE_X37Y14         CARRY4 (Prop_carry4_S[1]_CO[3])
                                                      0.457    21.062 r  u_cpu/ID_EX_Reg/Q_reg[1]_i_1/CO[3]
                         net (fo=1, routed)           0.000    21.062    u_cpu/ID_EX_Reg/Q_reg[1]_i_1_n_0
    SLICE_X37Y15         CARRY4 (Prop_carry4_CI_O[0])
                                                      0.191    21.253 r  u_cpu/ID_EX_Reg/Q_reg[5]_i_1/O[0]
                         net (fo=6, routed)           0.413    21.666    u_cpu/Prog_Counter/Prog_Count/Q_reg[8]_rep_18[0]
    SLICE_X37Y14         FDCE                                         r  u_cpu/Prog_Counter/Prog_Count/Q_reg[5]_rep__2/D
  -------------------------------------------------------------------    -------------------

                         (clock clk_fpga_0 rise edge)
                                                     20.000    20.000 r  
    PS7_X0Y0             PS7                          0.000    20.000 r  u_zynq_soc/processing_system7_0/inst/PS7_i/FCLKCLK[0]
                         net (fo=1, routed)           0.905    20.906    u_zynq_soc/processing_system7_0/inst/FCLK_CLK_unbuffered[0]
    BUFGCTRL_X0Y16       BUFG (Prop_bufg_I_O)         0.077    20.983 r  u_zynq_soc/processing_system7_0/inst/buffer_fclk_clk_0.FCLK_CLK_0_BUFG/O
                         net (fo=5353, routed)        1.249    22.231    u_cpu/Prog_Counter/Prog_Count/FCLK_CLK0_0
    SLICE_X37Y14         FDCE                                         r  u_cpu/Prog_Counter/Prog_Count/Q_reg[5]_rep__2/C
                         clock pessimism              0.193    22.424    
                         clock uncertainty           -0.302    22.122    
    SLICE_X37Y14         FDCE (Setup_fdce_C_D)       -0.188    21.934    u_cpu/Prog_Counter/Prog_Count/Q_reg[5]_rep__2
  -------------------------------------------------------------------
                         required time                         21.934    
                         arrival time                         -21.666    
  -------------------------------------------------------------------
                         slack                                  0.267    

Slack (MET) :             0.284ns  (required time - arrival time)
  Source:                 u_cpu/u_D_Cache/ta_2/U0/inst_blk_mem_gen/gnbram.gnativebmg.native_blk_mem_gen/valid.cstr/ramloop[0].ram.r/prim_noinit.ram/DEVICE_7SERIES.NO_BMM_INFO.SDP.WIDE_PRIM18.ram/CLKARDCLK
                            (rising edge-triggered cell RAMB18E1 clocked by clk_fpga_0  {rise@0.000ns fall@10.000ns period=20.000ns})
  Destination:            u_cpu/Prog_Counter/Prog_Count/Q_reg[5]_rep__1/D
                            (rising edge-triggered cell FDCE clocked by clk_fpga_0  {rise@0.000ns fall@10.000ns period=20.000ns})
  Path Group:             clk_fpga_0
  Path Type:              Setup (Max at Slow Process Corner)
  Requirement:            20.000ns  (clk_fpga_0 rise@20.000ns - clk_fpga_0 rise@0.000ns)
  Data Path Delay:        19.151ns  (logic 11.155ns (58.248%)  route 7.996ns (41.752%))
  Logic Levels:           26  (CARRY4=9 DSP48E1=2 LUT2=1 LUT3=2 LUT5=3 LUT6=6 MUXF7=2 MUXF8=1)
  Clock Path Skew:        -0.092ns (DCD - SCD + CPR)
    Destination Clock Delay (DCD):    2.231ns = ( 22.231 - 20.000 ) 
    Source Clock Delay      (SCD):    2.516ns
    Clock Pessimism Removal (CPR):    0.193ns
  Clock Uncertainty:      0.302ns  ((TSJ^2 + TIJ^2)^1/2 + DJ) / 2 + PE
    Total System Jitter     (TSJ):    0.071ns
    Total Input Jitter      (TIJ):    0.600ns
    Discrete Jitter          (DJ):    0.000ns
    Phase Error              (PE):    0.000ns

    Location             Delay type                Incr(ns)  Path(ns)    Netlist Resource(s)
  -------------------------------------------------------------------    -------------------
                         (clock clk_fpga_0 rise edge)
                                                      0.000     0.000 r  
    PS7_X0Y0             PS7                          0.000     0.000 r  u_zynq_soc/processing_system7_0/inst/PS7_i/FCLKCLK[0]
                         net (fo=1, routed)           0.994     0.994    u_zynq_soc/processing_system7_0/inst/FCLK_CLK_unbuffered[0]
    BUFGCTRL_X0Y16       BUFG (Prop_bufg_I_O)         0.085     1.079 r  u_zynq_soc/processing_system7_0/inst/buffer_fclk_clk_0.FCLK_CLK_0_BUFG/O
                         net (fo=5353, routed)        1.437     2.516    u_cpu/u_D_Cache/ta_2/U0/inst_blk_mem_gen/gnbram.gnativebmg.native_blk_mem_gen/valid.cstr/ramloop[0].ram.r/prim_noinit.ram/clkb
    RAMB18_X2Y7          RAMB18E1                                     r  u_cpu/u_D_Cache/ta_2/U0/inst_blk_mem_gen/gnbram.gnativebmg.native_blk_mem_gen/valid.cstr/ramloop[0].ram.r/prim_noinit.ram/DEVICE_7SERIES.NO_BMM_INFO.SDP.WIDE_PRIM18.ram/CLKARDCLK
  -------------------------------------------------------------------    -------------------
    RAMB18_X2Y7          RAMB18E1 (Prop_ramb18e1_CLKARDCLK_DOADO[9])
                                                      2.125     4.641 r  u_cpu/u_D_Cache/ta_2/U0/inst_blk_mem_gen/gnbram.gnativebmg.native_blk_mem_gen/valid.cstr/ramloop[0].ram.r/prim_noinit.ram/DEVICE_7SERIES.NO_BMM_INFO.SDP.WIDE_PRIM18.ram/DOADO[9]
                         net (fo=3, routed)           1.153     5.794    u_cpu/u_D_Cache/Tag_ta2[5]
    SLICE_X30Y17         LUT6 (Prop_lut6_I0_O)        0.105     5.899 r  u_cpu/u_D_Cache/da_2_i_154/O
                         net (fo=1, routed)           0.000     5.899    u_cpu/u_D_Cache/da_2_i_154_n_0
    SLICE_X30Y17         CARRY4 (Prop_carry4_S[1]_CO[3])
                                                      0.444     6.343 r  u_cpu/u_D_Cache/da_2_i_148/CO[3]
                         net (fo=1, routed)           0.000     6.343    u_cpu/u_D_Cache/da_2_i_148_n_0
    SLICE_X30Y18         CARRY4 (Prop_carry4_CI_CO[2])
                                                      0.191     6.534 r  u_cpu/u_D_Cache/da_2_i_147/CO[2]
                         net (fo=24, routed)          0.395     6.928    u_cpu/u_D_Cache/hit_ta21
    SLICE_X29Y18         LUT6 (Prop_lut6_I3_O)        0.252     7.180 r  u_cpu/u_D_Cache/reg_array[31][30]_i_12/O
                         net (fo=109, routed)         0.855     8.035    u_cpu/u_D_Cache/reg_array[31][30]_i_12_n_0
    SLICE_X29Y26         LUT6 (Prop_lut6_I2_O)        0.105     8.140 r  u_cpu/u_D_Cache/reg_array[31][31]_i_15/O
                         net (fo=1, routed)           0.652     8.792    u_cpu/u_D_Cache/reg_array[31][31]_i_15_n_0
    SLICE_X31Y26         LUT6 (Prop_lut6_I5_O)        0.105     8.897 r  u_cpu/u_D_Cache/reg_array[31][31]_i_8/O
                         net (fo=2, routed)           0.000     8.897    u_cpu/u_D_Cache/Q_reg[83]_rep
    SLICE_X31Y26         MUXF7 (Prop_muxf7_I0_O)      0.178     9.075 r  u_cpu/u_D_Cache/reg_array_reg[31][31]_i_5/O
                         net (fo=5, routed)           0.392     9.467    u_cpu/load/rdata_Mem[31]
    SLICE_X31Y26         LUT6 (Prop_lut6_I2_O)        0.252     9.719 r  u_cpu/load/reg_array[31][31]_i_4/O
                         net (fo=21, routed)          0.750    10.469    u_cpu/load/DataToReg0_in[11]
    SLICE_X31Y22         LUT6 (Prop_lut6_I0_O)        0.105    10.574 r  u_cpu/load/reg_array[31][8]_i_2/O
                         net (fo=1, routed)           0.116    10.690    u_cpu/DataToReg_31[8]
    SLICE_X31Y22         LUT5 (Prop_lut5_I4_O)        0.105    10.795 r  u_cpu/reg_array[31][8]_i_1/O
                         net (fo=35, routed)          0.666    11.461    u_cpu/EX_MEM_Reg/wdata[8]
    SLICE_X33Y18         LUT5 (Prop_lut5_I2_O)        0.105    11.566 r  u_cpu/EX_MEM_Reg/Q[57]_i_1/O
                         net (fo=8, routed)           0.261    11.827    u_cpu/ALUData2[8]
    SLICE_X32Y20         LUT3 (Prop_lut3_I2_O)        0.105    11.932 r  u_cpu/ALUResult0_i_24/O
                         net (fo=11, routed)          0.503    12.435    u_cpu/ALU_Single/B[8]
    DSP48_X2Y8           DSP48E1 (Prop_dsp48e1_B[8]_PCOUT[47])
                                                      3.244    15.679 r  u_cpu/ALU_Single/ALUResult0__1/PCOUT[47]
                         net (fo=1, routed)           0.002    15.681    u_cpu/ALU_Single/ALUResult0__1_n_106
    DSP48_X2Y9           DSP48E1 (Prop_dsp48e1_PCIN[47]_P[0])
                                                      1.271    16.952 r  u_cpu/ALU_Single/ALUResult0__2/P[0]
                         net (fo=4, routed)           0.670    17.622    u_cpu/ALU_Single/ALUResult0__2_n_105
    SLICE_X35Y17         LUT2 (Prop_lut2_I0_O)        0.105    17.727 r  u_cpu/ALU_Single/Q[84]_i_73/O
                         net (fo=1, routed)           0.000    17.727    u_cpu/ALU_Single/Q[84]_i_73_n_0
    SLICE_X35Y17         CARRY4 (Prop_carry4_S[1]_CO[3])
                                                      0.457    18.184 r  u_cpu/ALU_Single/Q_reg[84]_i_66/CO[3]
                         net (fo=1, routed)           0.000    18.184    u_cpu/ALU_Single/Q_reg[84]_i_66_n_0
    SLICE_X35Y18         CARRY4 (Prop_carry4_CI_CO[3])
                                                      0.098    18.282 r  u_cpu/ALU_Single/Q_reg[84]_i_58/CO[3]
                         net (fo=1, routed)           0.000    18.282    u_cpu/ALU_Single/Q_reg[84]_i_58_n_0
    SLICE_X35Y19         CARRY4 (Prop_carry4_CI_CO[3])
                                                      0.098    18.380 r  u_cpu/ALU_Single/Q_reg[84]_i_48/CO[3]
                         net (fo=1, routed)           0.000    18.380    u_cpu/ALU_Single/Q_reg[84]_i_48_n_0
    SLICE_X35Y20         CARRY4 (Prop_carry4_CI_CO[3])
                                                      0.098    18.478 r  u_cpu/ALU_Single/Q_reg[84]_i_25/CO[3]
                         net (fo=1, routed)           0.000    18.478    u_cpu/ALU_Single/Q_reg[84]_i_25_n_0
    SLICE_X35Y21         CARRY4 (Prop_carry4_CI_O[2])
                                                      0.200    18.678 r  u_cpu/ALU_Single/Q_reg[84]_i_15/O[2]
                         net (fo=1, routed)           0.525    19.204    u_cpu/ALU_Single/data8[2]
    SLICE_X38Y16         LUT3 (Prop_lut3_I0_O)        0.253    19.457 r  u_cpu/ALU_Single/Q[83]_i_7__0/O
                         net (fo=1, routed)           0.000    19.457    u_cpu/ID_EX_Reg/Q_reg[83]_rep__0
    SLICE_X38Y16         MUXF7 (Prop_muxf7_I0_O)      0.173    19.630 r  u_cpu/ID_EX_Reg/Q_reg[83]_i_4__0/O
                         net (fo=4, routed)           0.000    19.630    u_cpu/ID_EX_Reg/Q_reg[83]_i_4__0_n_0
    SLICE_X38Y16         MUXF8 (Prop_muxf8_I1_O)      0.074    19.704 r  u_cpu/ID_EX_Reg/Q_reg[1]_i_8/O
                         net (fo=2, routed)           0.642    20.346    u_cpu/ID_EX_Reg/Q_reg[1]_i_8_n_0
    SLICE_X37Y14         LUT5 (Prop_lut5_I1_O)        0.259    20.605 r  u_cpu/ID_EX_Reg/Q[1]_i_5/O
                         net (fo=1, routed)           0.000    20.605    u_cpu/ID_EX_Reg/Q[1]_i_5_n_0
    SLICE_X37Y14         CARRY4 (Prop_carry4_S[1]_CO[3])
                                                      0.457    21.062 r  u_cpu/ID_EX_Reg/Q_reg[1]_i_1/CO[3]
                         net (fo=1, routed)           0.000    21.062    u_cpu/ID_EX_Reg/Q_reg[1]_i_1_n_0
    SLICE_X37Y15         CARRY4 (Prop_carry4_CI_O[0])
                                                      0.191    21.253 r  u_cpu/ID_EX_Reg/Q_reg[5]_i_1/O[0]
                         net (fo=6, routed)           0.413    21.666    u_cpu/Prog_Counter/Prog_Count/Q_reg[8]_rep_18[0]
    SLICE_X36Y14         FDCE                                         r  u_cpu/Prog_Counter/Prog_Count/Q_reg[5]_rep__1/D
  -------------------------------------------------------------------    -------------------

                         (clock clk_fpga_0 rise edge)
                                                     20.000    20.000 r  
    PS7_X0Y0             PS7                          0.000    20.000 r  u_zynq_soc/processing_system7_0/inst/PS7_i/FCLKCLK[0]
                         net (fo=1, routed)           0.905    20.906    u_zynq_soc/processing_system7_0/inst/FCLK_CLK_unbuffered[0]
    BUFGCTRL_X0Y16       BUFG (Prop_bufg_I_O)         0.077    20.983 r  u_zynq_soc/processing_system7_0/inst/buffer_fclk_clk_0.FCLK_CLK_0_BUFG/O
                         net (fo=5353, routed)        1.249    22.231    u_cpu/Prog_Counter/Prog_Count/FCLK_CLK0_0
    SLICE_X36Y14         FDCE                                         r  u_cpu/Prog_Counter/Prog_Count/Q_reg[5]_rep__1/C
                         clock pessimism              0.193    22.424    
                         clock uncertainty           -0.302    22.122    
    SLICE_X36Y14         FDCE (Setup_fdce_C_D)       -0.171    21.951    u_cpu/Prog_Counter/Prog_Count/Q_reg[5]_rep__1
  -------------------------------------------------------------------
                         required time                         21.951    
                         arrival time                         -21.666    
  -------------------------------------------------------------------
                         slack                                  0.284    

Slack (MET) :             0.286ns  (required time - arrival time)
  Source:                 u_cpu/u_D_Cache/ta_2/U0/inst_blk_mem_gen/gnbram.gnativebmg.native_blk_mem_gen/valid.cstr/ramloop[0].ram.r/prim_noinit.ram/DEVICE_7SERIES.NO_BMM_INFO.SDP.WIDE_PRIM18.ram/CLKARDCLK
                            (rising edge-triggered cell RAMB18E1 clocked by clk_fpga_0  {rise@0.000ns fall@10.000ns period=20.000ns})
  Destination:            u_cpu/Prog_Counter/Prog_Count/Q_reg[5]_rep__3/D
                            (rising edge-triggered cell FDCE clocked by clk_fpga_0  {rise@0.000ns fall@10.000ns period=20.000ns})
  Path Group:             clk_fpga_0
  Path Type:              Setup (Max at Slow Process Corner)
  Requirement:            20.000ns  (clk_fpga_0 rise@20.000ns - clk_fpga_0 rise@0.000ns)
  Data Path Delay:        19.145ns  (logic 11.155ns (58.267%)  route 7.990ns (41.733%))
  Logic Levels:           26  (CARRY4=9 DSP48E1=2 LUT2=1 LUT3=2 LUT5=3 LUT6=6 MUXF7=2 MUXF8=1)
  Clock Path Skew:        -0.092ns (DCD - SCD + CPR)
    Destination Clock Delay (DCD):    2.231ns = ( 22.231 - 20.000 ) 
    Source Clock Delay      (SCD):    2.516ns
    Clock Pessimism Removal (CPR):    0.193ns
  Clock Uncertainty:      0.302ns  ((TSJ^2 + TIJ^2)^1/2 + DJ) / 2 + PE
    Total System Jitter     (TSJ):    0.071ns
    Total Input Jitter      (TIJ):    0.600ns
    Discrete Jitter          (DJ):    0.000ns
    Phase Error              (PE):    0.000ns

    Location             Delay type                Incr(ns)  Path(ns)    Netlist Resource(s)
  -------------------------------------------------------------------    -------------------
                         (clock clk_fpga_0 rise edge)
                                                      0.000     0.000 r  
    PS7_X0Y0             PS7                          0.000     0.000 r  u_zynq_soc/processing_system7_0/inst/PS7_i/FCLKCLK[0]
                         net (fo=1, routed)           0.994     0.994    u_zynq_soc/processing_system7_0/inst/FCLK_CLK_unbuffered[0]
    BUFGCTRL_X0Y16       BUFG (Prop_bufg_I_O)         0.085     1.079 r  u_zynq_soc/processing_system7_0/inst/buffer_fclk_clk_0.FCLK_CLK_0_BUFG/O
                         net (fo=5353, routed)        1.437     2.516    u_cpu/u_D_Cache/ta_2/U0/inst_blk_mem_gen/gnbram.gnativebmg.native_blk_mem_gen/valid.cstr/ramloop[0].ram.r/prim_noinit.ram/clkb
    RAMB18_X2Y7          RAMB18E1                                     r  u_cpu/u_D_Cache/ta_2/U0/inst_blk_mem_gen/gnbram.gnativebmg.native_blk_mem_gen/valid.cstr/ramloop[0].ram.r/prim_noinit.ram/DEVICE_7SERIES.NO_BMM_INFO.SDP.WIDE_PRIM18.ram/CLKARDCLK
  -------------------------------------------------------------------    -------------------
    RAMB18_X2Y7          RAMB18E1 (Prop_ramb18e1_CLKARDCLK_DOADO[9])
                                                      2.125     4.641 r  u_cpu/u_D_Cache/ta_2/U0/inst_blk_mem_gen/gnbram.gnativebmg.native_blk_mem_gen/valid.cstr/ramloop[0].ram.r/prim_noinit.ram/DEVICE_7SERIES.NO_BMM_INFO.SDP.WIDE_PRIM18.ram/DOADO[9]
                         net (fo=3, routed)           1.153     5.794    u_cpu/u_D_Cache/Tag_ta2[5]
    SLICE_X30Y17         LUT6 (Prop_lut6_I0_O)        0.105     5.899 r  u_cpu/u_D_Cache/da_2_i_154/O
                         net (fo=1, routed)           0.000     5.899    u_cpu/u_D_Cache/da_2_i_154_n_0
    SLICE_X30Y17         CARRY4 (Prop_carry4_S[1]_CO[3])
                                                      0.444     6.343 r  u_cpu/u_D_Cache/da_2_i_148/CO[3]
                         net (fo=1, routed)           0.000     6.343    u_cpu/u_D_Cache/da_2_i_148_n_0
    SLICE_X30Y18         CARRY4 (Prop_carry4_CI_CO[2])
                                                      0.191     6.534 r  u_cpu/u_D_Cache/da_2_i_147/CO[2]
                         net (fo=24, routed)          0.395     6.928    u_cpu/u_D_Cache/hit_ta21
    SLICE_X29Y18         LUT6 (Prop_lut6_I3_O)        0.252     7.180 r  u_cpu/u_D_Cache/reg_array[31][30]_i_12/O
                         net (fo=109, routed)         0.855     8.035    u_cpu/u_D_Cache/reg_array[31][30]_i_12_n_0
    SLICE_X29Y26         LUT6 (Prop_lut6_I2_O)        0.105     8.140 r  u_cpu/u_D_Cache/reg_array[31][31]_i_15/O
                         net (fo=1, routed)           0.652     8.792    u_cpu/u_D_Cache/reg_array[31][31]_i_15_n_0
    SLICE_X31Y26         LUT6 (Prop_lut6_I5_O)        0.105     8.897 r  u_cpu/u_D_Cache/reg_array[31][31]_i_8/O
                         net (fo=2, routed)           0.000     8.897    u_cpu/u_D_Cache/Q_reg[83]_rep
    SLICE_X31Y26         MUXF7 (Prop_muxf7_I0_O)      0.178     9.075 r  u_cpu/u_D_Cache/reg_array_reg[31][31]_i_5/O
                         net (fo=5, routed)           0.392     9.467    u_cpu/load/rdata_Mem[31]
    SLICE_X31Y26         LUT6 (Prop_lut6_I2_O)        0.252     9.719 r  u_cpu/load/reg_array[31][31]_i_4/O
                         net (fo=21, routed)          0.750    10.469    u_cpu/load/DataToReg0_in[11]
    SLICE_X31Y22         LUT6 (Prop_lut6_I0_O)        0.105    10.574 r  u_cpu/load/reg_array[31][8]_i_2/O
                         net (fo=1, routed)           0.116    10.690    u_cpu/DataToReg_31[8]
    SLICE_X31Y22         LUT5 (Prop_lut5_I4_O)        0.105    10.795 r  u_cpu/reg_array[31][8]_i_1/O
                         net (fo=35, routed)          0.666    11.461    u_cpu/EX_MEM_Reg/wdata[8]
    SLICE_X33Y18         LUT5 (Prop_lut5_I2_O)        0.105    11.566 r  u_cpu/EX_MEM_Reg/Q[57]_i_1/O
                         net (fo=8, routed)           0.261    11.827    u_cpu/ALUData2[8]
    SLICE_X32Y20         LUT3 (Prop_lut3_I2_O)        0.105    11.932 r  u_cpu/ALUResult0_i_24/O
                         net (fo=11, routed)          0.503    12.435    u_cpu/ALU_Single/B[8]
    DSP48_X2Y8           DSP48E1 (Prop_dsp48e1_B[8]_PCOUT[47])
                                                      3.244    15.679 r  u_cpu/ALU_Single/ALUResult0__1/PCOUT[47]
                         net (fo=1, routed)           0.002    15.681    u_cpu/ALU_Single/ALUResult0__1_n_106
    DSP48_X2Y9           DSP48E1 (Prop_dsp48e1_PCIN[47]_P[0])
                                                      1.271    16.952 r  u_cpu/ALU_Single/ALUResult0__2/P[0]
                         net (fo=4, routed)           0.670    17.622    u_cpu/ALU_Single/ALUResult0__2_n_105
    SLICE_X35Y17         LUT2 (Prop_lut2_I0_O)        0.105    17.727 r  u_cpu/ALU_Single/Q[84]_i_73/O
                         net (fo=1, routed)           0.000    17.727    u_cpu/ALU_Single/Q[84]_i_73_n_0
    SLICE_X35Y17         CARRY4 (Prop_carry4_S[1]_CO[3])
                                                      0.457    18.184 r  u_cpu/ALU_Single/Q_reg[84]_i_66/CO[3]
                         net (fo=1, routed)           0.000    18.184    u_cpu/ALU_Single/Q_reg[84]_i_66_n_0
    SLICE_X35Y18         CARRY4 (Prop_carry4_CI_CO[3])
                                                      0.098    18.282 r  u_cpu/ALU_Single/Q_reg[84]_i_58/CO[3]
                         net (fo=1, routed)           0.000    18.282    u_cpu/ALU_Single/Q_reg[84]_i_58_n_0
    SLICE_X35Y19         CARRY4 (Prop_carry4_CI_CO[3])
                                                      0.098    18.380 r  u_cpu/ALU_Single/Q_reg[84]_i_48/CO[3]
                         net (fo=1, routed)           0.000    18.380    u_cpu/ALU_Single/Q_reg[84]_i_48_n_0
    SLICE_X35Y20         CARRY4 (Prop_carry4_CI_CO[3])
                                                      0.098    18.478 r  u_cpu/ALU_Single/Q_reg[84]_i_25/CO[3]
                         net (fo=1, routed)           0.000    18.478    u_cpu/ALU_Single/Q_reg[84]_i_25_n_0
    SLICE_X35Y21         CARRY4 (Prop_carry4_CI_O[2])
                                                      0.200    18.678 r  u_cpu/ALU_Single/Q_reg[84]_i_15/O[2]
                         net (fo=1, routed)           0.525    19.204    u_cpu/ALU_Single/data8[2]
    SLICE_X38Y16         LUT3 (Prop_lut3_I0_O)        0.253    19.457 r  u_cpu/ALU_Single/Q[83]_i_7__0/O
                         net (fo=1, routed)           0.000    19.457    u_cpu/ID_EX_Reg/Q_reg[83]_rep__0
    SLICE_X38Y16         MUXF7 (Prop_muxf7_I0_O)      0.173    19.630 r  u_cpu/ID_EX_Reg/Q_reg[83]_i_4__0/O
                         net (fo=4, routed)           0.000    19.630    u_cpu/ID_EX_Reg/Q_reg[83]_i_4__0_n_0
    SLICE_X38Y16         MUXF8 (Prop_muxf8_I1_O)      0.074    19.704 r  u_cpu/ID_EX_Reg/Q_reg[1]_i_8/O
                         net (fo=2, routed)           0.642    20.346    u_cpu/ID_EX_Reg/Q_reg[1]_i_8_n_0
    SLICE_X37Y14         LUT5 (Prop_lut5_I1_O)        0.259    20.605 r  u_cpu/ID_EX_Reg/Q[1]_i_5/O
                         net (fo=1, routed)           0.000    20.605    u_cpu/ID_EX_Reg/Q[1]_i_5_n_0
    SLICE_X37Y14         CARRY4 (Prop_carry4_S[1]_CO[3])
                                                      0.457    21.062 r  u_cpu/ID_EX_Reg/Q_reg[1]_i_1/CO[3]
                         net (fo=1, routed)           0.000    21.062    u_cpu/ID_EX_Reg/Q_reg[1]_i_1_n_0
    SLICE_X37Y15         CARRY4 (Prop_carry4_CI_O[0])
                                                      0.191    21.253 r  u_cpu/ID_EX_Reg/Q_reg[5]_i_1/O[0]
                         net (fo=6, routed)           0.407    21.660    u_cpu/Prog_Counter/Prog_Count/Q_reg[8]_rep_18[0]
    SLICE_X37Y14         FDCE                                         r  u_cpu/Prog_Counter/Prog_Count/Q_reg[5]_rep__3/D
  -------------------------------------------------------------------    -------------------

                         (clock clk_fpga_0 rise edge)
                                                     20.000    20.000 r  
    PS7_X0Y0             PS7                          0.000    20.000 r  u_zynq_soc/processing_system7_0/inst/PS7_i/FCLKCLK[0]
                         net (fo=1, routed)           0.905    20.906    u_zynq_soc/processing_system7_0/inst/FCLK_CLK_unbuffered[0]
    BUFGCTRL_X0Y16       BUFG (Prop_bufg_I_O)         0.077    20.983 r  u_zynq_soc/processing_system7_0/inst/buffer_fclk_clk_0.FCLK_CLK_0_BUFG/O
                         net (fo=5353, routed)        1.249    22.231    u_cpu/Prog_Counter/Prog_Count/FCLK_CLK0_0
    SLICE_X37Y14         FDCE                                         r  u_cpu/Prog_Counter/Prog_Count/Q_reg[5]_rep__3/C
                         clock pessimism              0.193    22.424    
                         clock uncertainty           -0.302    22.122    
    SLICE_X37Y14         FDCE (Setup_fdce_C_D)       -0.176    21.946    u_cpu/Prog_Counter/Prog_Count/Q_reg[5]_rep__3
  -------------------------------------------------------------------
                         required time                         21.946    
                         arrival time                         -21.660    
  -------------------------------------------------------------------
                         slack                                  0.286    

Slack (MET) :             0.295ns  (required time - arrival time)
  Source:                 u_cpu/u_D_Cache/ta_2/U0/inst_blk_mem_gen/gnbram.gnativebmg.native_blk_mem_gen/valid.cstr/ramloop[0].ram.r/prim_noinit.ram/DEVICE_7SERIES.NO_BMM_INFO.SDP.WIDE_PRIM18.ram/CLKARDCLK
                            (rising edge-triggered cell RAMB18E1 clocked by clk_fpga_0  {rise@0.000ns fall@10.000ns period=20.000ns})
  Destination:            u_cpu/Prog_Counter/Prog_Count/Q_reg[5]_rep__0/D
                            (rising edge-triggered cell FDCE clocked by clk_fpga_0  {rise@0.000ns fall@10.000ns period=20.000ns})
  Path Group:             clk_fpga_0
  Path Type:              Setup (Max at Slow Process Corner)
  Requirement:            20.000ns  (clk_fpga_0 rise@20.000ns - clk_fpga_0 rise@0.000ns)
  Data Path Delay:        19.145ns  (logic 11.155ns (58.267%)  route 7.990ns (41.733%))
  Logic Levels:           26  (CARRY4=9 DSP48E1=2 LUT2=1 LUT3=2 LUT5=3 LUT6=6 MUXF7=2 MUXF8=1)
  Clock Path Skew:        -0.091ns (DCD - SCD + CPR)
    Destination Clock Delay (DCD):    2.232ns = ( 22.232 - 20.000 ) 
    Source Clock Delay      (SCD):    2.516ns
    Clock Pessimism Removal (CPR):    0.193ns
  Clock Uncertainty:      0.302ns  ((TSJ^2 + TIJ^2)^1/2 + DJ) / 2 + PE
    Total System Jitter     (TSJ):    0.071ns
    Total Input Jitter      (TIJ):    0.600ns
    Discrete Jitter          (DJ):    0.000ns
    Phase Error              (PE):    0.000ns

    Location             Delay type                Incr(ns)  Path(ns)    Netlist Resource(s)
  -------------------------------------------------------------------    -------------------
                         (clock clk_fpga_0 rise edge)
                                                      0.000     0.000 r  
    PS7_X0Y0             PS7                          0.000     0.000 r  u_zynq_soc/processing_system7_0/inst/PS7_i/FCLKCLK[0]
                         net (fo=1, routed)           0.994     0.994    u_zynq_soc/processing_system7_0/inst/FCLK_CLK_unbuffered[0]
    BUFGCTRL_X0Y16       BUFG (Prop_bufg_I_O)         0.085     1.079 r  u_zynq_soc/processing_system7_0/inst/buffer_fclk_clk_0.FCLK_CLK_0_BUFG/O
                         net (fo=5353, routed)        1.437     2.516    u_cpu/u_D_Cache/ta_2/U0/inst_blk_mem_gen/gnbram.gnativebmg.native_blk_mem_gen/valid.cstr/ramloop[0].ram.r/prim_noinit.ram/clkb
    RAMB18_X2Y7          RAMB18E1                                     r  u_cpu/u_D_Cache/ta_2/U0/inst_blk_mem_gen/gnbram.gnativebmg.native_blk_mem_gen/valid.cstr/ramloop[0].ram.r/prim_noinit.ram/DEVICE_7SERIES.NO_BMM_INFO.SDP.WIDE_PRIM18.ram/CLKARDCLK
  -------------------------------------------------------------------    -------------------
    RAMB18_X2Y7          RAMB18E1 (Prop_ramb18e1_CLKARDCLK_DOADO[9])
                                                      2.125     4.641 r  u_cpu/u_D_Cache/ta_2/U0/inst_blk_mem_gen/gnbram.gnativebmg.native_blk_mem_gen/valid.cstr/ramloop[0].ram.r/prim_noinit.ram/DEVICE_7SERIES.NO_BMM_INFO.SDP.WIDE_PRIM18.ram/DOADO[9]
                         net (fo=3, routed)           1.153     5.794    u_cpu/u_D_Cache/Tag_ta2[5]
    SLICE_X30Y17         LUT6 (Prop_lut6_I0_O)        0.105     5.899 r  u_cpu/u_D_Cache/da_2_i_154/O
                         net (fo=1, routed)           0.000     5.899    u_cpu/u_D_Cache/da_2_i_154_n_0
    SLICE_X30Y17         CARRY4 (Prop_carry4_S[1]_CO[3])
                                                      0.444     6.343 r  u_cpu/u_D_Cache/da_2_i_148/CO[3]
                         net (fo=1, routed)           0.000     6.343    u_cpu/u_D_Cache/da_2_i_148_n_0
    SLICE_X30Y18         CARRY4 (Prop_carry4_CI_CO[2])
                                                      0.191     6.534 r  u_cpu/u_D_Cache/da_2_i_147/CO[2]
                         net (fo=24, routed)          0.395     6.928    u_cpu/u_D_Cache/hit_ta21
    SLICE_X29Y18         LUT6 (Prop_lut6_I3_O)        0.252     7.180 r  u_cpu/u_D_Cache/reg_array[31][30]_i_12/O
                         net (fo=109, routed)         0.855     8.035    u_cpu/u_D_Cache/reg_array[31][30]_i_12_n_0
    SLICE_X29Y26         LUT6 (Prop_lut6_I2_O)        0.105     8.140 r  u_cpu/u_D_Cache/reg_array[31][31]_i_15/O
                         net (fo=1, routed)           0.652     8.792    u_cpu/u_D_Cache/reg_array[31][31]_i_15_n_0
    SLICE_X31Y26         LUT6 (Prop_lut6_I5_O)        0.105     8.897 r  u_cpu/u_D_Cache/reg_array[31][31]_i_8/O
                         net (fo=2, routed)           0.000     8.897    u_cpu/u_D_Cache/Q_reg[83]_rep
    SLICE_X31Y26         MUXF7 (Prop_muxf7_I0_O)      0.178     9.075 r  u_cpu/u_D_Cache/reg_array_reg[31][31]_i_5/O
                         net (fo=5, routed)           0.392     9.467    u_cpu/load/rdata_Mem[31]
    SLICE_X31Y26         LUT6 (Prop_lut6_I2_O)        0.252     9.719 r  u_cpu/load/reg_array[31][31]_i_4/O
                         net (fo=21, routed)          0.750    10.469    u_cpu/load/DataToReg0_in[11]
    SLICE_X31Y22         LUT6 (Prop_lut6_I0_O)        0.105    10.574 r  u_cpu/load/reg_array[31][8]_i_2/O
                         net (fo=1, routed)           0.116    10.690    u_cpu/DataToReg_31[8]
    SLICE_X31Y22         LUT5 (Prop_lut5_I4_O)        0.105    10.795 r  u_cpu/reg_array[31][8]_i_1/O
                         net (fo=35, routed)          0.666    11.461    u_cpu/EX_MEM_Reg/wdata[8]
    SLICE_X33Y18         LUT5 (Prop_lut5_I2_O)        0.105    11.566 r  u_cpu/EX_MEM_Reg/Q[57]_i_1/O
                         net (fo=8, routed)           0.261    11.827    u_cpu/ALUData2[8]
    SLICE_X32Y20         LUT3 (Prop_lut3_I2_O)        0.105    11.932 r  u_cpu/ALUResult0_i_24/O
                         net (fo=11, routed)          0.503    12.435    u_cpu/ALU_Single/B[8]
    DSP48_X2Y8           DSP48E1 (Prop_dsp48e1_B[8]_PCOUT[47])
                                                      3.244    15.679 r  u_cpu/ALU_Single/ALUResult0__1/PCOUT[47]
                         net (fo=1, routed)           0.002    15.681    u_cpu/ALU_Single/ALUResult0__1_n_106
    DSP48_X2Y9           DSP48E1 (Prop_dsp48e1_PCIN[47]_P[0])
                                                      1.271    16.952 r  u_cpu/ALU_Single/ALUResult0__2/P[0]
                         net (fo=4, routed)           0.670    17.622    u_cpu/ALU_Single/ALUResult0__2_n_105
    SLICE_X35Y17         LUT2 (Prop_lut2_I0_O)        0.105    17.727 r  u_cpu/ALU_Single/Q[84]_i_73/O
                         net (fo=1, routed)           0.000    17.727    u_cpu/ALU_Single/Q[84]_i_73_n_0
    SLICE_X35Y17         CARRY4 (Prop_carry4_S[1]_CO[3])
                                                      0.457    18.184 r  u_cpu/ALU_Single/Q_reg[84]_i_66/CO[3]
                         net (fo=1, routed)           0.000    18.184    u_cpu/ALU_Single/Q_reg[84]_i_66_n_0
    SLICE_X35Y18         CARRY4 (Prop_carry4_CI_CO[3])
                                                      0.098    18.282 r  u_cpu/ALU_Single/Q_reg[84]_i_58/CO[3]
                         net (fo=1, routed)           0.000    18.282    u_cpu/ALU_Single/Q_reg[84]_i_58_n_0
    SLICE_X35Y19         CARRY4 (Prop_carry4_CI_CO[3])
                                                      0.098    18.380 r  u_cpu/ALU_Single/Q_reg[84]_i_48/CO[3]
                         net (fo=1, routed)           0.000    18.380    u_cpu/ALU_Single/Q_reg[84]_i_48_n_0
    SLICE_X35Y20         CARRY4 (Prop_carry4_CI_CO[3])
                                                      0.098    18.478 r  u_cpu/ALU_Single/Q_reg[84]_i_25/CO[3]
                         net (fo=1, routed)           0.000    18.478    u_cpu/ALU_Single/Q_reg[84]_i_25_n_0
    SLICE_X35Y21         CARRY4 (Prop_carry4_CI_O[2])
                                                      0.200    18.678 r  u_cpu/ALU_Single/Q_reg[84]_i_15/O[2]
                         net (fo=1, routed)           0.525    19.204    u_cpu/ALU_Single/data8[2]
    SLICE_X38Y16         LUT3 (Prop_lut3_I0_O)        0.253    19.457 r  u_cpu/ALU_Single/Q[83]_i_7__0/O
                         net (fo=1, routed)           0.000    19.457    u_cpu/ID_EX_Reg/Q_reg[83]_rep__0
    SLICE_X38Y16         MUXF7 (Prop_muxf7_I0_O)      0.173    19.630 r  u_cpu/ID_EX_Reg/Q_reg[83]_i_4__0/O
                         net (fo=4, routed)           0.000    19.630    u_cpu/ID_EX_Reg/Q_reg[83]_i_4__0_n_0
    SLICE_X38Y16         MUXF8 (Prop_muxf8_I1_O)      0.074    19.704 r  u_cpu/ID_EX_Reg/Q_reg[1]_i_8/O
                         net (fo=2, routed)           0.642    20.346    u_cpu/ID_EX_Reg/Q_reg[1]_i_8_n_0
    SLICE_X37Y14         LUT5 (Prop_lut5_I1_O)        0.259    20.605 r  u_cpu/ID_EX_Reg/Q[1]_i_5/O
                         net (fo=1, routed)           0.000    20.605    u_cpu/ID_EX_Reg/Q[1]_i_5_n_0
    SLICE_X37Y14         CARRY4 (Prop_carry4_S[1]_CO[3])
                                                      0.457    21.062 r  u_cpu/ID_EX_Reg/Q_reg[1]_i_1/CO[3]
                         net (fo=1, routed)           0.000    21.062    u_cpu/ID_EX_Reg/Q_reg[1]_i_1_n_0
    SLICE_X37Y15         CARRY4 (Prop_carry4_CI_O[0])
                                                      0.191    21.253 r  u_cpu/ID_EX_Reg/Q_reg[5]_i_1/O[0]
                         net (fo=6, routed)           0.407    21.660    u_cpu/Prog_Counter/Prog_Count/Q_reg[8]_rep_18[0]
    SLICE_X37Y13         FDCE                                         r  u_cpu/Prog_Counter/Prog_Count/Q_reg[5]_rep__0/D
  -------------------------------------------------------------------    -------------------

                         (clock clk_fpga_0 rise edge)
                                                     20.000    20.000 r  
    PS7_X0Y0             PS7                          0.000    20.000 r  u_zynq_soc/processing_system7_0/inst/PS7_i/FCLKCLK[0]
                         net (fo=1, routed)           0.905    20.906    u_zynq_soc/processing_system7_0/inst/FCLK_CLK_unbuffered[0]
    BUFGCTRL_X0Y16       BUFG (Prop_bufg_I_O)         0.077    20.983 r  u_zynq_soc/processing_system7_0/inst/buffer_fclk_clk_0.FCLK_CLK_0_BUFG/O
                         net (fo=5353, routed)        1.250    22.232    u_cpu/Prog_Counter/Prog_Count/FCLK_CLK0_0
    SLICE_X37Y13         FDCE                                         r  u_cpu/Prog_Counter/Prog_Count/Q_reg[5]_rep__0/C
                         clock pessimism              0.193    22.425    
                         clock uncertainty           -0.302    22.123    
    SLICE_X37Y13         FDCE (Setup_fdce_C_D)       -0.168    21.955    u_cpu/Prog_Counter/Prog_Count/Q_reg[5]_rep__0
  -------------------------------------------------------------------
                         required time                         21.955    
                         arrival time                         -21.660    
  -------------------------------------------------------------------
                         slack                                  0.295    

Slack (MET) :             0.303ns  (required time - arrival time)
  Source:                 u_cpu/u_D_Cache/ta_2/U0/inst_blk_mem_gen/gnbram.gnativebmg.native_blk_mem_gen/valid.cstr/ramloop[0].ram.r/prim_noinit.ram/DEVICE_7SERIES.NO_BMM_INFO.SDP.WIDE_PRIM18.ram/CLKARDCLK
                            (rising edge-triggered cell RAMB18E1 clocked by clk_fpga_0  {rise@0.000ns fall@10.000ns period=20.000ns})
  Destination:            u_cpu/Prog_Counter/Prog_Count/Q_reg[31]/D
                            (rising edge-triggered cell FDCE clocked by clk_fpga_0  {rise@0.000ns fall@10.000ns period=20.000ns})
  Path Group:             clk_fpga_0
  Path Type:              Setup (Max at Slow Process Corner)
  Requirement:            20.000ns  (clk_fpga_0 rise@20.000ns - clk_fpga_0 rise@0.000ns)
  Data Path Delay:        19.355ns  (logic 11.797ns (60.950%)  route 7.558ns (39.050%))
  Logic Levels:           32  (CARRY4=15 DSP48E1=2 LUT2=1 LUT3=2 LUT5=3 LUT6=6 MUXF7=2 MUXF8=1)
  Clock Path Skew:        -0.099ns (DCD - SCD + CPR)
    Destination Clock Delay (DCD):    2.224ns = ( 22.224 - 20.000 ) 
    Source Clock Delay      (SCD):    2.516ns
    Clock Pessimism Removal (CPR):    0.193ns
  Clock Uncertainty:      0.302ns  ((TSJ^2 + TIJ^2)^1/2 + DJ) / 2 + PE
    Total System Jitter     (TSJ):    0.071ns
    Total Input Jitter      (TIJ):    0.600ns
    Discrete Jitter          (DJ):    0.000ns
    Phase Error              (PE):    0.000ns

    Location             Delay type                Incr(ns)  Path(ns)    Netlist Resource(s)
  -------------------------------------------------------------------    -------------------
                         (clock clk_fpga_0 rise edge)
                                                      0.000     0.000 r  
    PS7_X0Y0             PS7                          0.000     0.000 r  u_zynq_soc/processing_system7_0/inst/PS7_i/FCLKCLK[0]
                         net (fo=1, routed)           0.994     0.994    u_zynq_soc/processing_system7_0/inst/FCLK_CLK_unbuffered[0]
    BUFGCTRL_X0Y16       BUFG (Prop_bufg_I_O)         0.085     1.079 r  u_zynq_soc/processing_system7_0/inst/buffer_fclk_clk_0.FCLK_CLK_0_BUFG/O
                         net (fo=5353, routed)        1.437     2.516    u_cpu/u_D_Cache/ta_2/U0/inst_blk_mem_gen/gnbram.gnativebmg.native_blk_mem_gen/valid.cstr/ramloop[0].ram.r/prim_noinit.ram/clkb
    RAMB18_X2Y7          RAMB18E1                                     r  u_cpu/u_D_Cache/ta_2/U0/inst_blk_mem_gen/gnbram.gnativebmg.native_blk_mem_gen/valid.cstr/ramloop[0].ram.r/prim_noinit.ram/DEVICE_7SERIES.NO_BMM_INFO.SDP.WIDE_PRIM18.ram/CLKARDCLK
  -------------------------------------------------------------------    -------------------
    RAMB18_X2Y7          RAMB18E1 (Prop_ramb18e1_CLKARDCLK_DOADO[9])
                                                      2.125     4.641 r  u_cpu/u_D_Cache/ta_2/U0/inst_blk_mem_gen/gnbram.gnativebmg.native_blk_mem_gen/valid.cstr/ramloop[0].ram.r/prim_noinit.ram/DEVICE_7SERIES.NO_BMM_INFO.SDP.WIDE_PRIM18.ram/DOADO[9]
                         net (fo=3, routed)           1.153     5.794    u_cpu/u_D_Cache/Tag_ta2[5]
    SLICE_X30Y17         LUT6 (Prop_lut6_I0_O)        0.105     5.899 r  u_cpu/u_D_Cache/da_2_i_154/O
                         net (fo=1, routed)           0.000     5.899    u_cpu/u_D_Cache/da_2_i_154_n_0
    SLICE_X30Y17         CARRY4 (Prop_carry4_S[1]_CO[3])
                                                      0.444     6.343 r  u_cpu/u_D_Cache/da_2_i_148/CO[3]
                         net (fo=1, routed)           0.000     6.343    u_cpu/u_D_Cache/da_2_i_148_n_0
    SLICE_X30Y18         CARRY4 (Prop_carry4_CI_CO[2])
                                                      0.191     6.534 r  u_cpu/u_D_Cache/da_2_i_147/CO[2]
                         net (fo=24, routed)          0.395     6.928    u_cpu/u_D_Cache/hit_ta21
    SLICE_X29Y18         LUT6 (Prop_lut6_I3_O)        0.252     7.180 r  u_cpu/u_D_Cache/reg_array[31][30]_i_12/O
                         net (fo=109, routed)         0.855     8.035    u_cpu/u_D_Cache/reg_array[31][30]_i_12_n_0
    SLICE_X29Y26         LUT6 (Prop_lut6_I2_O)        0.105     8.140 r  u_cpu/u_D_Cache/reg_array[31][31]_i_15/O
                         net (fo=1, routed)           0.652     8.792    u_cpu/u_D_Cache/reg_array[31][31]_i_15_n_0
    SLICE_X31Y26         LUT6 (Prop_lut6_I5_O)        0.105     8.897 r  u_cpu/u_D_Cache/reg_array[31][31]_i_8/O
                         net (fo=2, routed)           0.000     8.897    u_cpu/u_D_Cache/Q_reg[83]_rep
    SLICE_X31Y26         MUXF7 (Prop_muxf7_I0_O)      0.178     9.075 r  u_cpu/u_D_Cache/reg_array_reg[31][31]_i_5/O
                         net (fo=5, routed)           0.392     9.467    u_cpu/load/rdata_Mem[31]
    SLICE_X31Y26         LUT6 (Prop_lut6_I2_O)        0.252     9.719 r  u_cpu/load/reg_array[31][31]_i_4/O
                         net (fo=21, routed)          0.750    10.469    u_cpu/load/DataToReg0_in[11]
    SLICE_X31Y22         LUT6 (Prop_lut6_I0_O)        0.105    10.574 r  u_cpu/load/reg_array[31][8]_i_2/O
                         net (fo=1, routed)           0.116    10.690    u_cpu/DataToReg_31[8]
    SLICE_X31Y22         LUT5 (Prop_lut5_I4_O)        0.105    10.795 r  u_cpu/reg_array[31][8]_i_1/O
                         net (fo=35, routed)          0.666    11.461    u_cpu/EX_MEM_Reg/wdata[8]
    SLICE_X33Y18         LUT5 (Prop_lut5_I2_O)        0.105    11.566 r  u_cpu/EX_MEM_Reg/Q[57]_i_1/O
                         net (fo=8, routed)           0.261    11.827    u_cpu/ALUData2[8]
    SLICE_X32Y20         LUT3 (Prop_lut3_I2_O)        0.105    11.932 r  u_cpu/ALUResult0_i_24/O
                         net (fo=11, routed)          0.503    12.435    u_cpu/ALU_Single/B[8]
    DSP48_X2Y8           DSP48E1 (Prop_dsp48e1_B[8]_PCOUT[47])
                                                      3.244    15.679 r  u_cpu/ALU_Single/ALUResult0__1/PCOUT[47]
                         net (fo=1, routed)           0.002    15.681    u_cpu/ALU_Single/ALUResult0__1_n_106
    DSP48_X2Y9           DSP48E1 (Prop_dsp48e1_PCIN[47]_P[0])
                                                      1.271    16.952 r  u_cpu/ALU_Single/ALUResult0__2/P[0]
                         net (fo=4, routed)           0.670    17.622    u_cpu/ALU_Single/ALUResult0__2_n_105
    SLICE_X35Y17         LUT2 (Prop_lut2_I0_O)        0.105    17.727 r  u_cpu/ALU_Single/Q[84]_i_73/O
                         net (fo=1, routed)           0.000    17.727    u_cpu/ALU_Single/Q[84]_i_73_n_0
    SLICE_X35Y17         CARRY4 (Prop_carry4_S[1]_CO[3])
                                                      0.457    18.184 r  u_cpu/ALU_Single/Q_reg[84]_i_66/CO[3]
                         net (fo=1, routed)           0.000    18.184    u_cpu/ALU_Single/Q_reg[84]_i_66_n_0
    SLICE_X35Y18         CARRY4 (Prop_carry4_CI_CO[3])
                                                      0.098    18.282 r  u_cpu/ALU_Single/Q_reg[84]_i_58/CO[3]
                         net (fo=1, routed)           0.000    18.282    u_cpu/ALU_Single/Q_reg[84]_i_58_n_0
    SLICE_X35Y19         CARRY4 (Prop_carry4_CI_CO[3])
                                                      0.098    18.380 r  u_cpu/ALU_Single/Q_reg[84]_i_48/CO[3]
                         net (fo=1, routed)           0.000    18.380    u_cpu/ALU_Single/Q_reg[84]_i_48_n_0
    SLICE_X35Y20         CARRY4 (Prop_carry4_CI_CO[3])
                                                      0.098    18.478 r  u_cpu/ALU_Single/Q_reg[84]_i_25/CO[3]
                         net (fo=1, routed)           0.000    18.478    u_cpu/ALU_Single/Q_reg[84]_i_25_n_0
    SLICE_X35Y21         CARRY4 (Prop_carry4_CI_CO[3])
                                                      0.098    18.576 r  u_cpu/ALU_Single/Q_reg[84]_i_15/CO[3]
                         net (fo=1, routed)           0.000    18.576    u_cpu/ALU_Single/Q_reg[84]_i_15_n_0
    SLICE_X35Y22         CARRY4 (Prop_carry4_CI_CO[3])
                                                      0.098    18.674 r  u_cpu/ALU_Single/Q_reg[88]_i_14/CO[3]
                         net (fo=1, routed)           0.000    18.674    u_cpu/ALU_Single/Q_reg[88]_i_14_n_0
    SLICE_X35Y23         CARRY4 (Prop_carry4_CI_O[1])
                                                      0.265    18.939 r  u_cpu/ALU_Single/Q_reg[92]_i_14/O[1]
                         net (fo=1, routed)           0.500    19.439    u_cpu/ALU_Single/data8[9]
    SLICE_X38Y21         LUT3 (Prop_lut3_I0_O)        0.250    19.689 r  u_cpu/ALU_Single/Q[90]_i_5/O
                         net (fo=1, routed)           0.000    19.689    u_cpu/ID_EX_Reg/Q_reg[90]_rep__0
    SLICE_X38Y21         MUXF7 (Prop_muxf7_I0_O)      0.173    19.862 r  u_cpu/ID_EX_Reg/Q_reg[90]_i_3__0/O
                         net (fo=4, routed)           0.000    19.862    u_cpu/ID_EX_Reg/Q_reg[90]_i_3__0_n_0
    SLICE_X38Y21         MUXF8 (Prop_muxf8_I1_O)      0.074    19.936 r  u_cpu/ID_EX_Reg/Q_reg[9]_i_9/O
                         net (fo=1, routed)           0.643    20.580    u_cpu/ID_EX_Reg/Q_reg[9]_i_9_n_0
    SLICE_X37Y16         LUT5 (Prop_lut5_I2_O)        0.259    20.839 r  u_cpu/ID_EX_Reg/Q[9]_i_5/O
                         net (fo=1, routed)           0.000    20.839    u_cpu/ID_EX_Reg/Q[9]_i_5_n_0
    SLICE_X37Y16         CARRY4 (Prop_carry4_S[0]_CO[3])
                                                      0.440    21.279 r  u_cpu/ID_EX_Reg/Q_reg[9]_i_1/CO[3]
                         net (fo=1, routed)           0.000    21.279    u_cpu/ID_EX_Reg/Q_reg[9]_i_1_n_0
    SLICE_X37Y17         CARRY4 (Prop_carry4_CI_CO[3])
                                                      0.098    21.377 r  u_cpu/ID_EX_Reg/Q_reg[13]_i_1/CO[3]
                         net (fo=1, routed)           0.000    21.377    u_cpu/ID_EX_Reg/Q_reg[13]_i_1_n_0
    SLICE_X37Y18         CARRY4 (Prop_carry4_CI_CO[3])
                                                      0.098    21.475 r  u_cpu/ID_EX_Reg/Q_reg[17]_i_1/CO[3]
                         net (fo=1, routed)           0.000    21.475    u_cpu/ID_EX_Reg/Q_reg[17]_i_1_n_0
    SLICE_X37Y19         CARRY4 (Prop_carry4_CI_CO[3])
                                                      0.098    21.573 r  u_cpu/ID_EX_Reg/Q_reg[21]_i_1/CO[3]
                         net (fo=1, routed)           0.000    21.573    u_cpu/ID_EX_Reg/Q_reg[21]_i_1_n_0
    SLICE_X37Y20         CARRY4 (Prop_carry4_CI_CO[3])
                                                      0.098    21.671 r  u_cpu/ID_EX_Reg/Q_reg[25]_i_1/CO[3]
                         net (fo=1, routed)           0.000    21.671    u_cpu/ID_EX_Reg/Q_reg[25]_i_1_n_0
    SLICE_X37Y21         CARRY4 (Prop_carry4_CI_O[2])
                                                      0.200    21.871 r  u_cpu/ID_EX_Reg/Q_reg[29]_i_1/O[2]
                         net (fo=1, routed)           0.000    21.871    u_cpu/Prog_Counter/Prog_Count/Q_reg[31]_0[2]
    SLICE_X37Y21         FDCE                                         r  u_cpu/Prog_Counter/Prog_Count/Q_reg[31]/D
  -------------------------------------------------------------------    -------------------

                         (clock clk_fpga_0 rise edge)
                                                     20.000    20.000 r  
    PS7_X0Y0             PS7                          0.000    20.000 r  u_zynq_soc/processing_system7_0/inst/PS7_i/FCLKCLK[0]
                         net (fo=1, routed)           0.905    20.906    u_zynq_soc/processing_system7_0/inst/FCLK_CLK_unbuffered[0]
    BUFGCTRL_X0Y16       BUFG (Prop_bufg_I_O)         0.077    20.983 r  u_zynq_soc/processing_system7_0/inst/buffer_fclk_clk_0.FCLK_CLK_0_BUFG/O
                         net (fo=5353, routed)        1.242    22.224    u_cpu/Prog_Counter/Prog_Count/FCLK_CLK0_0
    SLICE_X37Y21         FDCE                                         r  u_cpu/Prog_Counter/Prog_Count/Q_reg[31]/C
                         clock pessimism              0.193    22.417    
                         clock uncertainty           -0.302    22.115    
    SLICE_X37Y21         FDCE (Setup_fdce_C_D)        0.059    22.174    u_cpu/Prog_Counter/Prog_Count/Q_reg[31]
  -------------------------------------------------------------------
                         required time                         22.174    
                         arrival time                         -21.871    
  -------------------------------------------------------------------
                         slack                                  0.303    





Min Delay Paths
--------------------------------------------------------------------------------------
Slack (MET) :             0.067ns  (arrival time - required time)
  Source:                 u_zynq_soc/axi_interconnect_0/s00_couplers/auto_pc/inst/gen_axi4_axi3.axi3_conv_inst/USE_WRITE.write_addr_inst/USE_BURSTS.cmd_queue/inst/fifo_gen_inst/inst_fifo_gen/gconvfifo.rf/grf.rf/gntv_or_sync_fifo.gl0.wr/wpntr/gcc0.gc0.count_d1_reg[0]/C
                            (rising edge-triggered cell FDCE clocked by clk_fpga_0  {rise@0.000ns fall@10.000ns period=20.000ns})
  Destination:            u_zynq_soc/axi_interconnect_0/s00_couplers/auto_pc/inst/gen_axi4_axi3.axi3_conv_inst/USE_WRITE.write_addr_inst/USE_BURSTS.cmd_queue/inst/fifo_gen_inst/inst_fifo_gen/gconvfifo.rf/grf.rf/gntv_or_sync_fifo.mem/gdm.dm_gen.dm/RAM_reg_0_31_6_9/RAMA/WADR0
                            (rising edge-triggered cell RAMD32 clocked by clk_fpga_0  {rise@0.000ns fall@10.000ns period=20.000ns})
  Path Group:             clk_fpga_0
  Path Type:              Hold (Min at Fast Process Corner)
  Requirement:            0.000ns  (clk_fpga_0 rise@0.000ns - clk_fpga_0 rise@0.000ns)
  Data Path Delay:        0.410ns  (logic 0.141ns (34.405%)  route 0.269ns (65.595%))
  Logic Levels:           0  
  Clock Path Skew:        0.033ns (DCD - SCD - CPR)
    Destination Clock Delay (DCD):    1.208ns
    Source Clock Delay      (SCD):    0.911ns
    Clock Pessimism Removal (CPR):    0.264ns

    Location             Delay type                Incr(ns)  Path(ns)    Netlist Resource(s)
  -------------------------------------------------------------------    -------------------
                         (clock clk_fpga_0 rise edge)
                                                      0.000     0.000 r  
    PS7_X0Y0             PS7                          0.000     0.000 r  u_zynq_soc/processing_system7_0/inst/PS7_i/FCLKCLK[0]
                         net (fo=1, routed)           0.310     0.310    u_zynq_soc/processing_system7_0/inst/FCLK_CLK_unbuffered[0]
    BUFGCTRL_X0Y16       BUFG (Prop_bufg_I_O)         0.026     0.336 r  u_zynq_soc/processing_system7_0/inst/buffer_fclk_clk_0.FCLK_CLK_0_BUFG/O
                         net (fo=5353, routed)        0.575     0.911    u_zynq_soc/axi_interconnect_0/s00_couplers/auto_pc/inst/gen_axi4_axi3.axi3_conv_inst/USE_WRITE.write_addr_inst/USE_BURSTS.cmd_queue/inst/fifo_gen_inst/inst_fifo_gen/gconvfifo.rf/grf.rf/gntv_or_sync_fifo.gl0.wr/wpntr/clk
    SLICE_X28Y58         FDCE                                         r  u_zynq_soc/axi_interconnect_0/s00_couplers/auto_pc/inst/gen_axi4_axi3.axi3_conv_inst/USE_WRITE.write_addr_inst/USE_BURSTS.cmd_queue/inst/fifo_gen_inst/inst_fifo_gen/gconvfifo.rf/grf.rf/gntv_or_sync_fifo.gl0.wr/wpntr/gcc0.gc0.count_d1_reg[0]/C
  -------------------------------------------------------------------    -------------------
    SLICE_X28Y58         FDCE (Prop_fdce_C_Q)         0.141     1.052 r  u_zynq_soc/axi_interconnect_0/s00_couplers/auto_pc/inst/gen_axi4_axi3.axi3_conv_inst/USE_WRITE.write_addr_inst/USE_BURSTS.cmd_queue/inst/fifo_gen_inst/inst_fifo_gen/gconvfifo.rf/grf.rf/gntv_or_sync_fifo.gl0.wr/wpntr/gcc0.gc0.count_d1_reg[0]/Q
                         net (fo=18, routed)          0.269     1.320    u_zynq_soc/axi_interconnect_0/s00_couplers/auto_pc/inst/gen_axi4_axi3.axi3_conv_inst/USE_WRITE.write_addr_inst/USE_BURSTS.cmd_queue/inst/fifo_gen_inst/inst_fifo_gen/gconvfifo.rf/grf.rf/gntv_or_sync_fifo.mem/gdm.dm_gen.dm/RAM_reg_0_31_6_9/ADDRD0
    SLICE_X26Y57         RAMD32                                       r  u_zynq_soc/axi_interconnect_0/s00_couplers/auto_pc/inst/gen_axi4_axi3.axi3_conv_inst/USE_WRITE.write_addr_inst/USE_BURSTS.cmd_queue/inst/fifo_gen_inst/inst_fifo_gen/gconvfifo.rf/grf.rf/gntv_or_sync_fifo.mem/gdm.dm_gen.dm/RAM_reg_0_31_6_9/RAMA/WADR0
  -------------------------------------------------------------------    -------------------

                         (clock clk_fpga_0 rise edge)
                                                      0.000     0.000 r  
    PS7_X0Y0             PS7                          0.000     0.000 r  u_zynq_soc/processing_system7_0/inst/PS7_i/FCLKCLK[0]
                         net (fo=1, routed)           0.337     0.337    u_zynq_soc/processing_system7_0/inst/FCLK_CLK_unbuffered[0]
    BUFGCTRL_X0Y16       BUFG (Prop_bufg_I_O)         0.029     0.366 r  u_zynq_soc/processing_system7_0/inst/buffer_fclk_clk_0.FCLK_CLK_0_BUFG/O
                         net (fo=5353, routed)        0.842     1.208    u_zynq_soc/axi_interconnect_0/s00_couplers/auto_pc/inst/gen_axi4_axi3.axi3_conv_inst/USE_WRITE.write_addr_inst/USE_BURSTS.cmd_queue/inst/fifo_gen_inst/inst_fifo_gen/gconvfifo.rf/grf.rf/gntv_or_sync_fifo.mem/gdm.dm_gen.dm/RAM_reg_0_31_6_9/WCLK
    SLICE_X26Y57         RAMD32                                       r  u_zynq_soc/axi_interconnect_0/s00_couplers/auto_pc/inst/gen_axi4_axi3.axi3_conv_inst/USE_WRITE.write_addr_inst/USE_BURSTS.cmd_queue/inst/fifo_gen_inst/inst_fifo_gen/gconvfifo.rf/grf.rf/gntv_or_sync_fifo.mem/gdm.dm_gen.dm/RAM_reg_0_31_6_9/RAMA/CLK
                         clock pessimism             -0.264     0.944    
    SLICE_X26Y57         RAMD32 (Hold_ramd32_CLK_WADR0)
                                                      0.310     1.254    u_zynq_soc/axi_interconnect_0/s00_couplers/auto_pc/inst/gen_axi4_axi3.axi3_conv_inst/USE_WRITE.write_addr_inst/USE_BURSTS.cmd_queue/inst/fifo_gen_inst/inst_fifo_gen/gconvfifo.rf/grf.rf/gntv_or_sync_fifo.mem/gdm.dm_gen.dm/RAM_reg_0_31_6_9/RAMA
  -------------------------------------------------------------------
                         required time                         -1.254    
                         arrival time                           1.320    
  -------------------------------------------------------------------
                         slack                                  0.067    

Slack (MET) :             0.067ns  (arrival time - required time)
  Source:                 u_zynq_soc/axi_interconnect_0/s00_couplers/auto_pc/inst/gen_axi4_axi3.axi3_conv_inst/USE_WRITE.write_addr_inst/USE_BURSTS.cmd_queue/inst/fifo_gen_inst/inst_fifo_gen/gconvfifo.rf/grf.rf/gntv_or_sync_fifo.gl0.wr/wpntr/gcc0.gc0.count_d1_reg[0]/C
                            (rising edge-triggered cell FDCE clocked by clk_fpga_0  {rise@0.000ns fall@10.000ns period=20.000ns})
  Destination:            u_zynq_soc/axi_interconnect_0/s00_couplers/auto_pc/inst/gen_axi4_axi3.axi3_conv_inst/USE_WRITE.write_addr_inst/USE_BURSTS.cmd_queue/inst/fifo_gen_inst/inst_fifo_gen/gconvfifo.rf/grf.rf/gntv_or_sync_fifo.mem/gdm.dm_gen.dm/RAM_reg_0_31_6_9/RAMA_D1/WADR0
                            (rising edge-triggered cell RAMD32 clocked by clk_fpga_0  {rise@0.000ns fall@10.000ns period=20.000ns})
  Path Group:             clk_fpga_0
  Path Type:              Hold (Min at Fast Process Corner)
  Requirement:            0.000ns  (clk_fpga_0 rise@0.000ns - clk_fpga_0 rise@0.000ns)
  Data Path Delay:        0.410ns  (logic 0.141ns (34.405%)  route 0.269ns (65.595%))
  Logic Levels:           0  
  Clock Path Skew:        0.033ns (DCD - SCD - CPR)
    Destination Clock Delay (DCD):    1.208ns
    Source Clock Delay      (SCD):    0.911ns
    Clock Pessimism Removal (CPR):    0.264ns

    Location             Delay type                Incr(ns)  Path(ns)    Netlist Resource(s)
  -------------------------------------------------------------------    -------------------
                         (clock clk_fpga_0 rise edge)
                                                      0.000     0.000 r  
    PS7_X0Y0             PS7                          0.000     0.000 r  u_zynq_soc/processing_system7_0/inst/PS7_i/FCLKCLK[0]
                         net (fo=1, routed)           0.310     0.310    u_zynq_soc/processing_system7_0/inst/FCLK_CLK_unbuffered[0]
    BUFGCTRL_X0Y16       BUFG (Prop_bufg_I_O)         0.026     0.336 r  u_zynq_soc/processing_system7_0/inst/buffer_fclk_clk_0.FCLK_CLK_0_BUFG/O
                         net (fo=5353, routed)        0.575     0.911    u_zynq_soc/axi_interconnect_0/s00_couplers/auto_pc/inst/gen_axi4_axi3.axi3_conv_inst/USE_WRITE.write_addr_inst/USE_BURSTS.cmd_queue/inst/fifo_gen_inst/inst_fifo_gen/gconvfifo.rf/grf.rf/gntv_or_sync_fifo.gl0.wr/wpntr/clk
    SLICE_X28Y58         FDCE                                         r  u_zynq_soc/axi_interconnect_0/s00_couplers/auto_pc/inst/gen_axi4_axi3.axi3_conv_inst/USE_WRITE.write_addr_inst/USE_BURSTS.cmd_queue/inst/fifo_gen_inst/inst_fifo_gen/gconvfifo.rf/grf.rf/gntv_or_sync_fifo.gl0.wr/wpntr/gcc0.gc0.count_d1_reg[0]/C
  -------------------------------------------------------------------    -------------------
    SLICE_X28Y58         FDCE (Prop_fdce_C_Q)         0.141     1.052 r  u_zynq_soc/axi_interconnect_0/s00_couplers/auto_pc/inst/gen_axi4_axi3.axi3_conv_inst/USE_WRITE.write_addr_inst/USE_BURSTS.cmd_queue/inst/fifo_gen_inst/inst_fifo_gen/gconvfifo.rf/grf.rf/gntv_or_sync_fifo.gl0.wr/wpntr/gcc0.gc0.count_d1_reg[0]/Q
                         net (fo=18, routed)          0.269     1.320    u_zynq_soc/axi_interconnect_0/s00_couplers/auto_pc/inst/gen_axi4_axi3.axi3_conv_inst/USE_WRITE.write_addr_inst/USE_BURSTS.cmd_queue/inst/fifo_gen_inst/inst_fifo_gen/gconvfifo.rf/grf.rf/gntv_or_sync_fifo.mem/gdm.dm_gen.dm/RAM_reg_0_31_6_9/ADDRD0
    SLICE_X26Y57         RAMD32                                       r  u_zynq_soc/axi_interconnect_0/s00_couplers/auto_pc/inst/gen_axi4_axi3.axi3_conv_inst/USE_WRITE.write_addr_inst/USE_BURSTS.cmd_queue/inst/fifo_gen_inst/inst_fifo_gen/gconvfifo.rf/grf.rf/gntv_or_sync_fifo.mem/gdm.dm_gen.dm/RAM_reg_0_31_6_9/RAMA_D1/WADR0
  -------------------------------------------------------------------    -------------------

                         (clock clk_fpga_0 rise edge)
                                                      0.000     0.000 r  
    PS7_X0Y0             PS7                          0.000     0.000 r  u_zynq_soc/processing_system7_0/inst/PS7_i/FCLKCLK[0]
                         net (fo=1, routed)           0.337     0.337    u_zynq_soc/processing_system7_0/inst/FCLK_CLK_unbuffered[0]
    BUFGCTRL_X0Y16       BUFG (Prop_bufg_I_O)         0.029     0.366 r  u_zynq_soc/processing_system7_0/inst/buffer_fclk_clk_0.FCLK_CLK_0_BUFG/O
                         net (fo=5353, routed)        0.842     1.208    u_zynq_soc/axi_interconnect_0/s00_couplers/auto_pc/inst/gen_axi4_axi3.axi3_conv_inst/USE_WRITE.write_addr_inst/USE_BURSTS.cmd_queue/inst/fifo_gen_inst/inst_fifo_gen/gconvfifo.rf/grf.rf/gntv_or_sync_fifo.mem/gdm.dm_gen.dm/RAM_reg_0_31_6_9/WCLK
    SLICE_X26Y57         RAMD32                                       r  u_zynq_soc/axi_interconnect_0/s00_couplers/auto_pc/inst/gen_axi4_axi3.axi3_conv_inst/USE_WRITE.write_addr_inst/USE_BURSTS.cmd_queue/inst/fifo_gen_inst/inst_fifo_gen/gconvfifo.rf/grf.rf/gntv_or_sync_fifo.mem/gdm.dm_gen.dm/RAM_reg_0_31_6_9/RAMA_D1/CLK
                         clock pessimism             -0.264     0.944    
    SLICE_X26Y57         RAMD32 (Hold_ramd32_CLK_WADR0)
                                                      0.310     1.254    u_zynq_soc/axi_interconnect_0/s00_couplers/auto_pc/inst/gen_axi4_axi3.axi3_conv_inst/USE_WRITE.write_addr_inst/USE_BURSTS.cmd_queue/inst/fifo_gen_inst/inst_fifo_gen/gconvfifo.rf/grf.rf/gntv_or_sync_fifo.mem/gdm.dm_gen.dm/RAM_reg_0_31_6_9/RAMA_D1
  -------------------------------------------------------------------
                         required time                         -1.254    
                         arrival time                           1.320    
  -------------------------------------------------------------------
                         slack                                  0.067    

Slack (MET) :             0.067ns  (arrival time - required time)
  Source:                 u_zynq_soc/axi_interconnect_0/s00_couplers/auto_pc/inst/gen_axi4_axi3.axi3_conv_inst/USE_WRITE.write_addr_inst/USE_BURSTS.cmd_queue/inst/fifo_gen_inst/inst_fifo_gen/gconvfifo.rf/grf.rf/gntv_or_sync_fifo.gl0.wr/wpntr/gcc0.gc0.count_d1_reg[0]/C
                            (rising edge-triggered cell FDCE clocked by clk_fpga_0  {rise@0.000ns fall@10.000ns period=20.000ns})
  Destination:            u_zynq_soc/axi_interconnect_0/s00_couplers/auto_pc/inst/gen_axi4_axi3.axi3_conv_inst/USE_WRITE.write_addr_inst/USE_BURSTS.cmd_queue/inst/fifo_gen_inst/inst_fifo_gen/gconvfifo.rf/grf.rf/gntv_or_sync_fifo.mem/gdm.dm_gen.dm/RAM_reg_0_31_6_9/RAMB/WADR0
                            (rising edge-triggered cell RAMD32 clocked by clk_fpga_0  {rise@0.000ns fall@10.000ns period=20.000ns})
  Path Group:             clk_fpga_0
  Path Type:              Hold (Min at Fast Process Corner)
  Requirement:            0.000ns  (clk_fpga_0 rise@0.000ns - clk_fpga_0 rise@0.000ns)
  Data Path Delay:        0.410ns  (logic 0.141ns (34.405%)  route 0.269ns (65.595%))
  Logic Levels:           0  
  Clock Path Skew:        0.033ns (DCD - SCD - CPR)
    Destination Clock Delay (DCD):    1.208ns
    Source Clock Delay      (SCD):    0.911ns
    Clock Pessimism Removal (CPR):    0.264ns

    Location             Delay type                Incr(ns)  Path(ns)    Netlist Resource(s)
  -------------------------------------------------------------------    -------------------
                         (clock clk_fpga_0 rise edge)
                                                      0.000     0.000 r  
    PS7_X0Y0             PS7                          0.000     0.000 r  u_zynq_soc/processing_system7_0/inst/PS7_i/FCLKCLK[0]
                         net (fo=1, routed)           0.310     0.310    u_zynq_soc/processing_system7_0/inst/FCLK_CLK_unbuffered[0]
    BUFGCTRL_X0Y16       BUFG (Prop_bufg_I_O)         0.026     0.336 r  u_zynq_soc/processing_system7_0/inst/buffer_fclk_clk_0.FCLK_CLK_0_BUFG/O
                         net (fo=5353, routed)        0.575     0.911    u_zynq_soc/axi_interconnect_0/s00_couplers/auto_pc/inst/gen_axi4_axi3.axi3_conv_inst/USE_WRITE.write_addr_inst/USE_BURSTS.cmd_queue/inst/fifo_gen_inst/inst_fifo_gen/gconvfifo.rf/grf.rf/gntv_or_sync_fifo.gl0.wr/wpntr/clk
    SLICE_X28Y58         FDCE                                         r  u_zynq_soc/axi_interconnect_0/s00_couplers/auto_pc/inst/gen_axi4_axi3.axi3_conv_inst/USE_WRITE.write_addr_inst/USE_BURSTS.cmd_queue/inst/fifo_gen_inst/inst_fifo_gen/gconvfifo.rf/grf.rf/gntv_or_sync_fifo.gl0.wr/wpntr/gcc0.gc0.count_d1_reg[0]/C
  -------------------------------------------------------------------    -------------------
    SLICE_X28Y58         FDCE (Prop_fdce_C_Q)         0.141     1.052 r  u_zynq_soc/axi_interconnect_0/s00_couplers/auto_pc/inst/gen_axi4_axi3.axi3_conv_inst/USE_WRITE.write_addr_inst/USE_BURSTS.cmd_queue/inst/fifo_gen_inst/inst_fifo_gen/gconvfifo.rf/grf.rf/gntv_or_sync_fifo.gl0.wr/wpntr/gcc0.gc0.count_d1_reg[0]/Q
                         net (fo=18, routed)          0.269     1.320    u_zynq_soc/axi_interconnect_0/s00_couplers/auto_pc/inst/gen_axi4_axi3.axi3_conv_inst/USE_WRITE.write_addr_inst/USE_BURSTS.cmd_queue/inst/fifo_gen_inst/inst_fifo_gen/gconvfifo.rf/grf.rf/gntv_or_sync_fifo.mem/gdm.dm_gen.dm/RAM_reg_0_31_6_9/ADDRD0
    SLICE_X26Y57         RAMD32                                       r  u_zynq_soc/axi_interconnect_0/s00_couplers/auto_pc/inst/gen_axi4_axi3.axi3_conv_inst/USE_WRITE.write_addr_inst/USE_BURSTS.cmd_queue/inst/fifo_gen_inst/inst_fifo_gen/gconvfifo.rf/grf.rf/gntv_or_sync_fifo.mem/gdm.dm_gen.dm/RAM_reg_0_31_6_9/RAMB/WADR0
  -------------------------------------------------------------------    -------------------

                         (clock clk_fpga_0 rise edge)
                                                      0.000     0.000 r  
    PS7_X0Y0             PS7                          0.000     0.000 r  u_zynq_soc/processing_system7_0/inst/PS7_i/FCLKCLK[0]
                         net (fo=1, routed)           0.337     0.337    u_zynq_soc/processing_system7_0/inst/FCLK_CLK_unbuffered[0]
    BUFGCTRL_X0Y16       BUFG (Prop_bufg_I_O)         0.029     0.366 r  u_zynq_soc/processing_system7_0/inst/buffer_fclk_clk_0.FCLK_CLK_0_BUFG/O
                         net (fo=5353, routed)        0.842     1.208    u_zynq_soc/axi_interconnect_0/s00_couplers/auto_pc/inst/gen_axi4_axi3.axi3_conv_inst/USE_WRITE.write_addr_inst/USE_BURSTS.cmd_queue/inst/fifo_gen_inst/inst_fifo_gen/gconvfifo.rf/grf.rf/gntv_or_sync_fifo.mem/gdm.dm_gen.dm/RAM_reg_0_31_6_9/WCLK
    SLICE_X26Y57         RAMD32                                       r  u_zynq_soc/axi_interconnect_0/s00_couplers/auto_pc/inst/gen_axi4_axi3.axi3_conv_inst/USE_WRITE.write_addr_inst/USE_BURSTS.cmd_queue/inst/fifo_gen_inst/inst_fifo_gen/gconvfifo.rf/grf.rf/gntv_or_sync_fifo.mem/gdm.dm_gen.dm/RAM_reg_0_31_6_9/RAMB/CLK
                         clock pessimism             -0.264     0.944    
    SLICE_X26Y57         RAMD32 (Hold_ramd32_CLK_WADR0)
                                                      0.310     1.254    u_zynq_soc/axi_interconnect_0/s00_couplers/auto_pc/inst/gen_axi4_axi3.axi3_conv_inst/USE_WRITE.write_addr_inst/USE_BURSTS.cmd_queue/inst/fifo_gen_inst/inst_fifo_gen/gconvfifo.rf/grf.rf/gntv_or_sync_fifo.mem/gdm.dm_gen.dm/RAM_reg_0_31_6_9/RAMB
  -------------------------------------------------------------------
                         required time                         -1.254    
                         arrival time                           1.320    
  -------------------------------------------------------------------
                         slack                                  0.067    

Slack (MET) :             0.067ns  (arrival time - required time)
  Source:                 u_zynq_soc/axi_interconnect_0/s00_couplers/auto_pc/inst/gen_axi4_axi3.axi3_conv_inst/USE_WRITE.write_addr_inst/USE_BURSTS.cmd_queue/inst/fifo_gen_inst/inst_fifo_gen/gconvfifo.rf/grf.rf/gntv_or_sync_fifo.gl0.wr/wpntr/gcc0.gc0.count_d1_reg[0]/C
                            (rising edge-triggered cell FDCE clocked by clk_fpga_0  {rise@0.000ns fall@10.000ns period=20.000ns})
  Destination:            u_zynq_soc/axi_interconnect_0/s00_couplers/auto_pc/inst/gen_axi4_axi3.axi3_conv_inst/USE_WRITE.write_addr_inst/USE_BURSTS.cmd_queue/inst/fifo_gen_inst/inst_fifo_gen/gconvfifo.rf/grf.rf/gntv_or_sync_fifo.mem/gdm.dm_gen.dm/RAM_reg_0_31_6_9/RAMB_D1/WADR0
                            (rising edge-triggered cell RAMD32 clocked by clk_fpga_0  {rise@0.000ns fall@10.000ns period=20.000ns})
  Path Group:             clk_fpga_0
  Path Type:              Hold (Min at Fast Process Corner)
  Requirement:            0.000ns  (clk_fpga_0 rise@0.000ns - clk_fpga_0 rise@0.000ns)
  Data Path Delay:        0.410ns  (logic 0.141ns (34.405%)  route 0.269ns (65.595%))
  Logic Levels:           0  
  Clock Path Skew:        0.033ns (DCD - SCD - CPR)
    Destination Clock Delay (DCD):    1.208ns
    Source Clock Delay      (SCD):    0.911ns
    Clock Pessimism Removal (CPR):    0.264ns

    Location             Delay type                Incr(ns)  Path(ns)    Netlist Resource(s)
  -------------------------------------------------------------------    -------------------
                         (clock clk_fpga_0 rise edge)
                                                      0.000     0.000 r  
    PS7_X0Y0             PS7                          0.000     0.000 r  u_zynq_soc/processing_system7_0/inst/PS7_i/FCLKCLK[0]
                         net (fo=1, routed)           0.310     0.310    u_zynq_soc/processing_system7_0/inst/FCLK_CLK_unbuffered[0]
    BUFGCTRL_X0Y16       BUFG (Prop_bufg_I_O)         0.026     0.336 r  u_zynq_soc/processing_system7_0/inst/buffer_fclk_clk_0.FCLK_CLK_0_BUFG/O
                         net (fo=5353, routed)        0.575     0.911    u_zynq_soc/axi_interconnect_0/s00_couplers/auto_pc/inst/gen_axi4_axi3.axi3_conv_inst/USE_WRITE.write_addr_inst/USE_BURSTS.cmd_queue/inst/fifo_gen_inst/inst_fifo_gen/gconvfifo.rf/grf.rf/gntv_or_sync_fifo.gl0.wr/wpntr/clk
    SLICE_X28Y58         FDCE                                         r  u_zynq_soc/axi_interconnect_0/s00_couplers/auto_pc/inst/gen_axi4_axi3.axi3_conv_inst/USE_WRITE.write_addr_inst/USE_BURSTS.cmd_queue/inst/fifo_gen_inst/inst_fifo_gen/gconvfifo.rf/grf.rf/gntv_or_sync_fifo.gl0.wr/wpntr/gcc0.gc0.count_d1_reg[0]/C
  -------------------------------------------------------------------    -------------------
    SLICE_X28Y58         FDCE (Prop_fdce_C_Q)         0.141     1.052 r  u_zynq_soc/axi_interconnect_0/s00_couplers/auto_pc/inst/gen_axi4_axi3.axi3_conv_inst/USE_WRITE.write_addr_inst/USE_BURSTS.cmd_queue/inst/fifo_gen_inst/inst_fifo_gen/gconvfifo.rf/grf.rf/gntv_or_sync_fifo.gl0.wr/wpntr/gcc0.gc0.count_d1_reg[0]/Q
                         net (fo=18, routed)          0.269     1.320    u_zynq_soc/axi_interconnect_0/s00_couplers/auto_pc/inst/gen_axi4_axi3.axi3_conv_inst/USE_WRITE.write_addr_inst/USE_BURSTS.cmd_queue/inst/fifo_gen_inst/inst_fifo_gen/gconvfifo.rf/grf.rf/gntv_or_sync_fifo.mem/gdm.dm_gen.dm/RAM_reg_0_31_6_9/ADDRD0
    SLICE_X26Y57         RAMD32                                       r  u_zynq_soc/axi_interconnect_0/s00_couplers/auto_pc/inst/gen_axi4_axi3.axi3_conv_inst/USE_WRITE.write_addr_inst/USE_BURSTS.cmd_queue/inst/fifo_gen_inst/inst_fifo_gen/gconvfifo.rf/grf.rf/gntv_or_sync_fifo.mem/gdm.dm_gen.dm/RAM_reg_0_31_6_9/RAMB_D1/WADR0
  -------------------------------------------------------------------    -------------------

                         (clock clk_fpga_0 rise edge)
                                                      0.000     0.000 r  
    PS7_X0Y0             PS7                          0.000     0.000 r  u_zynq_soc/processing_system7_0/inst/PS7_i/FCLKCLK[0]
                         net (fo=1, routed)           0.337     0.337    u_zynq_soc/processing_system7_0/inst/FCLK_CLK_unbuffered[0]
    BUFGCTRL_X0Y16       BUFG (Prop_bufg_I_O)         0.029     0.366 r  u_zynq_soc/processing_system7_0/inst/buffer_fclk_clk_0.FCLK_CLK_0_BUFG/O
                         net (fo=5353, routed)        0.842     1.208    u_zynq_soc/axi_interconnect_0/s00_couplers/auto_pc/inst/gen_axi4_axi3.axi3_conv_inst/USE_WRITE.write_addr_inst/USE_BURSTS.cmd_queue/inst/fifo_gen_inst/inst_fifo_gen/gconvfifo.rf/grf.rf/gntv_or_sync_fifo.mem/gdm.dm_gen.dm/RAM_reg_0_31_6_9/WCLK
    SLICE_X26Y57         RAMD32                                       r  u_zynq_soc/axi_interconnect_0/s00_couplers/auto_pc/inst/gen_axi4_axi3.axi3_conv_inst/USE_WRITE.write_addr_inst/USE_BURSTS.cmd_queue/inst/fifo_gen_inst/inst_fifo_gen/gconvfifo.rf/grf.rf/gntv_or_sync_fifo.mem/gdm.dm_gen.dm/RAM_reg_0_31_6_9/RAMB_D1/CLK
                         clock pessimism             -0.264     0.944    
    SLICE_X26Y57         RAMD32 (Hold_ramd32_CLK_WADR0)
                                                      0.310     1.254    u_zynq_soc/axi_interconnect_0/s00_couplers/auto_pc/inst/gen_axi4_axi3.axi3_conv_inst/USE_WRITE.write_addr_inst/USE_BURSTS.cmd_queue/inst/fifo_gen_inst/inst_fifo_gen/gconvfifo.rf/grf.rf/gntv_or_sync_fifo.mem/gdm.dm_gen.dm/RAM_reg_0_31_6_9/RAMB_D1
  -------------------------------------------------------------------
                         required time                         -1.254    
                         arrival time                           1.320    
  -------------------------------------------------------------------
                         slack                                  0.067    

Slack (MET) :             0.067ns  (arrival time - required time)
  Source:                 u_zynq_soc/axi_interconnect_0/s00_couplers/auto_pc/inst/gen_axi4_axi3.axi3_conv_inst/USE_WRITE.write_addr_inst/USE_BURSTS.cmd_queue/inst/fifo_gen_inst/inst_fifo_gen/gconvfifo.rf/grf.rf/gntv_or_sync_fifo.gl0.wr/wpntr/gcc0.gc0.count_d1_reg[0]/C
                            (rising edge-triggered cell FDCE clocked by clk_fpga_0  {rise@0.000ns fall@10.000ns period=20.000ns})
  Destination:            u_zynq_soc/axi_interconnect_0/s00_couplers/auto_pc/inst/gen_axi4_axi3.axi3_conv_inst/USE_WRITE.write_addr_inst/USE_BURSTS.cmd_queue/inst/fifo_gen_inst/inst_fifo_gen/gconvfifo.rf/grf.rf/gntv_or_sync_fifo.mem/gdm.dm_gen.dm/RAM_reg_0_31_6_9/RAMC/WADR0
                            (rising edge-triggered cell RAMD32 clocked by clk_fpga_0  {rise@0.000ns fall@10.000ns period=20.000ns})
  Path Group:             clk_fpga_0
  Path Type:              Hold (Min at Fast Process Corner)
  Requirement:            0.000ns  (clk_fpga_0 rise@0.000ns - clk_fpga_0 rise@0.000ns)
  Data Path Delay:        0.410ns  (logic 0.141ns (34.405%)  route 0.269ns (65.595%))
  Logic Levels:           0  
  Clock Path Skew:        0.033ns (DCD - SCD - CPR)
    Destination Clock Delay (DCD):    1.208ns
    Source Clock Delay      (SCD):    0.911ns
    Clock Pessimism Removal (CPR):    0.264ns

    Location             Delay type                Incr(ns)  Path(ns)    Netlist Resource(s)
  -------------------------------------------------------------------    -------------------
                         (clock clk_fpga_0 rise edge)
                                                      0.000     0.000 r  
    PS7_X0Y0             PS7                          0.000     0.000 r  u_zynq_soc/processing_system7_0/inst/PS7_i/FCLKCLK[0]
                         net (fo=1, routed)           0.310     0.310    u_zynq_soc/processing_system7_0/inst/FCLK_CLK_unbuffered[0]
    BUFGCTRL_X0Y16       BUFG (Prop_bufg_I_O)         0.026     0.336 r  u_zynq_soc/processing_system7_0/inst/buffer_fclk_clk_0.FCLK_CLK_0_BUFG/O
                         net (fo=5353, routed)        0.575     0.911    u_zynq_soc/axi_interconnect_0/s00_couplers/auto_pc/inst/gen_axi4_axi3.axi3_conv_inst/USE_WRITE.write_addr_inst/USE_BURSTS.cmd_queue/inst/fifo_gen_inst/inst_fifo_gen/gconvfifo.rf/grf.rf/gntv_or_sync_fifo.gl0.wr/wpntr/clk
    SLICE_X28Y58         FDCE                                         r  u_zynq_soc/axi_interconnect_0/s00_couplers/auto_pc/inst/gen_axi4_axi3.axi3_conv_inst/USE_WRITE.write_addr_inst/USE_BURSTS.cmd_queue/inst/fifo_gen_inst/inst_fifo_gen/gconvfifo.rf/grf.rf/gntv_or_sync_fifo.gl0.wr/wpntr/gcc0.gc0.count_d1_reg[0]/C
  -------------------------------------------------------------------    -------------------
    SLICE_X28Y58         FDCE (Prop_fdce_C_Q)         0.141     1.052 r  u_zynq_soc/axi_interconnect_0/s00_couplers/auto_pc/inst/gen_axi4_axi3.axi3_conv_inst/USE_WRITE.write_addr_inst/USE_BURSTS.cmd_queue/inst/fifo_gen_inst/inst_fifo_gen/gconvfifo.rf/grf.rf/gntv_or_sync_fifo.gl0.wr/wpntr/gcc0.gc0.count_d1_reg[0]/Q
                         net (fo=18, routed)          0.269     1.320    u_zynq_soc/axi_interconnect_0/s00_couplers/auto_pc/inst/gen_axi4_axi3.axi3_conv_inst/USE_WRITE.write_addr_inst/USE_BURSTS.cmd_queue/inst/fifo_gen_inst/inst_fifo_gen/gconvfifo.rf/grf.rf/gntv_or_sync_fifo.mem/gdm.dm_gen.dm/RAM_reg_0_31_6_9/ADDRD0
    SLICE_X26Y57         RAMD32                                       r  u_zynq_soc/axi_interconnect_0/s00_couplers/auto_pc/inst/gen_axi4_axi3.axi3_conv_inst/USE_WRITE.write_addr_inst/USE_BURSTS.cmd_queue/inst/fifo_gen_inst/inst_fifo_gen/gconvfifo.rf/grf.rf/gntv_or_sync_fifo.mem/gdm.dm_gen.dm/RAM_reg_0_31_6_9/RAMC/WADR0
  -------------------------------------------------------------------    -------------------

                         (clock clk_fpga_0 rise edge)
                                                      0.000     0.000 r  
    PS7_X0Y0             PS7                          0.000     0.000 r  u_zynq_soc/processing_system7_0/inst/PS7_i/FCLKCLK[0]
                         net (fo=1, routed)           0.337     0.337    u_zynq_soc/processing_system7_0/inst/FCLK_CLK_unbuffered[0]
    BUFGCTRL_X0Y16       BUFG (Prop_bufg_I_O)         0.029     0.366 r  u_zynq_soc/processing_system7_0/inst/buffer_fclk_clk_0.FCLK_CLK_0_BUFG/O
                         net (fo=5353, routed)        0.842     1.208    u_zynq_soc/axi_interconnect_0/s00_couplers/auto_pc/inst/gen_axi4_axi3.axi3_conv_inst/USE_WRITE.write_addr_inst/USE_BURSTS.cmd_queue/inst/fifo_gen_inst/inst_fifo_gen/gconvfifo.rf/grf.rf/gntv_or_sync_fifo.mem/gdm.dm_gen.dm/RAM_reg_0_31_6_9/WCLK
    SLICE_X26Y57         RAMD32                                       r  u_zynq_soc/axi_interconnect_0/s00_couplers/auto_pc/inst/gen_axi4_axi3.axi3_conv_inst/USE_WRITE.write_addr_inst/USE_BURSTS.cmd_queue/inst/fifo_gen_inst/inst_fifo_gen/gconvfifo.rf/grf.rf/gntv_or_sync_fifo.mem/gdm.dm_gen.dm/RAM_reg_0_31_6_9/RAMC/CLK
                         clock pessimism             -0.264     0.944    
    SLICE_X26Y57         RAMD32 (Hold_ramd32_CLK_WADR0)
                                                      0.310     1.254    u_zynq_soc/axi_interconnect_0/s00_couplers/auto_pc/inst/gen_axi4_axi3.axi3_conv_inst/USE_WRITE.write_addr_inst/USE_BURSTS.cmd_queue/inst/fifo_gen_inst/inst_fifo_gen/gconvfifo.rf/grf.rf/gntv_or_sync_fifo.mem/gdm.dm_gen.dm/RAM_reg_0_31_6_9/RAMC
  -------------------------------------------------------------------
                         required time                         -1.254    
                         arrival time                           1.320    
  -------------------------------------------------------------------
                         slack                                  0.067    

Slack (MET) :             0.067ns  (arrival time - required time)
  Source:                 u_zynq_soc/axi_interconnect_0/s00_couplers/auto_pc/inst/gen_axi4_axi3.axi3_conv_inst/USE_WRITE.write_addr_inst/USE_BURSTS.cmd_queue/inst/fifo_gen_inst/inst_fifo_gen/gconvfifo.rf/grf.rf/gntv_or_sync_fifo.gl0.wr/wpntr/gcc0.gc0.count_d1_reg[0]/C
                            (rising edge-triggered cell FDCE clocked by clk_fpga_0  {rise@0.000ns fall@10.000ns period=20.000ns})
  Destination:            u_zynq_soc/axi_interconnect_0/s00_couplers/auto_pc/inst/gen_axi4_axi3.axi3_conv_inst/USE_WRITE.write_addr_inst/USE_BURSTS.cmd_queue/inst/fifo_gen_inst/inst_fifo_gen/gconvfifo.rf/grf.rf/gntv_or_sync_fifo.mem/gdm.dm_gen.dm/RAM_reg_0_31_6_9/RAMC_D1/WADR0
                            (rising edge-triggered cell RAMD32 clocked by clk_fpga_0  {rise@0.000ns fall@10.000ns period=20.000ns})
  Path Group:             clk_fpga_0
  Path Type:              Hold (Min at Fast Process Corner)
  Requirement:            0.000ns  (clk_fpga_0 rise@0.000ns - clk_fpga_0 rise@0.000ns)
  Data Path Delay:        0.410ns  (logic 0.141ns (34.405%)  route 0.269ns (65.595%))
  Logic Levels:           0  
  Clock Path Skew:        0.033ns (DCD - SCD - CPR)
    Destination Clock Delay (DCD):    1.208ns
    Source Clock Delay      (SCD):    0.911ns
    Clock Pessimism Removal (CPR):    0.264ns

    Location             Delay type                Incr(ns)  Path(ns)    Netlist Resource(s)
  -------------------------------------------------------------------    -------------------
                         (clock clk_fpga_0 rise edge)
                                                      0.000     0.000 r  
    PS7_X0Y0             PS7                          0.000     0.000 r  u_zynq_soc/processing_system7_0/inst/PS7_i/FCLKCLK[0]
                         net (fo=1, routed)           0.310     0.310    u_zynq_soc/processing_system7_0/inst/FCLK_CLK_unbuffered[0]
    BUFGCTRL_X0Y16       BUFG (Prop_bufg_I_O)         0.026     0.336 r  u_zynq_soc/processing_system7_0/inst/buffer_fclk_clk_0.FCLK_CLK_0_BUFG/O
                         net (fo=5353, routed)        0.575     0.911    u_zynq_soc/axi_interconnect_0/s00_couplers/auto_pc/inst/gen_axi4_axi3.axi3_conv_inst/USE_WRITE.write_addr_inst/USE_BURSTS.cmd_queue/inst/fifo_gen_inst/inst_fifo_gen/gconvfifo.rf/grf.rf/gntv_or_sync_fifo.gl0.wr/wpntr/clk
    SLICE_X28Y58         FDCE                                         r  u_zynq_soc/axi_interconnect_0/s00_couplers/auto_pc/inst/gen_axi4_axi3.axi3_conv_inst/USE_WRITE.write_addr_inst/USE_BURSTS.cmd_queue/inst/fifo_gen_inst/inst_fifo_gen/gconvfifo.rf/grf.rf/gntv_or_sync_fifo.gl0.wr/wpntr/gcc0.gc0.count_d1_reg[0]/C
  -------------------------------------------------------------------    -------------------
    SLICE_X28Y58         FDCE (Prop_fdce_C_Q)         0.141     1.052 r  u_zynq_soc/axi_interconnect_0/s00_couplers/auto_pc/inst/gen_axi4_axi3.axi3_conv_inst/USE_WRITE.write_addr_inst/USE_BURSTS.cmd_queue/inst/fifo_gen_inst/inst_fifo_gen/gconvfifo.rf/grf.rf/gntv_or_sync_fifo.gl0.wr/wpntr/gcc0.gc0.count_d1_reg[0]/Q
                         net (fo=18, routed)          0.269     1.320    u_zynq_soc/axi_interconnect_0/s00_couplers/auto_pc/inst/gen_axi4_axi3.axi3_conv_inst/USE_WRITE.write_addr_inst/USE_BURSTS.cmd_queue/inst/fifo_gen_inst/inst_fifo_gen/gconvfifo.rf/grf.rf/gntv_or_sync_fifo.mem/gdm.dm_gen.dm/RAM_reg_0_31_6_9/ADDRD0
    SLICE_X26Y57         RAMD32                                       r  u_zynq_soc/axi_interconnect_0/s00_couplers/auto_pc/inst/gen_axi4_axi3.axi3_conv_inst/USE_WRITE.write_addr_inst/USE_BURSTS.cmd_queue/inst/fifo_gen_inst/inst_fifo_gen/gconvfifo.rf/grf.rf/gntv_or_sync_fifo.mem/gdm.dm_gen.dm/RAM_reg_0_31_6_9/RAMC_D1/WADR0
  -------------------------------------------------------------------    -------------------

                         (clock clk_fpga_0 rise edge)
                                                      0.000     0.000 r  
    PS7_X0Y0             PS7                          0.000     0.000 r  u_zynq_soc/processing_system7_0/inst/PS7_i/FCLKCLK[0]
                         net (fo=1, routed)           0.337     0.337    u_zynq_soc/processing_system7_0/inst/FCLK_CLK_unbuffered[0]
    BUFGCTRL_X0Y16       BUFG (Prop_bufg_I_O)         0.029     0.366 r  u_zynq_soc/processing_system7_0/inst/buffer_fclk_clk_0.FCLK_CLK_0_BUFG/O
                         net (fo=5353, routed)        0.842     1.208    u_zynq_soc/axi_interconnect_0/s00_couplers/auto_pc/inst/gen_axi4_axi3.axi3_conv_inst/USE_WRITE.write_addr_inst/USE_BURSTS.cmd_queue/inst/fifo_gen_inst/inst_fifo_gen/gconvfifo.rf/grf.rf/gntv_or_sync_fifo.mem/gdm.dm_gen.dm/RAM_reg_0_31_6_9/WCLK
    SLICE_X26Y57         RAMD32                                       r  u_zynq_soc/axi_interconnect_0/s00_couplers/auto_pc/inst/gen_axi4_axi3.axi3_conv_inst/USE_WRITE.write_addr_inst/USE_BURSTS.cmd_queue/inst/fifo_gen_inst/inst_fifo_gen/gconvfifo.rf/grf.rf/gntv_or_sync_fifo.mem/gdm.dm_gen.dm/RAM_reg_0_31_6_9/RAMC_D1/CLK
                         clock pessimism             -0.264     0.944    
    SLICE_X26Y57         RAMD32 (Hold_ramd32_CLK_WADR0)
                                                      0.310     1.254    u_zynq_soc/axi_interconnect_0/s00_couplers/auto_pc/inst/gen_axi4_axi3.axi3_conv_inst/USE_WRITE.write_addr_inst/USE_BURSTS.cmd_queue/inst/fifo_gen_inst/inst_fifo_gen/gconvfifo.rf/grf.rf/gntv_or_sync_fifo.mem/gdm.dm_gen.dm/RAM_reg_0_31_6_9/RAMC_D1
  -------------------------------------------------------------------
                         required time                         -1.254    
                         arrival time                           1.320    
  -------------------------------------------------------------------
                         slack                                  0.067    

Slack (MET) :             0.067ns  (arrival time - required time)
  Source:                 u_zynq_soc/axi_interconnect_0/s00_couplers/auto_pc/inst/gen_axi4_axi3.axi3_conv_inst/USE_WRITE.write_addr_inst/USE_BURSTS.cmd_queue/inst/fifo_gen_inst/inst_fifo_gen/gconvfifo.rf/grf.rf/gntv_or_sync_fifo.gl0.wr/wpntr/gcc0.gc0.count_d1_reg[0]/C
                            (rising edge-triggered cell FDCE clocked by clk_fpga_0  {rise@0.000ns fall@10.000ns period=20.000ns})
  Destination:            u_zynq_soc/axi_interconnect_0/s00_couplers/auto_pc/inst/gen_axi4_axi3.axi3_conv_inst/USE_WRITE.write_addr_inst/USE_BURSTS.cmd_queue/inst/fifo_gen_inst/inst_fifo_gen/gconvfifo.rf/grf.rf/gntv_or_sync_fifo.mem/gdm.dm_gen.dm/RAM_reg_0_31_6_9/RAMD/ADR0
                            (rising edge-triggered cell RAMS32 clocked by clk_fpga_0  {rise@0.000ns fall@10.000ns period=20.000ns})
  Path Group:             clk_fpga_0
  Path Type:              Hold (Min at Fast Process Corner)
  Requirement:            0.000ns  (clk_fpga_0 rise@0.000ns - clk_fpga_0 rise@0.000ns)
  Data Path Delay:        0.410ns  (logic 0.141ns (34.405%)  route 0.269ns (65.595%))
  Logic Levels:           0  
  Clock Path Skew:        0.033ns (DCD - SCD - CPR)
    Destination Clock Delay (DCD):    1.208ns
    Source Clock Delay      (SCD):    0.911ns
    Clock Pessimism Removal (CPR):    0.264ns

    Location             Delay type                Incr(ns)  Path(ns)    Netlist Resource(s)
  -------------------------------------------------------------------    -------------------
                         (clock clk_fpga_0 rise edge)
                                                      0.000     0.000 r  
    PS7_X0Y0             PS7                          0.000     0.000 r  u_zynq_soc/processing_system7_0/inst/PS7_i/FCLKCLK[0]
                         net (fo=1, routed)           0.310     0.310    u_zynq_soc/processing_system7_0/inst/FCLK_CLK_unbuffered[0]
    BUFGCTRL_X0Y16       BUFG (Prop_bufg_I_O)         0.026     0.336 r  u_zynq_soc/processing_system7_0/inst/buffer_fclk_clk_0.FCLK_CLK_0_BUFG/O
                         net (fo=5353, routed)        0.575     0.911    u_zynq_soc/axi_interconnect_0/s00_couplers/auto_pc/inst/gen_axi4_axi3.axi3_conv_inst/USE_WRITE.write_addr_inst/USE_BURSTS.cmd_queue/inst/fifo_gen_inst/inst_fifo_gen/gconvfifo.rf/grf.rf/gntv_or_sync_fifo.gl0.wr/wpntr/clk
    SLICE_X28Y58         FDCE                                         r  u_zynq_soc/axi_interconnect_0/s00_couplers/auto_pc/inst/gen_axi4_axi3.axi3_conv_inst/USE_WRITE.write_addr_inst/USE_BURSTS.cmd_queue/inst/fifo_gen_inst/inst_fifo_gen/gconvfifo.rf/grf.rf/gntv_or_sync_fifo.gl0.wr/wpntr/gcc0.gc0.count_d1_reg[0]/C
  -------------------------------------------------------------------    -------------------
    SLICE_X28Y58         FDCE (Prop_fdce_C_Q)         0.141     1.052 r  u_zynq_soc/axi_interconnect_0/s00_couplers/auto_pc/inst/gen_axi4_axi3.axi3_conv_inst/USE_WRITE.write_addr_inst/USE_BURSTS.cmd_queue/inst/fifo_gen_inst/inst_fifo_gen/gconvfifo.rf/grf.rf/gntv_or_sync_fifo.gl0.wr/wpntr/gcc0.gc0.count_d1_reg[0]/Q
                         net (fo=18, routed)          0.269     1.320    u_zynq_soc/axi_interconnect_0/s00_couplers/auto_pc/inst/gen_axi4_axi3.axi3_conv_inst/USE_WRITE.write_addr_inst/USE_BURSTS.cmd_queue/inst/fifo_gen_inst/inst_fifo_gen/gconvfifo.rf/grf.rf/gntv_or_sync_fifo.mem/gdm.dm_gen.dm/RAM_reg_0_31_6_9/ADDRD0
    SLICE_X26Y57         RAMS32                                       r  u_zynq_soc/axi_interconnect_0/s00_couplers/auto_pc/inst/gen_axi4_axi3.axi3_conv_inst/USE_WRITE.write_addr_inst/USE_BURSTS.cmd_queue/inst/fifo_gen_inst/inst_fifo_gen/gconvfifo.rf/grf.rf/gntv_or_sync_fifo.mem/gdm.dm_gen.dm/RAM_reg_0_31_6_9/RAMD/ADR0
  -------------------------------------------------------------------    -------------------

                         (clock clk_fpga_0 rise edge)
                                                      0.000     0.000 r  
    PS7_X0Y0             PS7                          0.000     0.000 r  u_zynq_soc/processing_system7_0/inst/PS7_i/FCLKCLK[0]
                         net (fo=1, routed)           0.337     0.337    u_zynq_soc/processing_system7_0/inst/FCLK_CLK_unbuffered[0]
    BUFGCTRL_X0Y16       BUFG (Prop_bufg_I_O)         0.029     0.366 r  u_zynq_soc/processing_system7_0/inst/buffer_fclk_clk_0.FCLK_CLK_0_BUFG/O
                         net (fo=5353, routed)        0.842     1.208    u_zynq_soc/axi_interconnect_0/s00_couplers/auto_pc/inst/gen_axi4_axi3.axi3_conv_inst/USE_WRITE.write_addr_inst/USE_BURSTS.cmd_queue/inst/fifo_gen_inst/inst_fifo_gen/gconvfifo.rf/grf.rf/gntv_or_sync_fifo.mem/gdm.dm_gen.dm/RAM_reg_0_31_6_9/WCLK
    SLICE_X26Y57         RAMS32                                       r  u_zynq_soc/axi_interconnect_0/s00_couplers/auto_pc/inst/gen_axi4_axi3.axi3_conv_inst/USE_WRITE.write_addr_inst/USE_BURSTS.cmd_queue/inst/fifo_gen_inst/inst_fifo_gen/gconvfifo.rf/grf.rf/gntv_or_sync_fifo.mem/gdm.dm_gen.dm/RAM_reg_0_31_6_9/RAMD/CLK
                         clock pessimism             -0.264     0.944    
    SLICE_X26Y57         RAMS32 (Hold_rams32_CLK_ADR0)
                                                      0.310     1.254    u_zynq_soc/axi_interconnect_0/s00_couplers/auto_pc/inst/gen_axi4_axi3.axi3_conv_inst/USE_WRITE.write_addr_inst/USE_BURSTS.cmd_queue/inst/fifo_gen_inst/inst_fifo_gen/gconvfifo.rf/grf.rf/gntv_or_sync_fifo.mem/gdm.dm_gen.dm/RAM_reg_0_31_6_9/RAMD
  -------------------------------------------------------------------
                         required time                         -1.254    
                         arrival time                           1.320    
  -------------------------------------------------------------------
                         slack                                  0.067    

Slack (MET) :             0.067ns  (arrival time - required time)
  Source:                 u_zynq_soc/axi_interconnect_0/s00_couplers/auto_pc/inst/gen_axi4_axi3.axi3_conv_inst/USE_WRITE.write_addr_inst/USE_BURSTS.cmd_queue/inst/fifo_gen_inst/inst_fifo_gen/gconvfifo.rf/grf.rf/gntv_or_sync_fifo.gl0.wr/wpntr/gcc0.gc0.count_d1_reg[0]/C
                            (rising edge-triggered cell FDCE clocked by clk_fpga_0  {rise@0.000ns fall@10.000ns period=20.000ns})
  Destination:            u_zynq_soc/axi_interconnect_0/s00_couplers/auto_pc/inst/gen_axi4_axi3.axi3_conv_inst/USE_WRITE.write_addr_inst/USE_BURSTS.cmd_queue/inst/fifo_gen_inst/inst_fifo_gen/gconvfifo.rf/grf.rf/gntv_or_sync_fifo.mem/gdm.dm_gen.dm/RAM_reg_0_31_6_9/RAMD_D1/ADR0
                            (rising edge-triggered cell RAMS32 clocked by clk_fpga_0  {rise@0.000ns fall@10.000ns period=20.000ns})
  Path Group:             clk_fpga_0
  Path Type:              Hold (Min at Fast Process Corner)
  Requirement:            0.000ns  (clk_fpga_0 rise@0.000ns - clk_fpga_0 rise@0.000ns)
  Data Path Delay:        0.410ns  (logic 0.141ns (34.405%)  route 0.269ns (65.595%))
  Logic Levels:           0  
  Clock Path Skew:        0.033ns (DCD - SCD - CPR)
    Destination Clock Delay (DCD):    1.208ns
    Source Clock Delay      (SCD):    0.911ns
    Clock Pessimism Removal (CPR):    0.264ns

    Location             Delay type                Incr(ns)  Path(ns)    Netlist Resource(s)
  -------------------------------------------------------------------    -------------------
                         (clock clk_fpga_0 rise edge)
                                                      0.000     0.000 r  
    PS7_X0Y0             PS7                          0.000     0.000 r  u_zynq_soc/processing_system7_0/inst/PS7_i/FCLKCLK[0]
                         net (fo=1, routed)           0.310     0.310    u_zynq_soc/processing_system7_0/inst/FCLK_CLK_unbuffered[0]
    BUFGCTRL_X0Y16       BUFG (Prop_bufg_I_O)         0.026     0.336 r  u_zynq_soc/processing_system7_0/inst/buffer_fclk_clk_0.FCLK_CLK_0_BUFG/O
                         net (fo=5353, routed)        0.575     0.911    u_zynq_soc/axi_interconnect_0/s00_couplers/auto_pc/inst/gen_axi4_axi3.axi3_conv_inst/USE_WRITE.write_addr_inst/USE_BURSTS.cmd_queue/inst/fifo_gen_inst/inst_fifo_gen/gconvfifo.rf/grf.rf/gntv_or_sync_fifo.gl0.wr/wpntr/clk
    SLICE_X28Y58         FDCE                                         r  u_zynq_soc/axi_interconnect_0/s00_couplers/auto_pc/inst/gen_axi4_axi3.axi3_conv_inst/USE_WRITE.write_addr_inst/USE_BURSTS.cmd_queue/inst/fifo_gen_inst/inst_fifo_gen/gconvfifo.rf/grf.rf/gntv_or_sync_fifo.gl0.wr/wpntr/gcc0.gc0.count_d1_reg[0]/C
  -------------------------------------------------------------------    -------------------
    SLICE_X28Y58         FDCE (Prop_fdce_C_Q)         0.141     1.052 r  u_zynq_soc/axi_interconnect_0/s00_couplers/auto_pc/inst/gen_axi4_axi3.axi3_conv_inst/USE_WRITE.write_addr_inst/USE_BURSTS.cmd_queue/inst/fifo_gen_inst/inst_fifo_gen/gconvfifo.rf/grf.rf/gntv_or_sync_fifo.gl0.wr/wpntr/gcc0.gc0.count_d1_reg[0]/Q
                         net (fo=18, routed)          0.269     1.320    u_zynq_soc/axi_interconnect_0/s00_couplers/auto_pc/inst/gen_axi4_axi3.axi3_conv_inst/USE_WRITE.write_addr_inst/USE_BURSTS.cmd_queue/inst/fifo_gen_inst/inst_fifo_gen/gconvfifo.rf/grf.rf/gntv_or_sync_fifo.mem/gdm.dm_gen.dm/RAM_reg_0_31_6_9/ADDRD0
    SLICE_X26Y57         RAMS32                                       r  u_zynq_soc/axi_interconnect_0/s00_couplers/auto_pc/inst/gen_axi4_axi3.axi3_conv_inst/USE_WRITE.write_addr_inst/USE_BURSTS.cmd_queue/inst/fifo_gen_inst/inst_fifo_gen/gconvfifo.rf/grf.rf/gntv_or_sync_fifo.mem/gdm.dm_gen.dm/RAM_reg_0_31_6_9/RAMD_D1/ADR0
  -------------------------------------------------------------------    -------------------

                         (clock clk_fpga_0 rise edge)
                                                      0.000     0.000 r  
    PS7_X0Y0             PS7                          0.000     0.000 r  u_zynq_soc/processing_system7_0/inst/PS7_i/FCLKCLK[0]
                         net (fo=1, routed)           0.337     0.337    u_zynq_soc/processing_system7_0/inst/FCLK_CLK_unbuffered[0]
    BUFGCTRL_X0Y16       BUFG (Prop_bufg_I_O)         0.029     0.366 r  u_zynq_soc/processing_system7_0/inst/buffer_fclk_clk_0.FCLK_CLK_0_BUFG/O
                         net (fo=5353, routed)        0.842     1.208    u_zynq_soc/axi_interconnect_0/s00_couplers/auto_pc/inst/gen_axi4_axi3.axi3_conv_inst/USE_WRITE.write_addr_inst/USE_BURSTS.cmd_queue/inst/fifo_gen_inst/inst_fifo_gen/gconvfifo.rf/grf.rf/gntv_or_sync_fifo.mem/gdm.dm_gen.dm/RAM_reg_0_31_6_9/WCLK
    SLICE_X26Y57         RAMS32                                       r  u_zynq_soc/axi_interconnect_0/s00_couplers/auto_pc/inst/gen_axi4_axi3.axi3_conv_inst/USE_WRITE.write_addr_inst/USE_BURSTS.cmd_queue/inst/fifo_gen_inst/inst_fifo_gen/gconvfifo.rf/grf.rf/gntv_or_sync_fifo.mem/gdm.dm_gen.dm/RAM_reg_0_31_6_9/RAMD_D1/CLK
                         clock pessimism             -0.264     0.944    
    SLICE_X26Y57         RAMS32 (Hold_rams32_CLK_ADR0)
                                                      0.310     1.254    u_zynq_soc/axi_interconnect_0/s00_couplers/auto_pc/inst/gen_axi4_axi3.axi3_conv_inst/USE_WRITE.write_addr_inst/USE_BURSTS.cmd_queue/inst/fifo_gen_inst/inst_fifo_gen/gconvfifo.rf/grf.rf/gntv_or_sync_fifo.mem/gdm.dm_gen.dm/RAM_reg_0_31_6_9/RAMD_D1
  -------------------------------------------------------------------
                         required time                         -1.254    
                         arrival time                           1.320    
  -------------------------------------------------------------------
                         slack                                  0.067    

Slack (MET) :             0.072ns  (arrival time - required time)
  Source:                 u_zynq_soc/axi_interconnect_0/s00_couplers/auto_pc/inst/gen_axi4_axi3.axi3_conv_inst/USE_READ.USE_SPLIT_R.read_addr_inst/USE_R_CHANNEL.cmd_queue/inst/fifo_gen_inst/inst_fifo_gen/gconvfifo.rf/grf.rf/gntv_or_sync_fifo.gl0.wr/wpntr/gcc0.gc0.count_d1_reg[3]/C
                            (rising edge-triggered cell FDCE clocked by clk_fpga_0  {rise@0.000ns fall@10.000ns period=20.000ns})
  Destination:            u_zynq_soc/axi_interconnect_0/s00_couplers/auto_pc/inst/gen_axi4_axi3.axi3_conv_inst/USE_READ.USE_SPLIT_R.read_addr_inst/USE_R_CHANNEL.cmd_queue/inst/fifo_gen_inst/inst_fifo_gen/gconvfifo.rf/grf.rf/gntv_or_sync_fifo.mem/gdm.dm_gen.dm/RAM_reg_0_31_0_0/DP/WADR3
                            (rising edge-triggered cell RAMD32 clocked by clk_fpga_0  {rise@0.000ns fall@10.000ns period=20.000ns})
  Path Group:             clk_fpga_0
  Path Type:              Hold (Min at Fast Process Corner)
  Requirement:            0.000ns  (clk_fpga_0 rise@0.000ns - clk_fpga_0 rise@0.000ns)
  Data Path Delay:        0.345ns  (logic 0.141ns (40.880%)  route 0.204ns (59.120%))
  Logic Levels:           0  
  Clock Path Skew:        0.033ns (DCD - SCD - CPR)
    Destination Clock Delay (DCD):    1.210ns
    Source Clock Delay      (SCD):    0.913ns
    Clock Pessimism Removal (CPR):    0.264ns

    Location             Delay type                Incr(ns)  Path(ns)    Netlist Resource(s)
  -------------------------------------------------------------------    -------------------
                         (clock clk_fpga_0 rise edge)
                                                      0.000     0.000 r  
    PS7_X0Y0             PS7                          0.000     0.000 r  u_zynq_soc/processing_system7_0/inst/PS7_i/FCLKCLK[0]
                         net (fo=1, routed)           0.310     0.310    u_zynq_soc/processing_system7_0/inst/FCLK_CLK_unbuffered[0]
    BUFGCTRL_X0Y16       BUFG (Prop_bufg_I_O)         0.026     0.336 r  u_zynq_soc/processing_system7_0/inst/buffer_fclk_clk_0.FCLK_CLK_0_BUFG/O
                         net (fo=5353, routed)        0.577     0.913    u_zynq_soc/axi_interconnect_0/s00_couplers/auto_pc/inst/gen_axi4_axi3.axi3_conv_inst/USE_READ.USE_SPLIT_R.read_addr_inst/USE_R_CHANNEL.cmd_queue/inst/fifo_gen_inst/inst_fifo_gen/gconvfifo.rf/grf.rf/gntv_or_sync_fifo.gl0.wr/wpntr/clk
    SLICE_X28Y50         FDCE                                         r  u_zynq_soc/axi_interconnect_0/s00_couplers/auto_pc/inst/gen_axi4_axi3.axi3_conv_inst/USE_READ.USE_SPLIT_R.read_addr_inst/USE_R_CHANNEL.cmd_queue/inst/fifo_gen_inst/inst_fifo_gen/gconvfifo.rf/grf.rf/gntv_or_sync_fifo.gl0.wr/wpntr/gcc0.gc0.count_d1_reg[3]/C
  -------------------------------------------------------------------    -------------------
    SLICE_X28Y50         FDCE (Prop_fdce_C_Q)         0.141     1.054 r  u_zynq_soc/axi_interconnect_0/s00_couplers/auto_pc/inst/gen_axi4_axi3.axi3_conv_inst/USE_READ.USE_SPLIT_R.read_addr_inst/USE_R_CHANNEL.cmd_queue/inst/fifo_gen_inst/inst_fifo_gen/gconvfifo.rf/grf.rf/gntv_or_sync_fifo.gl0.wr/wpntr/gcc0.gc0.count_d1_reg[3]/Q
                         net (fo=5, routed)           0.204     1.258    u_zynq_soc/axi_interconnect_0/s00_couplers/auto_pc/inst/gen_axi4_axi3.axi3_conv_inst/USE_READ.USE_SPLIT_R.read_addr_inst/USE_R_CHANNEL.cmd_queue/inst/fifo_gen_inst/inst_fifo_gen/gconvfifo.rf/grf.rf/gntv_or_sync_fifo.mem/gdm.dm_gen.dm/RAM_reg_0_31_0_0/A3
    SLICE_X26Y50         RAMD32                                       r  u_zynq_soc/axi_interconnect_0/s00_couplers/auto_pc/inst/gen_axi4_axi3.axi3_conv_inst/USE_READ.USE_SPLIT_R.read_addr_inst/USE_R_CHANNEL.cmd_queue/inst/fifo_gen_inst/inst_fifo_gen/gconvfifo.rf/grf.rf/gntv_or_sync_fifo.mem/gdm.dm_gen.dm/RAM_reg_0_31_0_0/DP/WADR3
  -------------------------------------------------------------------    -------------------

                         (clock clk_fpga_0 rise edge)
                                                      0.000     0.000 r  
    PS7_X0Y0             PS7                          0.000     0.000 r  u_zynq_soc/processing_system7_0/inst/PS7_i/FCLKCLK[0]
                         net (fo=1, routed)           0.337     0.337    u_zynq_soc/processing_system7_0/inst/FCLK_CLK_unbuffered[0]
    BUFGCTRL_X0Y16       BUFG (Prop_bufg_I_O)         0.029     0.366 r  u_zynq_soc/processing_system7_0/inst/buffer_fclk_clk_0.FCLK_CLK_0_BUFG/O
                         net (fo=5353, routed)        0.844     1.210    u_zynq_soc/axi_interconnect_0/s00_couplers/auto_pc/inst/gen_axi4_axi3.axi3_conv_inst/USE_READ.USE_SPLIT_R.read_addr_inst/USE_R_CHANNEL.cmd_queue/inst/fifo_gen_inst/inst_fifo_gen/gconvfifo.rf/grf.rf/gntv_or_sync_fifo.mem/gdm.dm_gen.dm/RAM_reg_0_31_0_0/WCLK
    SLICE_X26Y50         RAMD32                                       r  u_zynq_soc/axi_interconnect_0/s00_couplers/auto_pc/inst/gen_axi4_axi3.axi3_conv_inst/USE_READ.USE_SPLIT_R.read_addr_inst/USE_R_CHANNEL.cmd_queue/inst/fifo_gen_inst/inst_fifo_gen/gconvfifo.rf/grf.rf/gntv_or_sync_fifo.mem/gdm.dm_gen.dm/RAM_reg_0_31_0_0/DP/CLK
                         clock pessimism             -0.264     0.946    
    SLICE_X26Y50         RAMD32 (Hold_ramd32_CLK_WADR3)
                                                      0.240     1.186    u_zynq_soc/axi_interconnect_0/s00_couplers/auto_pc/inst/gen_axi4_axi3.axi3_conv_inst/USE_READ.USE_SPLIT_R.read_addr_inst/USE_R_CHANNEL.cmd_queue/inst/fifo_gen_inst/inst_fifo_gen/gconvfifo.rf/grf.rf/gntv_or_sync_fifo.mem/gdm.dm_gen.dm/RAM_reg_0_31_0_0/DP
  -------------------------------------------------------------------
                         required time                         -1.186    
                         arrival time                           1.258    
  -------------------------------------------------------------------
                         slack                                  0.072    

Slack (MET) :             0.072ns  (arrival time - required time)
  Source:                 u_zynq_soc/axi_interconnect_0/s00_couplers/auto_pc/inst/gen_axi4_axi3.axi3_conv_inst/USE_READ.USE_SPLIT_R.read_addr_inst/USE_R_CHANNEL.cmd_queue/inst/fifo_gen_inst/inst_fifo_gen/gconvfifo.rf/grf.rf/gntv_or_sync_fifo.gl0.wr/wpntr/gcc0.gc0.count_d1_reg[3]/C
                            (rising edge-triggered cell FDCE clocked by clk_fpga_0  {rise@0.000ns fall@10.000ns period=20.000ns})
  Destination:            u_zynq_soc/axi_interconnect_0/s00_couplers/auto_pc/inst/gen_axi4_axi3.axi3_conv_inst/USE_READ.USE_SPLIT_R.read_addr_inst/USE_R_CHANNEL.cmd_queue/inst/fifo_gen_inst/inst_fifo_gen/gconvfifo.rf/grf.rf/gntv_or_sync_fifo.mem/gdm.dm_gen.dm/RAM_reg_0_31_0_0/SP/WADR3
                            (rising edge-triggered cell RAMD32 clocked by clk_fpga_0  {rise@0.000ns fall@10.000ns period=20.000ns})
  Path Group:             clk_fpga_0
  Path Type:              Hold (Min at Fast Process Corner)
  Requirement:            0.000ns  (clk_fpga_0 rise@0.000ns - clk_fpga_0 rise@0.000ns)
  Data Path Delay:        0.345ns  (logic 0.141ns (40.880%)  route 0.204ns (59.120%))
  Logic Levels:           0  
  Clock Path Skew:        0.033ns (DCD - SCD - CPR)
    Destination Clock Delay (DCD):    1.210ns
    Source Clock Delay      (SCD):    0.913ns
    Clock Pessimism Removal (CPR):    0.264ns

    Location             Delay type                Incr(ns)  Path(ns)    Netlist Resource(s)
  -------------------------------------------------------------------    -------------------
                         (clock clk_fpga_0 rise edge)
                                                      0.000     0.000 r  
    PS7_X0Y0             PS7                          0.000     0.000 r  u_zynq_soc/processing_system7_0/inst/PS7_i/FCLKCLK[0]
                         net (fo=1, routed)           0.310     0.310    u_zynq_soc/processing_system7_0/inst/FCLK_CLK_unbuffered[0]
    BUFGCTRL_X0Y16       BUFG (Prop_bufg_I_O)         0.026     0.336 r  u_zynq_soc/processing_system7_0/inst/buffer_fclk_clk_0.FCLK_CLK_0_BUFG/O
                         net (fo=5353, routed)        0.577     0.913    u_zynq_soc/axi_interconnect_0/s00_couplers/auto_pc/inst/gen_axi4_axi3.axi3_conv_inst/USE_READ.USE_SPLIT_R.read_addr_inst/USE_R_CHANNEL.cmd_queue/inst/fifo_gen_inst/inst_fifo_gen/gconvfifo.rf/grf.rf/gntv_or_sync_fifo.gl0.wr/wpntr/clk
    SLICE_X28Y50         FDCE                                         r  u_zynq_soc/axi_interconnect_0/s00_couplers/auto_pc/inst/gen_axi4_axi3.axi3_conv_inst/USE_READ.USE_SPLIT_R.read_addr_inst/USE_R_CHANNEL.cmd_queue/inst/fifo_gen_inst/inst_fifo_gen/gconvfifo.rf/grf.rf/gntv_or_sync_fifo.gl0.wr/wpntr/gcc0.gc0.count_d1_reg[3]/C
  -------------------------------------------------------------------    -------------------
    SLICE_X28Y50         FDCE (Prop_fdce_C_Q)         0.141     1.054 r  u_zynq_soc/axi_interconnect_0/s00_couplers/auto_pc/inst/gen_axi4_axi3.axi3_conv_inst/USE_READ.USE_SPLIT_R.read_addr_inst/USE_R_CHANNEL.cmd_queue/inst/fifo_gen_inst/inst_fifo_gen/gconvfifo.rf/grf.rf/gntv_or_sync_fifo.gl0.wr/wpntr/gcc0.gc0.count_d1_reg[3]/Q
                         net (fo=5, routed)           0.204     1.258    u_zynq_soc/axi_interconnect_0/s00_couplers/auto_pc/inst/gen_axi4_axi3.axi3_conv_inst/USE_READ.USE_SPLIT_R.read_addr_inst/USE_R_CHANNEL.cmd_queue/inst/fifo_gen_inst/inst_fifo_gen/gconvfifo.rf/grf.rf/gntv_or_sync_fifo.mem/gdm.dm_gen.dm/RAM_reg_0_31_0_0/A3
    SLICE_X26Y50         RAMD32                                       r  u_zynq_soc/axi_interconnect_0/s00_couplers/auto_pc/inst/gen_axi4_axi3.axi3_conv_inst/USE_READ.USE_SPLIT_R.read_addr_inst/USE_R_CHANNEL.cmd_queue/inst/fifo_gen_inst/inst_fifo_gen/gconvfifo.rf/grf.rf/gntv_or_sync_fifo.mem/gdm.dm_gen.dm/RAM_reg_0_31_0_0/SP/WADR3
  -------------------------------------------------------------------    -------------------

                         (clock clk_fpga_0 rise edge)
                                                      0.000     0.000 r  
    PS7_X0Y0             PS7                          0.000     0.000 r  u_zynq_soc/processing_system7_0/inst/PS7_i/FCLKCLK[0]
                         net (fo=1, routed)           0.337     0.337    u_zynq_soc/processing_system7_0/inst/FCLK_CLK_unbuffered[0]
    BUFGCTRL_X0Y16       BUFG (Prop_bufg_I_O)         0.029     0.366 r  u_zynq_soc/processing_system7_0/inst/buffer_fclk_clk_0.FCLK_CLK_0_BUFG/O
                         net (fo=5353, routed)        0.844     1.210    u_zynq_soc/axi_interconnect_0/s00_couplers/auto_pc/inst/gen_axi4_axi3.axi3_conv_inst/USE_READ.USE_SPLIT_R.read_addr_inst/USE_R_CHANNEL.cmd_queue/inst/fifo_gen_inst/inst_fifo_gen/gconvfifo.rf/grf.rf/gntv_or_sync_fifo.mem/gdm.dm_gen.dm/RAM_reg_0_31_0_0/WCLK
    SLICE_X26Y50         RAMD32                                       r  u_zynq_soc/axi_interconnect_0/s00_couplers/auto_pc/inst/gen_axi4_axi3.axi3_conv_inst/USE_READ.USE_SPLIT_R.read_addr_inst/USE_R_CHANNEL.cmd_queue/inst/fifo_gen_inst/inst_fifo_gen/gconvfifo.rf/grf.rf/gntv_or_sync_fifo.mem/gdm.dm_gen.dm/RAM_reg_0_31_0_0/SP/CLK
                         clock pessimism             -0.264     0.946    
    SLICE_X26Y50         RAMD32 (Hold_ramd32_CLK_WADR3)
                                                      0.240     1.186    u_zynq_soc/axi_interconnect_0/s00_couplers/auto_pc/inst/gen_axi4_axi3.axi3_conv_inst/USE_READ.USE_SPLIT_R.read_addr_inst/USE_R_CHANNEL.cmd_queue/inst/fifo_gen_inst/inst_fifo_gen/gconvfifo.rf/grf.rf/gntv_or_sync_fifo.mem/gdm.dm_gen.dm/RAM_reg_0_31_0_0/SP
  -------------------------------------------------------------------
                         required time                         -1.186    
                         arrival time                           1.258    
  -------------------------------------------------------------------
                         slack                                  0.072    





Pulse Width Checks
--------------------------------------------------------------------------------------
Clock Name:         clk_fpga_0
Waveform(ns):       { 0.000 10.000 }
Period(ns):         20.000
Sources:            { u_zynq_soc/processing_system7_0/inst/PS7_i/FCLKCLK[0] }

Check Type        Corner  Lib Pin             Reference Pin  Required(ns)  Actual(ns)  Slack(ns)  Location      Pin
Min Period        n/a     RAMB36E1/CLKARDCLK  n/a            2.170         20.000      17.830     RAMB36_X1Y5   u_cpu/u_D_Cache/da_0/U0/inst_blk_mem_gen/gnbram.gnativebmg.native_blk_mem_gen/valid.cstr/ramloop[0].ram.r/prim_noinit.ram/DEVICE_7SERIES.NO_BMM_INFO.SDP.WIDE_PRIM36_NO_ECC.ram/CLKARDCLK
Min Period        n/a     RAMB36E1/CLKBWRCLK  n/a            2.170         20.000      17.830     RAMB36_X1Y5   u_cpu/u_D_Cache/da_0/U0/inst_blk_mem_gen/gnbram.gnativebmg.native_blk_mem_gen/valid.cstr/ramloop[0].ram.r/prim_noinit.ram/DEVICE_7SERIES.NO_BMM_INFO.SDP.WIDE_PRIM36_NO_ECC.ram/CLKBWRCLK
Min Period        n/a     RAMB36E1/CLKARDCLK  n/a            2.170         20.000      17.830     RAMB36_X1Y6   u_cpu/u_D_Cache/da_0/U0/inst_blk_mem_gen/gnbram.gnativebmg.native_blk_mem_gen/valid.cstr/ramloop[1].ram.r/prim_noinit.ram/DEVICE_7SERIES.NO_BMM_INFO.SDP.WIDE_PRIM36_NO_ECC.ram/CLKARDCLK
Min Period        n/a     RAMB36E1/CLKBWRCLK  n/a            2.170         20.000      17.830     RAMB36_X1Y6   u_cpu/u_D_Cache/da_0/U0/inst_blk_mem_gen/gnbram.gnativebmg.native_blk_mem_gen/valid.cstr/ramloop[1].ram.r/prim_noinit.ram/DEVICE_7SERIES.NO_BMM_INFO.SDP.WIDE_PRIM36_NO_ECC.ram/CLKBWRCLK
Min Period        n/a     RAMB36E1/CLKARDCLK  n/a            2.170         20.000      17.830     RAMB36_X2Y4   u_cpu/u_D_Cache/da_1/U0/inst_blk_mem_gen/gnbram.gnativebmg.native_blk_mem_gen/valid.cstr/ramloop[0].ram.r/prim_noinit.ram/DEVICE_7SERIES.NO_BMM_INFO.SDP.WIDE_PRIM36_NO_ECC.ram/CLKARDCLK
Min Period        n/a     RAMB36E1/CLKBWRCLK  n/a            2.170         20.000      17.830     RAMB36_X2Y4   u_cpu/u_D_Cache/da_1/U0/inst_blk_mem_gen/gnbram.gnativebmg.native_blk_mem_gen/valid.cstr/ramloop[0].ram.r/prim_noinit.ram/DEVICE_7SERIES.NO_BMM_INFO.SDP.WIDE_PRIM36_NO_ECC.ram/CLKBWRCLK
Min Period        n/a     RAMB36E1/CLKARDCLK  n/a            2.170         20.000      17.830     RAMB36_X1Y3   u_cpu/u_D_Cache/da_1/U0/inst_blk_mem_gen/gnbram.gnativebmg.native_blk_mem_gen/valid.cstr/ramloop[1].ram.r/prim_noinit.ram/DEVICE_7SERIES.NO_BMM_INFO.SDP.WIDE_PRIM36_NO_ECC.ram/CLKARDCLK
Min Period        n/a     RAMB36E1/CLKBWRCLK  n/a            2.170         20.000      17.830     RAMB36_X1Y3   u_cpu/u_D_Cache/da_1/U0/inst_blk_mem_gen/gnbram.gnativebmg.native_blk_mem_gen/valid.cstr/ramloop[1].ram.r/prim_noinit.ram/DEVICE_7SERIES.NO_BMM_INFO.SDP.WIDE_PRIM36_NO_ECC.ram/CLKBWRCLK
Min Period        n/a     RAMB36E1/CLKARDCLK  n/a            2.170         20.000      17.830     RAMB36_X0Y4   u_cpu/u_D_Cache/da_2/U0/inst_blk_mem_gen/gnbram.gnativebmg.native_blk_mem_gen/valid.cstr/ramloop[0].ram.r/prim_noinit.ram/DEVICE_7SERIES.NO_BMM_INFO.SDP.WIDE_PRIM36_NO_ECC.ram/CLKARDCLK
Min Period        n/a     RAMB36E1/CLKBWRCLK  n/a            2.170         20.000      17.830     RAMB36_X0Y4   u_cpu/u_D_Cache/da_2/U0/inst_blk_mem_gen/gnbram.gnativebmg.native_blk_mem_gen/valid.cstr/ramloop[0].ram.r/prim_noinit.ram/DEVICE_7SERIES.NO_BMM_INFO.SDP.WIDE_PRIM36_NO_ECC.ram/CLKBWRCLK
Low Pulse Width   Slow    RAMD32/CLK          n/a            1.130         10.000      8.870      SLICE_X26Y50  u_zynq_soc/axi_interconnect_0/s00_couplers/auto_pc/inst/gen_axi4_axi3.axi3_conv_inst/USE_READ.USE_SPLIT_R.read_addr_inst/USE_R_CHANNEL.cmd_queue/inst/fifo_gen_inst/inst_fifo_gen/gconvfifo.rf/grf.rf/gntv_or_sync_fifo.mem/gdm.dm_gen.dm/RAM_reg_0_31_0_0/DP/CLK
Low Pulse Width   Fast    RAMD32/CLK          n/a            1.130         10.000      8.870      SLICE_X26Y50  u_zynq_soc/axi_interconnect_0/s00_couplers/auto_pc/inst/gen_axi4_axi3.axi3_conv_inst/USE_READ.USE_SPLIT_R.read_addr_inst/USE_R_CHANNEL.cmd_queue/inst/fifo_gen_inst/inst_fifo_gen/gconvfifo.rf/grf.rf/gntv_or_sync_fifo.mem/gdm.dm_gen.dm/RAM_reg_0_31_0_0/DP/CLK
Low Pulse Width   Slow    RAMD32/CLK          n/a            1.130         10.000      8.870      SLICE_X26Y50  u_zynq_soc/axi_interconnect_0/s00_couplers/auto_pc/inst/gen_axi4_axi3.axi3_conv_inst/USE_READ.USE_SPLIT_R.read_addr_inst/USE_R_CHANNEL.cmd_queue/inst/fifo_gen_inst/inst_fifo_gen/gconvfifo.rf/grf.rf/gntv_or_sync_fifo.mem/gdm.dm_gen.dm/RAM_reg_0_31_0_0/SP/CLK
Low Pulse Width   Fast    RAMD32/CLK          n/a            1.130         10.000      8.870      SLICE_X26Y50  u_zynq_soc/axi_interconnect_0/s00_couplers/auto_pc/inst/gen_axi4_axi3.axi3_conv_inst/USE_READ.USE_SPLIT_R.read_addr_inst/USE_R_CHANNEL.cmd_queue/inst/fifo_gen_inst/inst_fifo_gen/gconvfifo.rf/grf.rf/gntv_or_sync_fifo.mem/gdm.dm_gen.dm/RAM_reg_0_31_0_0/SP/CLK
Low Pulse Width   Slow    RAMD32/CLK          n/a            1.130         10.000      8.870      SLICE_X26Y58  u_zynq_soc/axi_interconnect_0/s00_couplers/auto_pc/inst/gen_axi4_axi3.axi3_conv_inst/USE_WRITE.write_addr_inst/USE_BURSTS.cmd_queue/inst/fifo_gen_inst/inst_fifo_gen/gconvfifo.rf/grf.rf/gntv_or_sync_fifo.mem/gdm.dm_gen.dm/RAM_reg_0_31_0_5/RAMA/CLK
Low Pulse Width   Fast    RAMD32/CLK          n/a            1.130         10.000      8.870      SLICE_X26Y58  u_zynq_soc/axi_interconnect_0/s00_couplers/auto_pc/inst/gen_axi4_axi3.axi3_conv_inst/USE_WRITE.write_addr_inst/USE_BURSTS.cmd_queue/inst/fifo_gen_inst/inst_fifo_gen/gconvfifo.rf/grf.rf/gntv_or_sync_fifo.mem/gdm.dm_gen.dm/RAM_reg_0_31_0_5/RAMA/CLK
Low Pulse Width   Slow    RAMD32/CLK          n/a            1.130         10.000      8.870      SLICE_X26Y58  u_zynq_soc/axi_interconnect_0/s00_couplers/auto_pc/inst/gen_axi4_axi3.axi3_conv_inst/USE_WRITE.write_addr_inst/USE_BURSTS.cmd_queue/inst/fifo_gen_inst/inst_fifo_gen/gconvfifo.rf/grf.rf/gntv_or_sync_fifo.mem/gdm.dm_gen.dm/RAM_reg_0_31_0_5/RAMA_D1/CLK
Low Pulse Width   Fast    RAMD32/CLK          n/a            1.130         10.000      8.870      SLICE_X26Y58  u_zynq_soc/axi_interconnect_0/s00_couplers/auto_pc/inst/gen_axi4_axi3.axi3_conv_inst/USE_WRITE.write_addr_inst/USE_BURSTS.cmd_queue/inst/fifo_gen_inst/inst_fifo_gen/gconvfifo.rf/grf.rf/gntv_or_sync_fifo.mem/gdm.dm_gen.dm/RAM_reg_0_31_0_5/RAMA_D1/CLK
Low Pulse Width   Slow    RAMD32/CLK          n/a            1.130         10.000      8.870      SLICE_X26Y58  u_zynq_soc/axi_interconnect_0/s00_couplers/auto_pc/inst/gen_axi4_axi3.axi3_conv_inst/USE_WRITE.write_addr_inst/USE_BURSTS.cmd_queue/inst/fifo_gen_inst/inst_fifo_gen/gconvfifo.rf/grf.rf/gntv_or_sync_fifo.mem/gdm.dm_gen.dm/RAM_reg_0_31_0_5/RAMB/CLK
Low Pulse Width   Fast    RAMD32/CLK          n/a            1.130         10.000      8.870      SLICE_X26Y58  u_zynq_soc/axi_interconnect_0/s00_couplers/auto_pc/inst/gen_axi4_axi3.axi3_conv_inst/USE_WRITE.write_addr_inst/USE_BURSTS.cmd_queue/inst/fifo_gen_inst/inst_fifo_gen/gconvfifo.rf/grf.rf/gntv_or_sync_fifo.mem/gdm.dm_gen.dm/RAM_reg_0_31_0_5/RAMB/CLK
High Pulse Width  Slow    RAMD32/CLK          n/a            1.130         10.000      8.870      SLICE_X26Y50  u_zynq_soc/axi_interconnect_0/s00_couplers/auto_pc/inst/gen_axi4_axi3.axi3_conv_inst/USE_READ.USE_SPLIT_R.read_addr_inst/USE_R_CHANNEL.cmd_queue/inst/fifo_gen_inst/inst_fifo_gen/gconvfifo.rf/grf.rf/gntv_or_sync_fifo.mem/gdm.dm_gen.dm/RAM_reg_0_31_0_0/DP/CLK
High Pulse Width  Fast    RAMD32/CLK          n/a            1.130         10.000      8.870      SLICE_X26Y50  u_zynq_soc/axi_interconnect_0/s00_couplers/auto_pc/inst/gen_axi4_axi3.axi3_conv_inst/USE_READ.USE_SPLIT_R.read_addr_inst/USE_R_CHANNEL.cmd_queue/inst/fifo_gen_inst/inst_fifo_gen/gconvfifo.rf/grf.rf/gntv_or_sync_fifo.mem/gdm.dm_gen.dm/RAM_reg_0_31_0_0/DP/CLK
High Pulse Width  Slow    RAMD32/CLK          n/a            1.130         10.000      8.870      SLICE_X26Y50  u_zynq_soc/axi_interconnect_0/s00_couplers/auto_pc/inst/gen_axi4_axi3.axi3_conv_inst/USE_READ.USE_SPLIT_R.read_addr_inst/USE_R_CHANNEL.cmd_queue/inst/fifo_gen_inst/inst_fifo_gen/gconvfifo.rf/grf.rf/gntv_or_sync_fifo.mem/gdm.dm_gen.dm/RAM_reg_0_31_0_0/SP/CLK
High Pulse Width  Fast    RAMD32/CLK          n/a            1.130         10.000      8.870      SLICE_X26Y50  u_zynq_soc/axi_interconnect_0/s00_couplers/auto_pc/inst/gen_axi4_axi3.axi3_conv_inst/USE_READ.USE_SPLIT_R.read_addr_inst/USE_R_CHANNEL.cmd_queue/inst/fifo_gen_inst/inst_fifo_gen/gconvfifo.rf/grf.rf/gntv_or_sync_fifo.mem/gdm.dm_gen.dm/RAM_reg_0_31_0_0/SP/CLK
High Pulse Width  Slow    RAMD32/CLK          n/a            1.130         10.000      8.870      SLICE_X26Y58  u_zynq_soc/axi_interconnect_0/s00_couplers/auto_pc/inst/gen_axi4_axi3.axi3_conv_inst/USE_WRITE.write_addr_inst/USE_BURSTS.cmd_queue/inst/fifo_gen_inst/inst_fifo_gen/gconvfifo.rf/grf.rf/gntv_or_sync_fifo.mem/gdm.dm_gen.dm/RAM_reg_0_31_0_5/RAMA/CLK
High Pulse Width  Fast    RAMD32/CLK          n/a            1.130         10.000      8.870      SLICE_X26Y58  u_zynq_soc/axi_interconnect_0/s00_couplers/auto_pc/inst/gen_axi4_axi3.axi3_conv_inst/USE_WRITE.write_addr_inst/USE_BURSTS.cmd_queue/inst/fifo_gen_inst/inst_fifo_gen/gconvfifo.rf/grf.rf/gntv_or_sync_fifo.mem/gdm.dm_gen.dm/RAM_reg_0_31_0_5/RAMA/CLK
High Pulse Width  Slow    RAMD32/CLK          n/a            1.130         10.000      8.870      SLICE_X26Y58  u_zynq_soc/axi_interconnect_0/s00_couplers/auto_pc/inst/gen_axi4_axi3.axi3_conv_inst/USE_WRITE.write_addr_inst/USE_BURSTS.cmd_queue/inst/fifo_gen_inst/inst_fifo_gen/gconvfifo.rf/grf.rf/gntv_or_sync_fifo.mem/gdm.dm_gen.dm/RAM_reg_0_31_0_5/RAMA_D1/CLK
High Pulse Width  Fast    RAMD32/CLK          n/a            1.130         10.000      8.870      SLICE_X26Y58  u_zynq_soc/axi_interconnect_0/s00_couplers/auto_pc/inst/gen_axi4_axi3.axi3_conv_inst/USE_WRITE.write_addr_inst/USE_BURSTS.cmd_queue/inst/fifo_gen_inst/inst_fifo_gen/gconvfifo.rf/grf.rf/gntv_or_sync_fifo.mem/gdm.dm_gen.dm/RAM_reg_0_31_0_5/RAMA_D1/CLK
High Pulse Width  Slow    RAMD32/CLK          n/a            1.130         10.000      8.870      SLICE_X26Y58  u_zynq_soc/axi_interconnect_0/s00_couplers/auto_pc/inst/gen_axi4_axi3.axi3_conv_inst/USE_WRITE.write_addr_inst/USE_BURSTS.cmd_queue/inst/fifo_gen_inst/inst_fifo_gen/gconvfifo.rf/grf.rf/gntv_or_sync_fifo.mem/gdm.dm_gen.dm/RAM_reg_0_31_0_5/RAMB/CLK
High Pulse Width  Fast    RAMD32/CLK          n/a            1.130         10.000      8.870      SLICE_X26Y58  u_zynq_soc/axi_interconnect_0/s00_couplers/auto_pc/inst/gen_axi4_axi3.axi3_conv_inst/USE_WRITE.write_addr_inst/USE_BURSTS.cmd_queue/inst/fifo_gen_inst/inst_fifo_gen/gconvfifo.rf/grf.rf/gntv_or_sync_fifo.mem/gdm.dm_gen.dm/RAM_reg_0_31_0_5/RAMB/CLK



---------------------------------------------------------------------------------------------------
Path Group:  **async_default**
From Clock:  clk_fpga_0
  To Clock:  clk_fpga_0

Setup :            0  Failing Endpoints,  Worst Slack        8.197ns,  Total Violation        0.000ns
Hold  :            0  Failing Endpoints,  Worst Slack        0.607ns,  Total Violation        0.000ns
---------------------------------------------------------------------------------------------------


Max Delay Paths
--------------------------------------------------------------------------------------
Slack (MET) :             8.197ns  (required time - arrival time)
  Source:                 u_zynq_soc/proc_sys_reset_0/U0/ACTIVE_LOW_PR_OUT_DFF[0].FDRE_PER_N/C
                            (rising edge-triggered cell FDRE clocked by clk_fpga_0  {rise@0.000ns fall@10.000ns period=20.000ns})
  Destination:            u_cpu/RegFile_single/reg_array_reg[18][20]/CLR
                            (recovery check against rising-edge clock clk_fpga_0  {rise@0.000ns fall@10.000ns period=20.000ns})
  Path Group:             **async_default**
  Path Type:              Recovery (Max at Slow Process Corner)
  Requirement:            20.000ns  (clk_fpga_0 rise@20.000ns - clk_fpga_0 rise@0.000ns)
  Data Path Delay:        10.807ns  (logic 0.487ns (4.506%)  route 10.320ns (95.494%))
  Logic Levels:           1  (LUT1=1)
  Clock Path Skew:        -0.193ns (DCD - SCD + CPR)
    Destination Clock Delay (DCD):    2.208ns = ( 22.208 - 20.000 ) 
    Source Clock Delay      (SCD):    2.509ns
    Clock Pessimism Removal (CPR):    0.109ns
  Clock Uncertainty:      0.302ns  ((TSJ^2 + TIJ^2)^1/2 + DJ) / 2 + PE
    Total System Jitter     (TSJ):    0.071ns
    Total Input Jitter      (TIJ):    0.600ns
    Discrete Jitter          (DJ):    0.000ns
    Phase Error              (PE):    0.000ns

    Location             Delay type                Incr(ns)  Path(ns)    Netlist Resource(s)
  -------------------------------------------------------------------    -------------------
                         (clock clk_fpga_0 rise edge)
                                                      0.000     0.000 r  
    PS7_X0Y0             PS7                          0.000     0.000 r  u_zynq_soc/processing_system7_0/inst/PS7_i/FCLKCLK[0]
                         net (fo=1, routed)           0.994     0.994    u_zynq_soc/processing_system7_0/inst/FCLK_CLK_unbuffered[0]
    BUFGCTRL_X0Y16       BUFG (Prop_bufg_I_O)         0.085     1.079 r  u_zynq_soc/processing_system7_0/inst/buffer_fclk_clk_0.FCLK_CLK_0_BUFG/O
                         net (fo=5353, routed)        1.430     2.509    u_zynq_soc/proc_sys_reset_0/U0/slowest_sync_clk
    SLICE_X29Y57         FDRE                                         r  u_zynq_soc/proc_sys_reset_0/U0/ACTIVE_LOW_PR_OUT_DFF[0].FDRE_PER_N/C
  -------------------------------------------------------------------    -------------------
    SLICE_X29Y57         FDRE (Prop_fdre_C_Q)         0.379     2.888 r  u_zynq_soc/proc_sys_reset_0/U0/ACTIVE_LOW_PR_OUT_DFF[0].FDRE_PER_N/Q
                         net (fo=7, routed)           0.710     3.598    u_cpu/u_D_Cache/peripheral_aresetn_0[0]
    SLICE_X27Y52         LUT1 (Prop_lut1_I0_O)        0.108     3.706 f  u_cpu/u_D_Cache/Q[0]_i_3/O
                         net (fo=5003, routed)        9.610    13.316    u_cpu/RegFile_single/reg_array_reg[2][31]_0
    SLICE_X51Y50         FDCE                                         f  u_cpu/RegFile_single/reg_array_reg[18][20]/CLR
  -------------------------------------------------------------------    -------------------

                         (clock clk_fpga_0 rise edge)
                                                     20.000    20.000 r  
    PS7_X0Y0             PS7                          0.000    20.000 r  u_zynq_soc/processing_system7_0/inst/PS7_i/FCLKCLK[0]
                         net (fo=1, routed)           0.905    20.906    u_zynq_soc/processing_system7_0/inst/FCLK_CLK_unbuffered[0]
    BUFGCTRL_X0Y16       BUFG (Prop_bufg_I_O)         0.077    20.983 r  u_zynq_soc/processing_system7_0/inst/buffer_fclk_clk_0.FCLK_CLK_0_BUFG/O
                         net (fo=5353, routed)        1.225    22.208    u_cpu/RegFile_single/FCLK_CLK0_0
    SLICE_X51Y50         FDCE                                         r  u_cpu/RegFile_single/reg_array_reg[18][20]/C
                         clock pessimism              0.109    22.316    
                         clock uncertainty           -0.302    22.014    
    SLICE_X51Y50         FDCE (Recov_fdce_C_CLR)     -0.501    21.513    u_cpu/RegFile_single/reg_array_reg[18][20]
  -------------------------------------------------------------------
                         required time                         21.513    
                         arrival time                         -13.316    
  -------------------------------------------------------------------
                         slack                                  8.197    

Slack (MET) :             8.197ns  (required time - arrival time)
  Source:                 u_zynq_soc/proc_sys_reset_0/U0/ACTIVE_LOW_PR_OUT_DFF[0].FDRE_PER_N/C
                            (rising edge-triggered cell FDRE clocked by clk_fpga_0  {rise@0.000ns fall@10.000ns period=20.000ns})
  Destination:            u_cpu/RegFile_single/reg_array_reg[18][24]/CLR
                            (recovery check against rising-edge clock clk_fpga_0  {rise@0.000ns fall@10.000ns period=20.000ns})
  Path Group:             **async_default**
  Path Type:              Recovery (Max at Slow Process Corner)
  Requirement:            20.000ns  (clk_fpga_0 rise@20.000ns - clk_fpga_0 rise@0.000ns)
  Data Path Delay:        10.807ns  (logic 0.487ns (4.506%)  route 10.320ns (95.494%))
  Logic Levels:           1  (LUT1=1)
  Clock Path Skew:        -0.193ns (DCD - SCD + CPR)
    Destination Clock Delay (DCD):    2.208ns = ( 22.208 - 20.000 ) 
    Source Clock Delay      (SCD):    2.509ns
    Clock Pessimism Removal (CPR):    0.109ns
  Clock Uncertainty:      0.302ns  ((TSJ^2 + TIJ^2)^1/2 + DJ) / 2 + PE
    Total System Jitter     (TSJ):    0.071ns
    Total Input Jitter      (TIJ):    0.600ns
    Discrete Jitter          (DJ):    0.000ns
    Phase Error              (PE):    0.000ns

    Location             Delay type                Incr(ns)  Path(ns)    Netlist Resource(s)
  -------------------------------------------------------------------    -------------------
                         (clock clk_fpga_0 rise edge)
                                                      0.000     0.000 r  
    PS7_X0Y0             PS7                          0.000     0.000 r  u_zynq_soc/processing_system7_0/inst/PS7_i/FCLKCLK[0]
                         net (fo=1, routed)           0.994     0.994    u_zynq_soc/processing_system7_0/inst/FCLK_CLK_unbuffered[0]
    BUFGCTRL_X0Y16       BUFG (Prop_bufg_I_O)         0.085     1.079 r  u_zynq_soc/processing_system7_0/inst/buffer_fclk_clk_0.FCLK_CLK_0_BUFG/O
                         net (fo=5353, routed)        1.430     2.509    u_zynq_soc/proc_sys_reset_0/U0/slowest_sync_clk
    SLICE_X29Y57         FDRE                                         r  u_zynq_soc/proc_sys_reset_0/U0/ACTIVE_LOW_PR_OUT_DFF[0].FDRE_PER_N/C
  -------------------------------------------------------------------    -------------------
    SLICE_X29Y57         FDRE (Prop_fdre_C_Q)         0.379     2.888 r  u_zynq_soc/proc_sys_reset_0/U0/ACTIVE_LOW_PR_OUT_DFF[0].FDRE_PER_N/Q
                         net (fo=7, routed)           0.710     3.598    u_cpu/u_D_Cache/peripheral_aresetn_0[0]
    SLICE_X27Y52         LUT1 (Prop_lut1_I0_O)        0.108     3.706 f  u_cpu/u_D_Cache/Q[0]_i_3/O
                         net (fo=5003, routed)        9.610    13.316    u_cpu/RegFile_single/reg_array_reg[2][31]_0
    SLICE_X51Y50         FDCE                                         f  u_cpu/RegFile_single/reg_array_reg[18][24]/CLR
  -------------------------------------------------------------------    -------------------

                         (clock clk_fpga_0 rise edge)
                                                     20.000    20.000 r  
    PS7_X0Y0             PS7                          0.000    20.000 r  u_zynq_soc/processing_system7_0/inst/PS7_i/FCLKCLK[0]
                         net (fo=1, routed)           0.905    20.906    u_zynq_soc/processing_system7_0/inst/FCLK_CLK_unbuffered[0]
    BUFGCTRL_X0Y16       BUFG (Prop_bufg_I_O)         0.077    20.983 r  u_zynq_soc/processing_system7_0/inst/buffer_fclk_clk_0.FCLK_CLK_0_BUFG/O
                         net (fo=5353, routed)        1.225    22.208    u_cpu/RegFile_single/FCLK_CLK0_0
    SLICE_X51Y50         FDCE                                         r  u_cpu/RegFile_single/reg_array_reg[18][24]/C
                         clock pessimism              0.109    22.316    
                         clock uncertainty           -0.302    22.014    
    SLICE_X51Y50         FDCE (Recov_fdce_C_CLR)     -0.501    21.513    u_cpu/RegFile_single/reg_array_reg[18][24]
  -------------------------------------------------------------------
                         required time                         21.513    
                         arrival time                         -13.316    
  -------------------------------------------------------------------
                         slack                                  8.197    

Slack (MET) :             8.202ns  (required time - arrival time)
  Source:                 u_zynq_soc/proc_sys_reset_0/U0/ACTIVE_LOW_PR_OUT_DFF[0].FDRE_PER_N/C
                            (rising edge-triggered cell FDRE clocked by clk_fpga_0  {rise@0.000ns fall@10.000ns period=20.000ns})
  Destination:            u_cpu/RegFile_single/reg_array_reg[28][22]/CLR
                            (recovery check against rising-edge clock clk_fpga_0  {rise@0.000ns fall@10.000ns period=20.000ns})
  Path Group:             **async_default**
  Path Type:              Recovery (Max at Slow Process Corner)
  Requirement:            20.000ns  (clk_fpga_0 rise@20.000ns - clk_fpga_0 rise@0.000ns)
  Data Path Delay:        10.802ns  (logic 0.487ns (4.508%)  route 10.315ns (95.492%))
  Logic Levels:           1  (LUT1=1)
  Clock Path Skew:        -0.193ns (DCD - SCD + CPR)
    Destination Clock Delay (DCD):    2.208ns = ( 22.208 - 20.000 ) 
    Source Clock Delay      (SCD):    2.509ns
    Clock Pessimism Removal (CPR):    0.109ns
  Clock Uncertainty:      0.302ns  ((TSJ^2 + TIJ^2)^1/2 + DJ) / 2 + PE
    Total System Jitter     (TSJ):    0.071ns
    Total Input Jitter      (TIJ):    0.600ns
    Discrete Jitter          (DJ):    0.000ns
    Phase Error              (PE):    0.000ns

    Location             Delay type                Incr(ns)  Path(ns)    Netlist Resource(s)
  -------------------------------------------------------------------    -------------------
                         (clock clk_fpga_0 rise edge)
                                                      0.000     0.000 r  
    PS7_X0Y0             PS7                          0.000     0.000 r  u_zynq_soc/processing_system7_0/inst/PS7_i/FCLKCLK[0]
                         net (fo=1, routed)           0.994     0.994    u_zynq_soc/processing_system7_0/inst/FCLK_CLK_unbuffered[0]
    BUFGCTRL_X0Y16       BUFG (Prop_bufg_I_O)         0.085     1.079 r  u_zynq_soc/processing_system7_0/inst/buffer_fclk_clk_0.FCLK_CLK_0_BUFG/O
                         net (fo=5353, routed)        1.430     2.509    u_zynq_soc/proc_sys_reset_0/U0/slowest_sync_clk
    SLICE_X29Y57         FDRE                                         r  u_zynq_soc/proc_sys_reset_0/U0/ACTIVE_LOW_PR_OUT_DFF[0].FDRE_PER_N/C
  -------------------------------------------------------------------    -------------------
    SLICE_X29Y57         FDRE (Prop_fdre_C_Q)         0.379     2.888 r  u_zynq_soc/proc_sys_reset_0/U0/ACTIVE_LOW_PR_OUT_DFF[0].FDRE_PER_N/Q
                         net (fo=7, routed)           0.710     3.598    u_cpu/u_D_Cache/peripheral_aresetn_0[0]
    SLICE_X27Y52         LUT1 (Prop_lut1_I0_O)        0.108     3.706 f  u_cpu/u_D_Cache/Q[0]_i_3/O
                         net (fo=5003, routed)        9.605    13.311    u_cpu/RegFile_single/reg_array_reg[2][31]_0
    SLICE_X51Y52         FDCE                                         f  u_cpu/RegFile_single/reg_array_reg[28][22]/CLR
  -------------------------------------------------------------------    -------------------

                         (clock clk_fpga_0 rise edge)
                                                     20.000    20.000 r  
    PS7_X0Y0             PS7                          0.000    20.000 r  u_zynq_soc/processing_system7_0/inst/PS7_i/FCLKCLK[0]
                         net (fo=1, routed)           0.905    20.906    u_zynq_soc/processing_system7_0/inst/FCLK_CLK_unbuffered[0]
    BUFGCTRL_X0Y16       BUFG (Prop_bufg_I_O)         0.077    20.983 r  u_zynq_soc/processing_system7_0/inst/buffer_fclk_clk_0.FCLK_CLK_0_BUFG/O
                         net (fo=5353, routed)        1.225    22.208    u_cpu/RegFile_single/FCLK_CLK0_0
    SLICE_X51Y52         FDCE                                         r  u_cpu/RegFile_single/reg_array_reg[28][22]/C
                         clock pessimism              0.109    22.316    
                         clock uncertainty           -0.302    22.014    
    SLICE_X51Y52         FDCE (Recov_fdce_C_CLR)     -0.501    21.513    u_cpu/RegFile_single/reg_array_reg[28][22]
  -------------------------------------------------------------------
                         required time                         21.513    
                         arrival time                         -13.311    
  -------------------------------------------------------------------
                         slack                                  8.202    

Slack (MET) :             8.270ns  (required time - arrival time)
  Source:                 u_zynq_soc/proc_sys_reset_0/U0/ACTIVE_LOW_PR_OUT_DFF[0].FDRE_PER_N/C
                            (rising edge-triggered cell FDRE clocked by clk_fpga_0  {rise@0.000ns fall@10.000ns period=20.000ns})
  Destination:            u_cpu/RegFile_single/reg_array_reg[24][22]/CLR
                            (recovery check against rising-edge clock clk_fpga_0  {rise@0.000ns fall@10.000ns period=20.000ns})
  Path Group:             **async_default**
  Path Type:              Recovery (Max at Slow Process Corner)
  Requirement:            20.000ns  (clk_fpga_0 rise@20.000ns - clk_fpga_0 rise@0.000ns)
  Data Path Delay:        10.807ns  (logic 0.487ns (4.506%)  route 10.320ns (95.494%))
  Logic Levels:           1  (LUT1=1)
  Clock Path Skew:        -0.193ns (DCD - SCD + CPR)
    Destination Clock Delay (DCD):    2.208ns = ( 22.208 - 20.000 ) 
    Source Clock Delay      (SCD):    2.509ns
    Clock Pessimism Removal (CPR):    0.109ns
  Clock Uncertainty:      0.302ns  ((TSJ^2 + TIJ^2)^1/2 + DJ) / 2 + PE
    Total System Jitter     (TSJ):    0.071ns
    Total Input Jitter      (TIJ):    0.600ns
    Discrete Jitter          (DJ):    0.000ns
    Phase Error              (PE):    0.000ns

    Location             Delay type                Incr(ns)  Path(ns)    Netlist Resource(s)
  -------------------------------------------------------------------    -------------------
                         (clock clk_fpga_0 rise edge)
                                                      0.000     0.000 r  
    PS7_X0Y0             PS7                          0.000     0.000 r  u_zynq_soc/processing_system7_0/inst/PS7_i/FCLKCLK[0]
                         net (fo=1, routed)           0.994     0.994    u_zynq_soc/processing_system7_0/inst/FCLK_CLK_unbuffered[0]
    BUFGCTRL_X0Y16       BUFG (Prop_bufg_I_O)         0.085     1.079 r  u_zynq_soc/processing_system7_0/inst/buffer_fclk_clk_0.FCLK_CLK_0_BUFG/O
                         net (fo=5353, routed)        1.430     2.509    u_zynq_soc/proc_sys_reset_0/U0/slowest_sync_clk
    SLICE_X29Y57         FDRE                                         r  u_zynq_soc/proc_sys_reset_0/U0/ACTIVE_LOW_PR_OUT_DFF[0].FDRE_PER_N/C
  -------------------------------------------------------------------    -------------------
    SLICE_X29Y57         FDRE (Prop_fdre_C_Q)         0.379     2.888 r  u_zynq_soc/proc_sys_reset_0/U0/ACTIVE_LOW_PR_OUT_DFF[0].FDRE_PER_N/Q
                         net (fo=7, routed)           0.710     3.598    u_cpu/u_D_Cache/peripheral_aresetn_0[0]
    SLICE_X27Y52         LUT1 (Prop_lut1_I0_O)        0.108     3.706 f  u_cpu/u_D_Cache/Q[0]_i_3/O
                         net (fo=5003, routed)        9.610    13.316    u_cpu/RegFile_single/reg_array_reg[2][31]_0
    SLICE_X50Y50         FDCE                                         f  u_cpu/RegFile_single/reg_array_reg[24][22]/CLR
  -------------------------------------------------------------------    -------------------

                         (clock clk_fpga_0 rise edge)
                                                     20.000    20.000 r  
    PS7_X0Y0             PS7                          0.000    20.000 r  u_zynq_soc/processing_system7_0/inst/PS7_i/FCLKCLK[0]
                         net (fo=1, routed)           0.905    20.906    u_zynq_soc/processing_system7_0/inst/FCLK_CLK_unbuffered[0]
    BUFGCTRL_X0Y16       BUFG (Prop_bufg_I_O)         0.077    20.983 r  u_zynq_soc/processing_system7_0/inst/buffer_fclk_clk_0.FCLK_CLK_0_BUFG/O
                         net (fo=5353, routed)        1.225    22.208    u_cpu/RegFile_single/FCLK_CLK0_0
    SLICE_X50Y50         FDCE                                         r  u_cpu/RegFile_single/reg_array_reg[24][22]/C
                         clock pessimism              0.109    22.316    
                         clock uncertainty           -0.302    22.014    
    SLICE_X50Y50         FDCE (Recov_fdce_C_CLR)     -0.428    21.586    u_cpu/RegFile_single/reg_array_reg[24][22]
  -------------------------------------------------------------------
                         required time                         21.586    
                         arrival time                         -13.316    
  -------------------------------------------------------------------
                         slack                                  8.270    

Slack (MET) :             8.270ns  (required time - arrival time)
  Source:                 u_zynq_soc/proc_sys_reset_0/U0/ACTIVE_LOW_PR_OUT_DFF[0].FDRE_PER_N/C
                            (rising edge-triggered cell FDRE clocked by clk_fpga_0  {rise@0.000ns fall@10.000ns period=20.000ns})
  Destination:            u_cpu/RegFile_single/reg_array_reg[24][24]/CLR
                            (recovery check against rising-edge clock clk_fpga_0  {rise@0.000ns fall@10.000ns period=20.000ns})
  Path Group:             **async_default**
  Path Type:              Recovery (Max at Slow Process Corner)
  Requirement:            20.000ns  (clk_fpga_0 rise@20.000ns - clk_fpga_0 rise@0.000ns)
  Data Path Delay:        10.807ns  (logic 0.487ns (4.506%)  route 10.320ns (95.494%))
  Logic Levels:           1  (LUT1=1)
  Clock Path Skew:        -0.193ns (DCD - SCD + CPR)
    Destination Clock Delay (DCD):    2.208ns = ( 22.208 - 20.000 ) 
    Source Clock Delay      (SCD):    2.509ns
    Clock Pessimism Removal (CPR):    0.109ns
  Clock Uncertainty:      0.302ns  ((TSJ^2 + TIJ^2)^1/2 + DJ) / 2 + PE
    Total System Jitter     (TSJ):    0.071ns
    Total Input Jitter      (TIJ):    0.600ns
    Discrete Jitter          (DJ):    0.000ns
    Phase Error              (PE):    0.000ns

    Location             Delay type                Incr(ns)  Path(ns)    Netlist Resource(s)
  -------------------------------------------------------------------    -------------------
                         (clock clk_fpga_0 rise edge)
                                                      0.000     0.000 r  
    PS7_X0Y0             PS7                          0.000     0.000 r  u_zynq_soc/processing_system7_0/inst/PS7_i/FCLKCLK[0]
                         net (fo=1, routed)           0.994     0.994    u_zynq_soc/processing_system7_0/inst/FCLK_CLK_unbuffered[0]
    BUFGCTRL_X0Y16       BUFG (Prop_bufg_I_O)         0.085     1.079 r  u_zynq_soc/processing_system7_0/inst/buffer_fclk_clk_0.FCLK_CLK_0_BUFG/O
                         net (fo=5353, routed)        1.430     2.509    u_zynq_soc/proc_sys_reset_0/U0/slowest_sync_clk
    SLICE_X29Y57         FDRE                                         r  u_zynq_soc/proc_sys_reset_0/U0/ACTIVE_LOW_PR_OUT_DFF[0].FDRE_PER_N/C
  -------------------------------------------------------------------    -------------------
    SLICE_X29Y57         FDRE (Prop_fdre_C_Q)         0.379     2.888 r  u_zynq_soc/proc_sys_reset_0/U0/ACTIVE_LOW_PR_OUT_DFF[0].FDRE_PER_N/Q
                         net (fo=7, routed)           0.710     3.598    u_cpu/u_D_Cache/peripheral_aresetn_0[0]
    SLICE_X27Y52         LUT1 (Prop_lut1_I0_O)        0.108     3.706 f  u_cpu/u_D_Cache/Q[0]_i_3/O
                         net (fo=5003, routed)        9.610    13.316    u_cpu/RegFile_single/reg_array_reg[2][31]_0
    SLICE_X50Y50         FDCE                                         f  u_cpu/RegFile_single/reg_array_reg[24][24]/CLR
  -------------------------------------------------------------------    -------------------

                         (clock clk_fpga_0 rise edge)
                                                     20.000    20.000 r  
    PS7_X0Y0             PS7                          0.000    20.000 r  u_zynq_soc/processing_system7_0/inst/PS7_i/FCLKCLK[0]
                         net (fo=1, routed)           0.905    20.906    u_zynq_soc/processing_system7_0/inst/FCLK_CLK_unbuffered[0]
    BUFGCTRL_X0Y16       BUFG (Prop_bufg_I_O)         0.077    20.983 r  u_zynq_soc/processing_system7_0/inst/buffer_fclk_clk_0.FCLK_CLK_0_BUFG/O
                         net (fo=5353, routed)        1.225    22.208    u_cpu/RegFile_single/FCLK_CLK0_0
    SLICE_X50Y50         FDCE                                         r  u_cpu/RegFile_single/reg_array_reg[24][24]/C
                         clock pessimism              0.109    22.316    
                         clock uncertainty           -0.302    22.014    
    SLICE_X50Y50         FDCE (Recov_fdce_C_CLR)     -0.428    21.586    u_cpu/RegFile_single/reg_array_reg[24][24]
  -------------------------------------------------------------------
                         required time                         21.586    
                         arrival time                         -13.316    
  -------------------------------------------------------------------
                         slack                                  8.270    

Slack (MET) :             8.275ns  (required time - arrival time)
  Source:                 u_zynq_soc/proc_sys_reset_0/U0/ACTIVE_LOW_PR_OUT_DFF[0].FDRE_PER_N/C
                            (rising edge-triggered cell FDRE clocked by clk_fpga_0  {rise@0.000ns fall@10.000ns period=20.000ns})
  Destination:            u_cpu/RegFile_single/reg_array_reg[28][24]/CLR
                            (recovery check against rising-edge clock clk_fpga_0  {rise@0.000ns fall@10.000ns period=20.000ns})
  Path Group:             **async_default**
  Path Type:              Recovery (Max at Slow Process Corner)
  Requirement:            20.000ns  (clk_fpga_0 rise@20.000ns - clk_fpga_0 rise@0.000ns)
  Data Path Delay:        10.802ns  (logic 0.487ns (4.508%)  route 10.315ns (95.492%))
  Logic Levels:           1  (LUT1=1)
  Clock Path Skew:        -0.193ns (DCD - SCD + CPR)
    Destination Clock Delay (DCD):    2.208ns = ( 22.208 - 20.000 ) 
    Source Clock Delay      (SCD):    2.509ns
    Clock Pessimism Removal (CPR):    0.109ns
  Clock Uncertainty:      0.302ns  ((TSJ^2 + TIJ^2)^1/2 + DJ) / 2 + PE
    Total System Jitter     (TSJ):    0.071ns
    Total Input Jitter      (TIJ):    0.600ns
    Discrete Jitter          (DJ):    0.000ns
    Phase Error              (PE):    0.000ns

    Location             Delay type                Incr(ns)  Path(ns)    Netlist Resource(s)
  -------------------------------------------------------------------    -------------------
                         (clock clk_fpga_0 rise edge)
                                                      0.000     0.000 r  
    PS7_X0Y0             PS7                          0.000     0.000 r  u_zynq_soc/processing_system7_0/inst/PS7_i/FCLKCLK[0]
                         net (fo=1, routed)           0.994     0.994    u_zynq_soc/processing_system7_0/inst/FCLK_CLK_unbuffered[0]
    BUFGCTRL_X0Y16       BUFG (Prop_bufg_I_O)         0.085     1.079 r  u_zynq_soc/processing_system7_0/inst/buffer_fclk_clk_0.FCLK_CLK_0_BUFG/O
                         net (fo=5353, routed)        1.430     2.509    u_zynq_soc/proc_sys_reset_0/U0/slowest_sync_clk
    SLICE_X29Y57         FDRE                                         r  u_zynq_soc/proc_sys_reset_0/U0/ACTIVE_LOW_PR_OUT_DFF[0].FDRE_PER_N/C
  -------------------------------------------------------------------    -------------------
    SLICE_X29Y57         FDRE (Prop_fdre_C_Q)         0.379     2.888 r  u_zynq_soc/proc_sys_reset_0/U0/ACTIVE_LOW_PR_OUT_DFF[0].FDRE_PER_N/Q
                         net (fo=7, routed)           0.710     3.598    u_cpu/u_D_Cache/peripheral_aresetn_0[0]
    SLICE_X27Y52         LUT1 (Prop_lut1_I0_O)        0.108     3.706 f  u_cpu/u_D_Cache/Q[0]_i_3/O
                         net (fo=5003, routed)        9.605    13.311    u_cpu/RegFile_single/reg_array_reg[2][31]_0
    SLICE_X50Y52         FDCE                                         f  u_cpu/RegFile_single/reg_array_reg[28][24]/CLR
  -------------------------------------------------------------------    -------------------

                         (clock clk_fpga_0 rise edge)
                                                     20.000    20.000 r  
    PS7_X0Y0             PS7                          0.000    20.000 r  u_zynq_soc/processing_system7_0/inst/PS7_i/FCLKCLK[0]
                         net (fo=1, routed)           0.905    20.906    u_zynq_soc/processing_system7_0/inst/FCLK_CLK_unbuffered[0]
    BUFGCTRL_X0Y16       BUFG (Prop_bufg_I_O)         0.077    20.983 r  u_zynq_soc/processing_system7_0/inst/buffer_fclk_clk_0.FCLK_CLK_0_BUFG/O
                         net (fo=5353, routed)        1.225    22.208    u_cpu/RegFile_single/FCLK_CLK0_0
    SLICE_X50Y52         FDCE                                         r  u_cpu/RegFile_single/reg_array_reg[28][24]/C
                         clock pessimism              0.109    22.316    
                         clock uncertainty           -0.302    22.014    
    SLICE_X50Y52         FDCE (Recov_fdce_C_CLR)     -0.428    21.586    u_cpu/RegFile_single/reg_array_reg[28][24]
  -------------------------------------------------------------------
                         required time                         21.586    
                         arrival time                         -13.311    
  -------------------------------------------------------------------
                         slack                                  8.275    

Slack (MET) :             8.354ns  (required time - arrival time)
  Source:                 u_zynq_soc/proc_sys_reset_0/U0/ACTIVE_LOW_PR_OUT_DFF[0].FDRE_PER_N/C
                            (rising edge-triggered cell FDRE clocked by clk_fpga_0  {rise@0.000ns fall@10.000ns period=20.000ns})
  Destination:            u_cpu/RegFile_single/reg_array_reg[5][12]/CLR
                            (recovery check against rising-edge clock clk_fpga_0  {rise@0.000ns fall@10.000ns period=20.000ns})
  Path Group:             **async_default**
  Path Type:              Recovery (Max at Slow Process Corner)
  Requirement:            20.000ns  (clk_fpga_0 rise@20.000ns - clk_fpga_0 rise@0.000ns)
  Data Path Delay:        10.745ns  (logic 0.487ns (4.533%)  route 10.258ns (95.467%))
  Logic Levels:           1  (LUT1=1)
  Clock Path Skew:        -0.098ns (DCD - SCD + CPR)
    Destination Clock Delay (DCD):    2.219ns = ( 22.219 - 20.000 ) 
    Source Clock Delay      (SCD):    2.509ns
    Clock Pessimism Removal (CPR):    0.192ns
  Clock Uncertainty:      0.302ns  ((TSJ^2 + TIJ^2)^1/2 + DJ) / 2 + PE
    Total System Jitter     (TSJ):    0.071ns
    Total Input Jitter      (TIJ):    0.600ns
    Discrete Jitter          (DJ):    0.000ns
    Phase Error              (PE):    0.000ns

    Location             Delay type                Incr(ns)  Path(ns)    Netlist Resource(s)
  -------------------------------------------------------------------    -------------------
                         (clock clk_fpga_0 rise edge)
                                                      0.000     0.000 r  
    PS7_X0Y0             PS7                          0.000     0.000 r  u_zynq_soc/processing_system7_0/inst/PS7_i/FCLKCLK[0]
                         net (fo=1, routed)           0.994     0.994    u_zynq_soc/processing_system7_0/inst/FCLK_CLK_unbuffered[0]
    BUFGCTRL_X0Y16       BUFG (Prop_bufg_I_O)         0.085     1.079 r  u_zynq_soc/processing_system7_0/inst/buffer_fclk_clk_0.FCLK_CLK_0_BUFG/O
                         net (fo=5353, routed)        1.430     2.509    u_zynq_soc/proc_sys_reset_0/U0/slowest_sync_clk
    SLICE_X29Y57         FDRE                                         r  u_zynq_soc/proc_sys_reset_0/U0/ACTIVE_LOW_PR_OUT_DFF[0].FDRE_PER_N/C
  -------------------------------------------------------------------    -------------------
    SLICE_X29Y57         FDRE (Prop_fdre_C_Q)         0.379     2.888 r  u_zynq_soc/proc_sys_reset_0/U0/ACTIVE_LOW_PR_OUT_DFF[0].FDRE_PER_N/Q
                         net (fo=7, routed)           0.710     3.598    u_cpu/u_D_Cache/peripheral_aresetn_0[0]
    SLICE_X27Y52         LUT1 (Prop_lut1_I0_O)        0.108     3.706 f  u_cpu/u_D_Cache/Q[0]_i_3/O
                         net (fo=5003, routed)        9.547    13.254    u_cpu/RegFile_single/reg_array_reg[2][31]_0
    SLICE_X35Y50         FDCE                                         f  u_cpu/RegFile_single/reg_array_reg[5][12]/CLR
  -------------------------------------------------------------------    -------------------

                         (clock clk_fpga_0 rise edge)
                                                     20.000    20.000 r  
    PS7_X0Y0             PS7                          0.000    20.000 r  u_zynq_soc/processing_system7_0/inst/PS7_i/FCLKCLK[0]
                         net (fo=1, routed)           0.905    20.906    u_zynq_soc/processing_system7_0/inst/FCLK_CLK_unbuffered[0]
    BUFGCTRL_X0Y16       BUFG (Prop_bufg_I_O)         0.077    20.983 r  u_zynq_soc/processing_system7_0/inst/buffer_fclk_clk_0.FCLK_CLK_0_BUFG/O
                         net (fo=5353, routed)        1.236    22.219    u_cpu/RegFile_single/FCLK_CLK0_0
    SLICE_X35Y50         FDCE                                         r  u_cpu/RegFile_single/reg_array_reg[5][12]/C
                         clock pessimism              0.192    22.411    
                         clock uncertainty           -0.302    22.109    
    SLICE_X35Y50         FDCE (Recov_fdce_C_CLR)     -0.501    21.608    u_cpu/RegFile_single/reg_array_reg[5][12]
  -------------------------------------------------------------------
                         required time                         21.608    
                         arrival time                         -13.254    
  -------------------------------------------------------------------
                         slack                                  8.354    

Slack (MET) :             8.354ns  (required time - arrival time)
  Source:                 u_zynq_soc/proc_sys_reset_0/U0/ACTIVE_LOW_PR_OUT_DFF[0].FDRE_PER_N/C
                            (rising edge-triggered cell FDRE clocked by clk_fpga_0  {rise@0.000ns fall@10.000ns period=20.000ns})
  Destination:            u_cpu/RegFile_single/reg_array_reg[5][27]/CLR
                            (recovery check against rising-edge clock clk_fpga_0  {rise@0.000ns fall@10.000ns period=20.000ns})
  Path Group:             **async_default**
  Path Type:              Recovery (Max at Slow Process Corner)
  Requirement:            20.000ns  (clk_fpga_0 rise@20.000ns - clk_fpga_0 rise@0.000ns)
  Data Path Delay:        10.745ns  (logic 0.487ns (4.533%)  route 10.258ns (95.467%))
  Logic Levels:           1  (LUT1=1)
  Clock Path Skew:        -0.098ns (DCD - SCD + CPR)
    Destination Clock Delay (DCD):    2.219ns = ( 22.219 - 20.000 ) 
    Source Clock Delay      (SCD):    2.509ns
    Clock Pessimism Removal (CPR):    0.192ns
  Clock Uncertainty:      0.302ns  ((TSJ^2 + TIJ^2)^1/2 + DJ) / 2 + PE
    Total System Jitter     (TSJ):    0.071ns
    Total Input Jitter      (TIJ):    0.600ns
    Discrete Jitter          (DJ):    0.000ns
    Phase Error              (PE):    0.000ns

    Location             Delay type                Incr(ns)  Path(ns)    Netlist Resource(s)
  -------------------------------------------------------------------    -------------------
                         (clock clk_fpga_0 rise edge)
                                                      0.000     0.000 r  
    PS7_X0Y0             PS7                          0.000     0.000 r  u_zynq_soc/processing_system7_0/inst/PS7_i/FCLKCLK[0]
                         net (fo=1, routed)           0.994     0.994    u_zynq_soc/processing_system7_0/inst/FCLK_CLK_unbuffered[0]
    BUFGCTRL_X0Y16       BUFG (Prop_bufg_I_O)         0.085     1.079 r  u_zynq_soc/processing_system7_0/inst/buffer_fclk_clk_0.FCLK_CLK_0_BUFG/O
                         net (fo=5353, routed)        1.430     2.509    u_zynq_soc/proc_sys_reset_0/U0/slowest_sync_clk
    SLICE_X29Y57         FDRE                                         r  u_zynq_soc/proc_sys_reset_0/U0/ACTIVE_LOW_PR_OUT_DFF[0].FDRE_PER_N/C
  -------------------------------------------------------------------    -------------------
    SLICE_X29Y57         FDRE (Prop_fdre_C_Q)         0.379     2.888 r  u_zynq_soc/proc_sys_reset_0/U0/ACTIVE_LOW_PR_OUT_DFF[0].FDRE_PER_N/Q
                         net (fo=7, routed)           0.710     3.598    u_cpu/u_D_Cache/peripheral_aresetn_0[0]
    SLICE_X27Y52         LUT1 (Prop_lut1_I0_O)        0.108     3.706 f  u_cpu/u_D_Cache/Q[0]_i_3/O
                         net (fo=5003, routed)        9.547    13.254    u_cpu/RegFile_single/reg_array_reg[2][31]_0
    SLICE_X35Y50         FDCE                                         f  u_cpu/RegFile_single/reg_array_reg[5][27]/CLR
  -------------------------------------------------------------------    -------------------

                         (clock clk_fpga_0 rise edge)
                                                     20.000    20.000 r  
    PS7_X0Y0             PS7                          0.000    20.000 r  u_zynq_soc/processing_system7_0/inst/PS7_i/FCLKCLK[0]
                         net (fo=1, routed)           0.905    20.906    u_zynq_soc/processing_system7_0/inst/FCLK_CLK_unbuffered[0]
    BUFGCTRL_X0Y16       BUFG (Prop_bufg_I_O)         0.077    20.983 r  u_zynq_soc/processing_system7_0/inst/buffer_fclk_clk_0.FCLK_CLK_0_BUFG/O
                         net (fo=5353, routed)        1.236    22.219    u_cpu/RegFile_single/FCLK_CLK0_0
    SLICE_X35Y50         FDCE                                         r  u_cpu/RegFile_single/reg_array_reg[5][27]/C
                         clock pessimism              0.192    22.411    
                         clock uncertainty           -0.302    22.109    
    SLICE_X35Y50         FDCE (Recov_fdce_C_CLR)     -0.501    21.608    u_cpu/RegFile_single/reg_array_reg[5][27]
  -------------------------------------------------------------------
                         required time                         21.608    
                         arrival time                         -13.254    
  -------------------------------------------------------------------
                         slack                                  8.354    

Slack (MET) :             8.427ns  (required time - arrival time)
  Source:                 u_zynq_soc/proc_sys_reset_0/U0/ACTIVE_LOW_PR_OUT_DFF[0].FDRE_PER_N/C
                            (rising edge-triggered cell FDRE clocked by clk_fpga_0  {rise@0.000ns fall@10.000ns period=20.000ns})
  Destination:            u_cpu/RegFile_single/reg_array_reg[4][12]/CLR
                            (recovery check against rising-edge clock clk_fpga_0  {rise@0.000ns fall@10.000ns period=20.000ns})
  Path Group:             **async_default**
  Path Type:              Recovery (Max at Slow Process Corner)
  Requirement:            20.000ns  (clk_fpga_0 rise@20.000ns - clk_fpga_0 rise@0.000ns)
  Data Path Delay:        10.745ns  (logic 0.487ns (4.533%)  route 10.258ns (95.467%))
  Logic Levels:           1  (LUT1=1)
  Clock Path Skew:        -0.098ns (DCD - SCD + CPR)
    Destination Clock Delay (DCD):    2.219ns = ( 22.219 - 20.000 ) 
    Source Clock Delay      (SCD):    2.509ns
    Clock Pessimism Removal (CPR):    0.192ns
  Clock Uncertainty:      0.302ns  ((TSJ^2 + TIJ^2)^1/2 + DJ) / 2 + PE
    Total System Jitter     (TSJ):    0.071ns
    Total Input Jitter      (TIJ):    0.600ns
    Discrete Jitter          (DJ):    0.000ns
    Phase Error              (PE):    0.000ns

    Location             Delay type                Incr(ns)  Path(ns)    Netlist Resource(s)
  -------------------------------------------------------------------    -------------------
                         (clock clk_fpga_0 rise edge)
                                                      0.000     0.000 r  
    PS7_X0Y0             PS7                          0.000     0.000 r  u_zynq_soc/processing_system7_0/inst/PS7_i/FCLKCLK[0]
                         net (fo=1, routed)           0.994     0.994    u_zynq_soc/processing_system7_0/inst/FCLK_CLK_unbuffered[0]
    BUFGCTRL_X0Y16       BUFG (Prop_bufg_I_O)         0.085     1.079 r  u_zynq_soc/processing_system7_0/inst/buffer_fclk_clk_0.FCLK_CLK_0_BUFG/O
                         net (fo=5353, routed)        1.430     2.509    u_zynq_soc/proc_sys_reset_0/U0/slowest_sync_clk
    SLICE_X29Y57         FDRE                                         r  u_zynq_soc/proc_sys_reset_0/U0/ACTIVE_LOW_PR_OUT_DFF[0].FDRE_PER_N/C
  -------------------------------------------------------------------    -------------------
    SLICE_X29Y57         FDRE (Prop_fdre_C_Q)         0.379     2.888 r  u_zynq_soc/proc_sys_reset_0/U0/ACTIVE_LOW_PR_OUT_DFF[0].FDRE_PER_N/Q
                         net (fo=7, routed)           0.710     3.598    u_cpu/u_D_Cache/peripheral_aresetn_0[0]
    SLICE_X27Y52         LUT1 (Prop_lut1_I0_O)        0.108     3.706 f  u_cpu/u_D_Cache/Q[0]_i_3/O
                         net (fo=5003, routed)        9.547    13.254    u_cpu/RegFile_single/reg_array_reg[2][31]_0
    SLICE_X34Y50         FDCE                                         f  u_cpu/RegFile_single/reg_array_reg[4][12]/CLR
  -------------------------------------------------------------------    -------------------

                         (clock clk_fpga_0 rise edge)
                                                     20.000    20.000 r  
    PS7_X0Y0             PS7                          0.000    20.000 r  u_zynq_soc/processing_system7_0/inst/PS7_i/FCLKCLK[0]
                         net (fo=1, routed)           0.905    20.906    u_zynq_soc/processing_system7_0/inst/FCLK_CLK_unbuffered[0]
    BUFGCTRL_X0Y16       BUFG (Prop_bufg_I_O)         0.077    20.983 r  u_zynq_soc/processing_system7_0/inst/buffer_fclk_clk_0.FCLK_CLK_0_BUFG/O
                         net (fo=5353, routed)        1.236    22.219    u_cpu/RegFile_single/FCLK_CLK0_0
    SLICE_X34Y50         FDCE                                         r  u_cpu/RegFile_single/reg_array_reg[4][12]/C
                         clock pessimism              0.192    22.411    
                         clock uncertainty           -0.302    22.109    
    SLICE_X34Y50         FDCE (Recov_fdce_C_CLR)     -0.428    21.681    u_cpu/RegFile_single/reg_array_reg[4][12]
  -------------------------------------------------------------------
                         required time                         21.681    
                         arrival time                         -13.254    
  -------------------------------------------------------------------
                         slack                                  8.427    

Slack (MET) :             8.427ns  (required time - arrival time)
  Source:                 u_zynq_soc/proc_sys_reset_0/U0/ACTIVE_LOW_PR_OUT_DFF[0].FDRE_PER_N/C
                            (rising edge-triggered cell FDRE clocked by clk_fpga_0  {rise@0.000ns fall@10.000ns period=20.000ns})
  Destination:            u_cpu/RegFile_single/reg_array_reg[4][27]/CLR
                            (recovery check against rising-edge clock clk_fpga_0  {rise@0.000ns fall@10.000ns period=20.000ns})
  Path Group:             **async_default**
  Path Type:              Recovery (Max at Slow Process Corner)
  Requirement:            20.000ns  (clk_fpga_0 rise@20.000ns - clk_fpga_0 rise@0.000ns)
  Data Path Delay:        10.745ns  (logic 0.487ns (4.533%)  route 10.258ns (95.467%))
  Logic Levels:           1  (LUT1=1)
  Clock Path Skew:        -0.098ns (DCD - SCD + CPR)
    Destination Clock Delay (DCD):    2.219ns = ( 22.219 - 20.000 ) 
    Source Clock Delay      (SCD):    2.509ns
    Clock Pessimism Removal (CPR):    0.192ns
  Clock Uncertainty:      0.302ns  ((TSJ^2 + TIJ^2)^1/2 + DJ) / 2 + PE
    Total System Jitter     (TSJ):    0.071ns
    Total Input Jitter      (TIJ):    0.600ns
    Discrete Jitter          (DJ):    0.000ns
    Phase Error              (PE):    0.000ns

    Location             Delay type                Incr(ns)  Path(ns)    Netlist Resource(s)
  -------------------------------------------------------------------    -------------------
                         (clock clk_fpga_0 rise edge)
                                                      0.000     0.000 r  
    PS7_X0Y0             PS7                          0.000     0.000 r  u_zynq_soc/processing_system7_0/inst/PS7_i/FCLKCLK[0]
                         net (fo=1, routed)           0.994     0.994    u_zynq_soc/processing_system7_0/inst/FCLK_CLK_unbuffered[0]
    BUFGCTRL_X0Y16       BUFG (Prop_bufg_I_O)         0.085     1.079 r  u_zynq_soc/processing_system7_0/inst/buffer_fclk_clk_0.FCLK_CLK_0_BUFG/O
                         net (fo=5353, routed)        1.430     2.509    u_zynq_soc/proc_sys_reset_0/U0/slowest_sync_clk
    SLICE_X29Y57         FDRE                                         r  u_zynq_soc/proc_sys_reset_0/U0/ACTIVE_LOW_PR_OUT_DFF[0].FDRE_PER_N/C
  -------------------------------------------------------------------    -------------------
    SLICE_X29Y57         FDRE (Prop_fdre_C_Q)         0.379     2.888 r  u_zynq_soc/proc_sys_reset_0/U0/ACTIVE_LOW_PR_OUT_DFF[0].FDRE_PER_N/Q
                         net (fo=7, routed)           0.710     3.598    u_cpu/u_D_Cache/peripheral_aresetn_0[0]
    SLICE_X27Y52         LUT1 (Prop_lut1_I0_O)        0.108     3.706 f  u_cpu/u_D_Cache/Q[0]_i_3/O
                         net (fo=5003, routed)        9.547    13.254    u_cpu/RegFile_single/reg_array_reg[2][31]_0
    SLICE_X34Y50         FDCE                                         f  u_cpu/RegFile_single/reg_array_reg[4][27]/CLR
  -------------------------------------------------------------------    -------------------

                         (clock clk_fpga_0 rise edge)
                                                     20.000    20.000 r  
    PS7_X0Y0             PS7                          0.000    20.000 r  u_zynq_soc/processing_system7_0/inst/PS7_i/FCLKCLK[0]
                         net (fo=1, routed)           0.905    20.906    u_zynq_soc/processing_system7_0/inst/FCLK_CLK_unbuffered[0]
    BUFGCTRL_X0Y16       BUFG (Prop_bufg_I_O)         0.077    20.983 r  u_zynq_soc/processing_system7_0/inst/buffer_fclk_clk_0.FCLK_CLK_0_BUFG/O
                         net (fo=5353, routed)        1.236    22.219    u_cpu/RegFile_single/FCLK_CLK0_0
    SLICE_X34Y50         FDCE                                         r  u_cpu/RegFile_single/reg_array_reg[4][27]/C
                         clock pessimism              0.192    22.411    
                         clock uncertainty           -0.302    22.109    
    SLICE_X34Y50         FDCE (Recov_fdce_C_CLR)     -0.428    21.681    u_cpu/RegFile_single/reg_array_reg[4][27]
  -------------------------------------------------------------------
                         required time                         21.681    
                         arrival time                         -13.254    
  -------------------------------------------------------------------
                         slack                                  8.427    





Min Delay Paths
--------------------------------------------------------------------------------------
Slack (MET) :             0.607ns  (arrival time - required time)
  Source:                 u_zynq_soc/axi_interconnect_0/s00_couplers/auto_pc/inst/gen_axi4_axi3.axi3_conv_inst/USE_WRITE.write_addr_inst/USE_B_CHANNEL.cmd_b_queue/inst/fifo_gen_inst/inst_fifo_gen/gconvfifo.rf/grf.rf/rstblk/ngwrdrst.grst.g7serrst.gnsckt_wrst.gcc_rst.sckt_wr_rst_cc_reg[0]/C
                            (rising edge-triggered cell FDRE clocked by clk_fpga_0  {rise@0.000ns fall@10.000ns period=20.000ns})
  Destination:            u_zynq_soc/axi_interconnect_0/s00_couplers/auto_pc/inst/gen_axi4_axi3.axi3_conv_inst/USE_WRITE.write_addr_inst/USE_B_CHANNEL.cmd_b_queue/inst/fifo_gen_inst/inst_fifo_gen/gconvfifo.rf/grf.rf/gntv_or_sync_fifo.gl0.rd/gr1.gr1_int.rfwft/gpregsm1.curr_fwft_state_reg[0]/CLR
                            (removal check against rising-edge clock clk_fpga_0  {rise@0.000ns fall@10.000ns period=20.000ns})
  Path Group:             **async_default**
  Path Type:              Removal (Min at Fast Process Corner)
  Requirement:            0.000ns  (clk_fpga_0 rise@0.000ns - clk_fpga_0 rise@0.000ns)
  Data Path Delay:        0.556ns  (logic 0.186ns (33.471%)  route 0.370ns (66.529%))
  Logic Levels:           1  (LUT3=1)
  Clock Path Skew:        0.016ns (DCD - SCD - CPR)
    Destination Clock Delay (DCD):    1.191ns
    Source Clock Delay      (SCD):    0.894ns
    Clock Pessimism Removal (CPR):    0.281ns

    Location             Delay type                Incr(ns)  Path(ns)    Netlist Resource(s)
  -------------------------------------------------------------------    -------------------
                         (clock clk_fpga_0 rise edge)
                                                      0.000     0.000 r  
    PS7_X0Y0             PS7                          0.000     0.000 r  u_zynq_soc/processing_system7_0/inst/PS7_i/FCLKCLK[0]
                         net (fo=1, routed)           0.310     0.310    u_zynq_soc/processing_system7_0/inst/FCLK_CLK_unbuffered[0]
    BUFGCTRL_X0Y16       BUFG (Prop_bufg_I_O)         0.026     0.336 r  u_zynq_soc/processing_system7_0/inst/buffer_fclk_clk_0.FCLK_CLK_0_BUFG/O
                         net (fo=5353, routed)        0.558     0.894    u_zynq_soc/axi_interconnect_0/s00_couplers/auto_pc/inst/gen_axi4_axi3.axi3_conv_inst/USE_WRITE.write_addr_inst/USE_B_CHANNEL.cmd_b_queue/inst/fifo_gen_inst/inst_fifo_gen/gconvfifo.rf/grf.rf/rstblk/clk
    SLICE_X33Y54         FDRE                                         r  u_zynq_soc/axi_interconnect_0/s00_couplers/auto_pc/inst/gen_axi4_axi3.axi3_conv_inst/USE_WRITE.write_addr_inst/USE_B_CHANNEL.cmd_b_queue/inst/fifo_gen_inst/inst_fifo_gen/gconvfifo.rf/grf.rf/rstblk/ngwrdrst.grst.g7serrst.gnsckt_wrst.gcc_rst.sckt_wr_rst_cc_reg[0]/C
  -------------------------------------------------------------------    -------------------
    SLICE_X33Y54         FDRE (Prop_fdre_C_Q)         0.141     1.035 f  u_zynq_soc/axi_interconnect_0/s00_couplers/auto_pc/inst/gen_axi4_axi3.axi3_conv_inst/USE_WRITE.write_addr_inst/USE_B_CHANNEL.cmd_b_queue/inst/fifo_gen_inst/inst_fifo_gen/gconvfifo.rf/grf.rf/rstblk/ngwrdrst.grst.g7serrst.gnsckt_wrst.gcc_rst.sckt_wr_rst_cc_reg[0]/Q
                         net (fo=3, routed)           0.169     1.204    u_zynq_soc/axi_interconnect_0/s00_couplers/auto_pc/inst/gen_axi4_axi3.axi3_conv_inst/USE_WRITE.write_addr_inst/USE_B_CHANNEL.cmd_b_queue/inst/fifo_gen_inst/inst_fifo_gen/gconvfifo.rf/grf.rf/rstblk/ngwrdrst.grst.g7serrst.gnsckt_wrst.gcc_rst.sckt_wr_rst_cc[0]
    SLICE_X33Y54         LUT3 (Prop_lut3_I1_O)        0.045     1.249 f  u_zynq_soc/axi_interconnect_0/s00_couplers/auto_pc/inst/gen_axi4_axi3.axi3_conv_inst/USE_WRITE.write_addr_inst/USE_B_CHANNEL.cmd_b_queue/inst/fifo_gen_inst/inst_fifo_gen/gconvfifo.rf/grf.rf/rstblk/gpregsm1.curr_fwft_state[1]_i_2/O
                         net (fo=32, routed)          0.201     1.449    u_zynq_soc/axi_interconnect_0/s00_couplers/auto_pc/inst/gen_axi4_axi3.axi3_conv_inst/USE_WRITE.write_addr_inst/USE_B_CHANNEL.cmd_b_queue/inst/fifo_gen_inst/inst_fifo_gen/gconvfifo.rf/grf.rf/gntv_or_sync_fifo.gl0.rd/gr1.gr1_int.rfwft/gpregsm1.user_valid_reg_0
    SLICE_X32Y55         FDCE                                         f  u_zynq_soc/axi_interconnect_0/s00_couplers/auto_pc/inst/gen_axi4_axi3.axi3_conv_inst/USE_WRITE.write_addr_inst/USE_B_CHANNEL.cmd_b_queue/inst/fifo_gen_inst/inst_fifo_gen/gconvfifo.rf/grf.rf/gntv_or_sync_fifo.gl0.rd/gr1.gr1_int.rfwft/gpregsm1.curr_fwft_state_reg[0]/CLR
  -------------------------------------------------------------------    -------------------

                         (clock clk_fpga_0 rise edge)
                                                      0.000     0.000 r  
    PS7_X0Y0             PS7                          0.000     0.000 r  u_zynq_soc/processing_system7_0/inst/PS7_i/FCLKCLK[0]
                         net (fo=1, routed)           0.337     0.337    u_zynq_soc/processing_system7_0/inst/FCLK_CLK_unbuffered[0]
    BUFGCTRL_X0Y16       BUFG (Prop_bufg_I_O)         0.029     0.366 r  u_zynq_soc/processing_system7_0/inst/buffer_fclk_clk_0.FCLK_CLK_0_BUFG/O
                         net (fo=5353, routed)        0.825     1.191    u_zynq_soc/axi_interconnect_0/s00_couplers/auto_pc/inst/gen_axi4_axi3.axi3_conv_inst/USE_WRITE.write_addr_inst/USE_B_CHANNEL.cmd_b_queue/inst/fifo_gen_inst/inst_fifo_gen/gconvfifo.rf/grf.rf/gntv_or_sync_fifo.gl0.rd/gr1.gr1_int.rfwft/clk
    SLICE_X32Y55         FDCE                                         r  u_zynq_soc/axi_interconnect_0/s00_couplers/auto_pc/inst/gen_axi4_axi3.axi3_conv_inst/USE_WRITE.write_addr_inst/USE_B_CHANNEL.cmd_b_queue/inst/fifo_gen_inst/inst_fifo_gen/gconvfifo.rf/grf.rf/gntv_or_sync_fifo.gl0.rd/gr1.gr1_int.rfwft/gpregsm1.curr_fwft_state_reg[0]/C
                         clock pessimism             -0.281     0.910    
    SLICE_X32Y55         FDCE (Remov_fdce_C_CLR)     -0.067     0.843    u_zynq_soc/axi_interconnect_0/s00_couplers/auto_pc/inst/gen_axi4_axi3.axi3_conv_inst/USE_WRITE.write_addr_inst/USE_B_CHANNEL.cmd_b_queue/inst/fifo_gen_inst/inst_fifo_gen/gconvfifo.rf/grf.rf/gntv_or_sync_fifo.gl0.rd/gr1.gr1_int.rfwft/gpregsm1.curr_fwft_state_reg[0]
  -------------------------------------------------------------------
                         required time                         -0.843    
                         arrival time                           1.449    
  -------------------------------------------------------------------
                         slack                                  0.607    

Slack (MET) :             0.607ns  (arrival time - required time)
  Source:                 u_zynq_soc/axi_interconnect_0/s00_couplers/auto_pc/inst/gen_axi4_axi3.axi3_conv_inst/USE_WRITE.write_addr_inst/USE_B_CHANNEL.cmd_b_queue/inst/fifo_gen_inst/inst_fifo_gen/gconvfifo.rf/grf.rf/rstblk/ngwrdrst.grst.g7serrst.gnsckt_wrst.gcc_rst.sckt_wr_rst_cc_reg[0]/C
                            (rising edge-triggered cell FDRE clocked by clk_fpga_0  {rise@0.000ns fall@10.000ns period=20.000ns})
  Destination:            u_zynq_soc/axi_interconnect_0/s00_couplers/auto_pc/inst/gen_axi4_axi3.axi3_conv_inst/USE_WRITE.write_addr_inst/USE_B_CHANNEL.cmd_b_queue/inst/fifo_gen_inst/inst_fifo_gen/gconvfifo.rf/grf.rf/gntv_or_sync_fifo.gl0.rd/gr1.gr1_int.rfwft/gpregsm1.curr_fwft_state_reg[1]/CLR
                            (removal check against rising-edge clock clk_fpga_0  {rise@0.000ns fall@10.000ns period=20.000ns})
  Path Group:             **async_default**
  Path Type:              Removal (Min at Fast Process Corner)
  Requirement:            0.000ns  (clk_fpga_0 rise@0.000ns - clk_fpga_0 rise@0.000ns)
  Data Path Delay:        0.556ns  (logic 0.186ns (33.471%)  route 0.370ns (66.529%))
  Logic Levels:           1  (LUT3=1)
  Clock Path Skew:        0.016ns (DCD - SCD - CPR)
    Destination Clock Delay (DCD):    1.191ns
    Source Clock Delay      (SCD):    0.894ns
    Clock Pessimism Removal (CPR):    0.281ns

    Location             Delay type                Incr(ns)  Path(ns)    Netlist Resource(s)
  -------------------------------------------------------------------    -------------------
                         (clock clk_fpga_0 rise edge)
                                                      0.000     0.000 r  
    PS7_X0Y0             PS7                          0.000     0.000 r  u_zynq_soc/processing_system7_0/inst/PS7_i/FCLKCLK[0]
                         net (fo=1, routed)           0.310     0.310    u_zynq_soc/processing_system7_0/inst/FCLK_CLK_unbuffered[0]
    BUFGCTRL_X0Y16       BUFG (Prop_bufg_I_O)         0.026     0.336 r  u_zynq_soc/processing_system7_0/inst/buffer_fclk_clk_0.FCLK_CLK_0_BUFG/O
                         net (fo=5353, routed)        0.558     0.894    u_zynq_soc/axi_interconnect_0/s00_couplers/auto_pc/inst/gen_axi4_axi3.axi3_conv_inst/USE_WRITE.write_addr_inst/USE_B_CHANNEL.cmd_b_queue/inst/fifo_gen_inst/inst_fifo_gen/gconvfifo.rf/grf.rf/rstblk/clk
    SLICE_X33Y54         FDRE                                         r  u_zynq_soc/axi_interconnect_0/s00_couplers/auto_pc/inst/gen_axi4_axi3.axi3_conv_inst/USE_WRITE.write_addr_inst/USE_B_CHANNEL.cmd_b_queue/inst/fifo_gen_inst/inst_fifo_gen/gconvfifo.rf/grf.rf/rstblk/ngwrdrst.grst.g7serrst.gnsckt_wrst.gcc_rst.sckt_wr_rst_cc_reg[0]/C
  -------------------------------------------------------------------    -------------------
    SLICE_X33Y54         FDRE (Prop_fdre_C_Q)         0.141     1.035 f  u_zynq_soc/axi_interconnect_0/s00_couplers/auto_pc/inst/gen_axi4_axi3.axi3_conv_inst/USE_WRITE.write_addr_inst/USE_B_CHANNEL.cmd_b_queue/inst/fifo_gen_inst/inst_fifo_gen/gconvfifo.rf/grf.rf/rstblk/ngwrdrst.grst.g7serrst.gnsckt_wrst.gcc_rst.sckt_wr_rst_cc_reg[0]/Q
                         net (fo=3, routed)           0.169     1.204    u_zynq_soc/axi_interconnect_0/s00_couplers/auto_pc/inst/gen_axi4_axi3.axi3_conv_inst/USE_WRITE.write_addr_inst/USE_B_CHANNEL.cmd_b_queue/inst/fifo_gen_inst/inst_fifo_gen/gconvfifo.rf/grf.rf/rstblk/ngwrdrst.grst.g7serrst.gnsckt_wrst.gcc_rst.sckt_wr_rst_cc[0]
    SLICE_X33Y54         LUT3 (Prop_lut3_I1_O)        0.045     1.249 f  u_zynq_soc/axi_interconnect_0/s00_couplers/auto_pc/inst/gen_axi4_axi3.axi3_conv_inst/USE_WRITE.write_addr_inst/USE_B_CHANNEL.cmd_b_queue/inst/fifo_gen_inst/inst_fifo_gen/gconvfifo.rf/grf.rf/rstblk/gpregsm1.curr_fwft_state[1]_i_2/O
                         net (fo=32, routed)          0.201     1.449    u_zynq_soc/axi_interconnect_0/s00_couplers/auto_pc/inst/gen_axi4_axi3.axi3_conv_inst/USE_WRITE.write_addr_inst/USE_B_CHANNEL.cmd_b_queue/inst/fifo_gen_inst/inst_fifo_gen/gconvfifo.rf/grf.rf/gntv_or_sync_fifo.gl0.rd/gr1.gr1_int.rfwft/gpregsm1.user_valid_reg_0
    SLICE_X32Y55         FDCE                                         f  u_zynq_soc/axi_interconnect_0/s00_couplers/auto_pc/inst/gen_axi4_axi3.axi3_conv_inst/USE_WRITE.write_addr_inst/USE_B_CHANNEL.cmd_b_queue/inst/fifo_gen_inst/inst_fifo_gen/gconvfifo.rf/grf.rf/gntv_or_sync_fifo.gl0.rd/gr1.gr1_int.rfwft/gpregsm1.curr_fwft_state_reg[1]/CLR
  -------------------------------------------------------------------    -------------------

                         (clock clk_fpga_0 rise edge)
                                                      0.000     0.000 r  
    PS7_X0Y0             PS7                          0.000     0.000 r  u_zynq_soc/processing_system7_0/inst/PS7_i/FCLKCLK[0]
                         net (fo=1, routed)           0.337     0.337    u_zynq_soc/processing_system7_0/inst/FCLK_CLK_unbuffered[0]
    BUFGCTRL_X0Y16       BUFG (Prop_bufg_I_O)         0.029     0.366 r  u_zynq_soc/processing_system7_0/inst/buffer_fclk_clk_0.FCLK_CLK_0_BUFG/O
                         net (fo=5353, routed)        0.825     1.191    u_zynq_soc/axi_interconnect_0/s00_couplers/auto_pc/inst/gen_axi4_axi3.axi3_conv_inst/USE_WRITE.write_addr_inst/USE_B_CHANNEL.cmd_b_queue/inst/fifo_gen_inst/inst_fifo_gen/gconvfifo.rf/grf.rf/gntv_or_sync_fifo.gl0.rd/gr1.gr1_int.rfwft/clk
    SLICE_X32Y55         FDCE                                         r  u_zynq_soc/axi_interconnect_0/s00_couplers/auto_pc/inst/gen_axi4_axi3.axi3_conv_inst/USE_WRITE.write_addr_inst/USE_B_CHANNEL.cmd_b_queue/inst/fifo_gen_inst/inst_fifo_gen/gconvfifo.rf/grf.rf/gntv_or_sync_fifo.gl0.rd/gr1.gr1_int.rfwft/gpregsm1.curr_fwft_state_reg[1]/C
                         clock pessimism             -0.281     0.910    
    SLICE_X32Y55         FDCE (Remov_fdce_C_CLR)     -0.067     0.843    u_zynq_soc/axi_interconnect_0/s00_couplers/auto_pc/inst/gen_axi4_axi3.axi3_conv_inst/USE_WRITE.write_addr_inst/USE_B_CHANNEL.cmd_b_queue/inst/fifo_gen_inst/inst_fifo_gen/gconvfifo.rf/grf.rf/gntv_or_sync_fifo.gl0.rd/gr1.gr1_int.rfwft/gpregsm1.curr_fwft_state_reg[1]
  -------------------------------------------------------------------
                         required time                         -0.843    
                         arrival time                           1.449    
  -------------------------------------------------------------------
                         slack                                  0.607    

Slack (MET) :             0.611ns  (arrival time - required time)
  Source:                 u_zynq_soc/axi_interconnect_0/s00_couplers/auto_pc/inst/gen_axi4_axi3.axi3_conv_inst/USE_WRITE.write_addr_inst/USE_B_CHANNEL.cmd_b_queue/inst/fifo_gen_inst/inst_fifo_gen/gconvfifo.rf/grf.rf/rstblk/ngwrdrst.grst.g7serrst.gnsckt_wrst.gcc_rst.sckt_wr_rst_cc_reg[0]/C
                            (rising edge-triggered cell FDRE clocked by clk_fpga_0  {rise@0.000ns fall@10.000ns period=20.000ns})
  Destination:            u_zynq_soc/axi_interconnect_0/s00_couplers/auto_pc/inst/gen_axi4_axi3.axi3_conv_inst/USE_WRITE.write_addr_inst/USE_B_CHANNEL.cmd_b_queue/inst/fifo_gen_inst/inst_fifo_gen/gconvfifo.rf/grf.rf/gntv_or_sync_fifo.gl0.rd/gr1.gr1_int.rfwft/empty_fwft_fb_i_reg/PRE
                            (removal check against rising-edge clock clk_fpga_0  {rise@0.000ns fall@10.000ns period=20.000ns})
  Path Group:             **async_default**
  Path Type:              Removal (Min at Fast Process Corner)
  Requirement:            0.000ns  (clk_fpga_0 rise@0.000ns - clk_fpga_0 rise@0.000ns)
  Data Path Delay:        0.556ns  (logic 0.186ns (33.471%)  route 0.370ns (66.529%))
  Logic Levels:           1  (LUT3=1)
  Clock Path Skew:        0.016ns (DCD - SCD - CPR)
    Destination Clock Delay (DCD):    1.191ns
    Source Clock Delay      (SCD):    0.894ns
    Clock Pessimism Removal (CPR):    0.281ns

    Location             Delay type                Incr(ns)  Path(ns)    Netlist Resource(s)
  -------------------------------------------------------------------    -------------------
                         (clock clk_fpga_0 rise edge)
                                                      0.000     0.000 r  
    PS7_X0Y0             PS7                          0.000     0.000 r  u_zynq_soc/processing_system7_0/inst/PS7_i/FCLKCLK[0]
                         net (fo=1, routed)           0.310     0.310    u_zynq_soc/processing_system7_0/inst/FCLK_CLK_unbuffered[0]
    BUFGCTRL_X0Y16       BUFG (Prop_bufg_I_O)         0.026     0.336 r  u_zynq_soc/processing_system7_0/inst/buffer_fclk_clk_0.FCLK_CLK_0_BUFG/O
                         net (fo=5353, routed)        0.558     0.894    u_zynq_soc/axi_interconnect_0/s00_couplers/auto_pc/inst/gen_axi4_axi3.axi3_conv_inst/USE_WRITE.write_addr_inst/USE_B_CHANNEL.cmd_b_queue/inst/fifo_gen_inst/inst_fifo_gen/gconvfifo.rf/grf.rf/rstblk/clk
    SLICE_X33Y54         FDRE                                         r  u_zynq_soc/axi_interconnect_0/s00_couplers/auto_pc/inst/gen_axi4_axi3.axi3_conv_inst/USE_WRITE.write_addr_inst/USE_B_CHANNEL.cmd_b_queue/inst/fifo_gen_inst/inst_fifo_gen/gconvfifo.rf/grf.rf/rstblk/ngwrdrst.grst.g7serrst.gnsckt_wrst.gcc_rst.sckt_wr_rst_cc_reg[0]/C
  -------------------------------------------------------------------    -------------------
    SLICE_X33Y54         FDRE (Prop_fdre_C_Q)         0.141     1.035 f  u_zynq_soc/axi_interconnect_0/s00_couplers/auto_pc/inst/gen_axi4_axi3.axi3_conv_inst/USE_WRITE.write_addr_inst/USE_B_CHANNEL.cmd_b_queue/inst/fifo_gen_inst/inst_fifo_gen/gconvfifo.rf/grf.rf/rstblk/ngwrdrst.grst.g7serrst.gnsckt_wrst.gcc_rst.sckt_wr_rst_cc_reg[0]/Q
                         net (fo=3, routed)           0.169     1.204    u_zynq_soc/axi_interconnect_0/s00_couplers/auto_pc/inst/gen_axi4_axi3.axi3_conv_inst/USE_WRITE.write_addr_inst/USE_B_CHANNEL.cmd_b_queue/inst/fifo_gen_inst/inst_fifo_gen/gconvfifo.rf/grf.rf/rstblk/ngwrdrst.grst.g7serrst.gnsckt_wrst.gcc_rst.sckt_wr_rst_cc[0]
    SLICE_X33Y54         LUT3 (Prop_lut3_I1_O)        0.045     1.249 f  u_zynq_soc/axi_interconnect_0/s00_couplers/auto_pc/inst/gen_axi4_axi3.axi3_conv_inst/USE_WRITE.write_addr_inst/USE_B_CHANNEL.cmd_b_queue/inst/fifo_gen_inst/inst_fifo_gen/gconvfifo.rf/grf.rf/rstblk/gpregsm1.curr_fwft_state[1]_i_2/O
                         net (fo=32, routed)          0.201     1.449    u_zynq_soc/axi_interconnect_0/s00_couplers/auto_pc/inst/gen_axi4_axi3.axi3_conv_inst/USE_WRITE.write_addr_inst/USE_B_CHANNEL.cmd_b_queue/inst/fifo_gen_inst/inst_fifo_gen/gconvfifo.rf/grf.rf/gntv_or_sync_fifo.gl0.rd/gr1.gr1_int.rfwft/gpregsm1.user_valid_reg_0
    SLICE_X32Y55         FDPE                                         f  u_zynq_soc/axi_interconnect_0/s00_couplers/auto_pc/inst/gen_axi4_axi3.axi3_conv_inst/USE_WRITE.write_addr_inst/USE_B_CHANNEL.cmd_b_queue/inst/fifo_gen_inst/inst_fifo_gen/gconvfifo.rf/grf.rf/gntv_or_sync_fifo.gl0.rd/gr1.gr1_int.rfwft/empty_fwft_fb_i_reg/PRE
  -------------------------------------------------------------------    -------------------

                         (clock clk_fpga_0 rise edge)
                                                      0.000     0.000 r  
    PS7_X0Y0             PS7                          0.000     0.000 r  u_zynq_soc/processing_system7_0/inst/PS7_i/FCLKCLK[0]
                         net (fo=1, routed)           0.337     0.337    u_zynq_soc/processing_system7_0/inst/FCLK_CLK_unbuffered[0]
    BUFGCTRL_X0Y16       BUFG (Prop_bufg_I_O)         0.029     0.366 r  u_zynq_soc/processing_system7_0/inst/buffer_fclk_clk_0.FCLK_CLK_0_BUFG/O
                         net (fo=5353, routed)        0.825     1.191    u_zynq_soc/axi_interconnect_0/s00_couplers/auto_pc/inst/gen_axi4_axi3.axi3_conv_inst/USE_WRITE.write_addr_inst/USE_B_CHANNEL.cmd_b_queue/inst/fifo_gen_inst/inst_fifo_gen/gconvfifo.rf/grf.rf/gntv_or_sync_fifo.gl0.rd/gr1.gr1_int.rfwft/clk
    SLICE_X32Y55         FDPE                                         r  u_zynq_soc/axi_interconnect_0/s00_couplers/auto_pc/inst/gen_axi4_axi3.axi3_conv_inst/USE_WRITE.write_addr_inst/USE_B_CHANNEL.cmd_b_queue/inst/fifo_gen_inst/inst_fifo_gen/gconvfifo.rf/grf.rf/gntv_or_sync_fifo.gl0.rd/gr1.gr1_int.rfwft/empty_fwft_fb_i_reg/C
                         clock pessimism             -0.281     0.910    
    SLICE_X32Y55         FDPE (Remov_fdpe_C_PRE)     -0.071     0.839    u_zynq_soc/axi_interconnect_0/s00_couplers/auto_pc/inst/gen_axi4_axi3.axi3_conv_inst/USE_WRITE.write_addr_inst/USE_B_CHANNEL.cmd_b_queue/inst/fifo_gen_inst/inst_fifo_gen/gconvfifo.rf/grf.rf/gntv_or_sync_fifo.gl0.rd/gr1.gr1_int.rfwft/empty_fwft_fb_i_reg
  -------------------------------------------------------------------
                         required time                         -0.839    
                         arrival time                           1.449    
  -------------------------------------------------------------------
                         slack                                  0.611    

Slack (MET) :             0.611ns  (arrival time - required time)
  Source:                 u_zynq_soc/axi_interconnect_0/s00_couplers/auto_pc/inst/gen_axi4_axi3.axi3_conv_inst/USE_WRITE.write_addr_inst/USE_B_CHANNEL.cmd_b_queue/inst/fifo_gen_inst/inst_fifo_gen/gconvfifo.rf/grf.rf/rstblk/ngwrdrst.grst.g7serrst.gnsckt_wrst.gcc_rst.sckt_wr_rst_cc_reg[0]/C
                            (rising edge-triggered cell FDRE clocked by clk_fpga_0  {rise@0.000ns fall@10.000ns period=20.000ns})
  Destination:            u_zynq_soc/axi_interconnect_0/s00_couplers/auto_pc/inst/gen_axi4_axi3.axi3_conv_inst/USE_WRITE.write_addr_inst/USE_B_CHANNEL.cmd_b_queue/inst/fifo_gen_inst/inst_fifo_gen/gconvfifo.rf/grf.rf/gntv_or_sync_fifo.gl0.rd/gr1.gr1_int.rfwft/empty_fwft_i_reg/PRE
                            (removal check against rising-edge clock clk_fpga_0  {rise@0.000ns fall@10.000ns period=20.000ns})
  Path Group:             **async_default**
  Path Type:              Removal (Min at Fast Process Corner)
  Requirement:            0.000ns  (clk_fpga_0 rise@0.000ns - clk_fpga_0 rise@0.000ns)
  Data Path Delay:        0.556ns  (logic 0.186ns (33.471%)  route 0.370ns (66.529%))
  Logic Levels:           1  (LUT3=1)
  Clock Path Skew:        0.016ns (DCD - SCD - CPR)
    Destination Clock Delay (DCD):    1.191ns
    Source Clock Delay      (SCD):    0.894ns
    Clock Pessimism Removal (CPR):    0.281ns

    Location             Delay type                Incr(ns)  Path(ns)    Netlist Resource(s)
  -------------------------------------------------------------------    -------------------
                         (clock clk_fpga_0 rise edge)
                                                      0.000     0.000 r  
    PS7_X0Y0             PS7                          0.000     0.000 r  u_zynq_soc/processing_system7_0/inst/PS7_i/FCLKCLK[0]
                         net (fo=1, routed)           0.310     0.310    u_zynq_soc/processing_system7_0/inst/FCLK_CLK_unbuffered[0]
    BUFGCTRL_X0Y16       BUFG (Prop_bufg_I_O)         0.026     0.336 r  u_zynq_soc/processing_system7_0/inst/buffer_fclk_clk_0.FCLK_CLK_0_BUFG/O
                         net (fo=5353, routed)        0.558     0.894    u_zynq_soc/axi_interconnect_0/s00_couplers/auto_pc/inst/gen_axi4_axi3.axi3_conv_inst/USE_WRITE.write_addr_inst/USE_B_CHANNEL.cmd_b_queue/inst/fifo_gen_inst/inst_fifo_gen/gconvfifo.rf/grf.rf/rstblk/clk
    SLICE_X33Y54         FDRE                                         r  u_zynq_soc/axi_interconnect_0/s00_couplers/auto_pc/inst/gen_axi4_axi3.axi3_conv_inst/USE_WRITE.write_addr_inst/USE_B_CHANNEL.cmd_b_queue/inst/fifo_gen_inst/inst_fifo_gen/gconvfifo.rf/grf.rf/rstblk/ngwrdrst.grst.g7serrst.gnsckt_wrst.gcc_rst.sckt_wr_rst_cc_reg[0]/C
  -------------------------------------------------------------------    -------------------
    SLICE_X33Y54         FDRE (Prop_fdre_C_Q)         0.141     1.035 f  u_zynq_soc/axi_interconnect_0/s00_couplers/auto_pc/inst/gen_axi4_axi3.axi3_conv_inst/USE_WRITE.write_addr_inst/USE_B_CHANNEL.cmd_b_queue/inst/fifo_gen_inst/inst_fifo_gen/gconvfifo.rf/grf.rf/rstblk/ngwrdrst.grst.g7serrst.gnsckt_wrst.gcc_rst.sckt_wr_rst_cc_reg[0]/Q
                         net (fo=3, routed)           0.169     1.204    u_zynq_soc/axi_interconnect_0/s00_couplers/auto_pc/inst/gen_axi4_axi3.axi3_conv_inst/USE_WRITE.write_addr_inst/USE_B_CHANNEL.cmd_b_queue/inst/fifo_gen_inst/inst_fifo_gen/gconvfifo.rf/grf.rf/rstblk/ngwrdrst.grst.g7serrst.gnsckt_wrst.gcc_rst.sckt_wr_rst_cc[0]
    SLICE_X33Y54         LUT3 (Prop_lut3_I1_O)        0.045     1.249 f  u_zynq_soc/axi_interconnect_0/s00_couplers/auto_pc/inst/gen_axi4_axi3.axi3_conv_inst/USE_WRITE.write_addr_inst/USE_B_CHANNEL.cmd_b_queue/inst/fifo_gen_inst/inst_fifo_gen/gconvfifo.rf/grf.rf/rstblk/gpregsm1.curr_fwft_state[1]_i_2/O
                         net (fo=32, routed)          0.201     1.449    u_zynq_soc/axi_interconnect_0/s00_couplers/auto_pc/inst/gen_axi4_axi3.axi3_conv_inst/USE_WRITE.write_addr_inst/USE_B_CHANNEL.cmd_b_queue/inst/fifo_gen_inst/inst_fifo_gen/gconvfifo.rf/grf.rf/gntv_or_sync_fifo.gl0.rd/gr1.gr1_int.rfwft/gpregsm1.user_valid_reg_0
    SLICE_X32Y55         FDPE                                         f  u_zynq_soc/axi_interconnect_0/s00_couplers/auto_pc/inst/gen_axi4_axi3.axi3_conv_inst/USE_WRITE.write_addr_inst/USE_B_CHANNEL.cmd_b_queue/inst/fifo_gen_inst/inst_fifo_gen/gconvfifo.rf/grf.rf/gntv_or_sync_fifo.gl0.rd/gr1.gr1_int.rfwft/empty_fwft_i_reg/PRE
  -------------------------------------------------------------------    -------------------

                         (clock clk_fpga_0 rise edge)
                                                      0.000     0.000 r  
    PS7_X0Y0             PS7                          0.000     0.000 r  u_zynq_soc/processing_system7_0/inst/PS7_i/FCLKCLK[0]
                         net (fo=1, routed)           0.337     0.337    u_zynq_soc/processing_system7_0/inst/FCLK_CLK_unbuffered[0]
    BUFGCTRL_X0Y16       BUFG (Prop_bufg_I_O)         0.029     0.366 r  u_zynq_soc/processing_system7_0/inst/buffer_fclk_clk_0.FCLK_CLK_0_BUFG/O
                         net (fo=5353, routed)        0.825     1.191    u_zynq_soc/axi_interconnect_0/s00_couplers/auto_pc/inst/gen_axi4_axi3.axi3_conv_inst/USE_WRITE.write_addr_inst/USE_B_CHANNEL.cmd_b_queue/inst/fifo_gen_inst/inst_fifo_gen/gconvfifo.rf/grf.rf/gntv_or_sync_fifo.gl0.rd/gr1.gr1_int.rfwft/clk
    SLICE_X32Y55         FDPE                                         r  u_zynq_soc/axi_interconnect_0/s00_couplers/auto_pc/inst/gen_axi4_axi3.axi3_conv_inst/USE_WRITE.write_addr_inst/USE_B_CHANNEL.cmd_b_queue/inst/fifo_gen_inst/inst_fifo_gen/gconvfifo.rf/grf.rf/gntv_or_sync_fifo.gl0.rd/gr1.gr1_int.rfwft/empty_fwft_i_reg/C
                         clock pessimism             -0.281     0.910    
    SLICE_X32Y55         FDPE (Remov_fdpe_C_PRE)     -0.071     0.839    u_zynq_soc/axi_interconnect_0/s00_couplers/auto_pc/inst/gen_axi4_axi3.axi3_conv_inst/USE_WRITE.write_addr_inst/USE_B_CHANNEL.cmd_b_queue/inst/fifo_gen_inst/inst_fifo_gen/gconvfifo.rf/grf.rf/gntv_or_sync_fifo.gl0.rd/gr1.gr1_int.rfwft/empty_fwft_i_reg
  -------------------------------------------------------------------
                         required time                         -0.839    
                         arrival time                           1.449    
  -------------------------------------------------------------------
                         slack                                  0.611    

Slack (MET) :             0.632ns  (arrival time - required time)
  Source:                 u_zynq_soc/axi_interconnect_0/s00_couplers/auto_pc/inst/gen_axi4_axi3.axi3_conv_inst/USE_WRITE.write_addr_inst/USE_B_CHANNEL.cmd_b_queue/inst/fifo_gen_inst/inst_fifo_gen/gconvfifo.rf/grf.rf/rstblk/ngwrdrst.grst.g7serrst.gnsckt_wrst.gcc_rst.sckt_wr_rst_cc_reg[0]/C
                            (rising edge-triggered cell FDRE clocked by clk_fpga_0  {rise@0.000ns fall@10.000ns period=20.000ns})
  Destination:            u_zynq_soc/axi_interconnect_0/s00_couplers/auto_pc/inst/gen_axi4_axi3.axi3_conv_inst/USE_WRITE.write_addr_inst/USE_B_CHANNEL.cmd_b_queue/inst/fifo_gen_inst/inst_fifo_gen/gconvfifo.rf/grf.rf/gntv_or_sync_fifo.gl0.rd/gr1.gr1_int.rfwft/gpregsm1.user_valid_reg/CLR
                            (removal check against rising-edge clock clk_fpga_0  {rise@0.000ns fall@10.000ns period=20.000ns})
  Path Group:             **async_default**
  Path Type:              Removal (Min at Fast Process Corner)
  Requirement:            0.000ns  (clk_fpga_0 rise@0.000ns - clk_fpga_0 rise@0.000ns)
  Data Path Delay:        0.556ns  (logic 0.186ns (33.471%)  route 0.370ns (66.529%))
  Logic Levels:           1  (LUT3=1)
  Clock Path Skew:        0.016ns (DCD - SCD - CPR)
    Destination Clock Delay (DCD):    1.191ns
    Source Clock Delay      (SCD):    0.894ns
    Clock Pessimism Removal (CPR):    0.281ns

    Location             Delay type                Incr(ns)  Path(ns)    Netlist Resource(s)
  -------------------------------------------------------------------    -------------------
                         (clock clk_fpga_0 rise edge)
                                                      0.000     0.000 r  
    PS7_X0Y0             PS7                          0.000     0.000 r  u_zynq_soc/processing_system7_0/inst/PS7_i/FCLKCLK[0]
                         net (fo=1, routed)           0.310     0.310    u_zynq_soc/processing_system7_0/inst/FCLK_CLK_unbuffered[0]
    BUFGCTRL_X0Y16       BUFG (Prop_bufg_I_O)         0.026     0.336 r  u_zynq_soc/processing_system7_0/inst/buffer_fclk_clk_0.FCLK_CLK_0_BUFG/O
                         net (fo=5353, routed)        0.558     0.894    u_zynq_soc/axi_interconnect_0/s00_couplers/auto_pc/inst/gen_axi4_axi3.axi3_conv_inst/USE_WRITE.write_addr_inst/USE_B_CHANNEL.cmd_b_queue/inst/fifo_gen_inst/inst_fifo_gen/gconvfifo.rf/grf.rf/rstblk/clk
    SLICE_X33Y54         FDRE                                         r  u_zynq_soc/axi_interconnect_0/s00_couplers/auto_pc/inst/gen_axi4_axi3.axi3_conv_inst/USE_WRITE.write_addr_inst/USE_B_CHANNEL.cmd_b_queue/inst/fifo_gen_inst/inst_fifo_gen/gconvfifo.rf/grf.rf/rstblk/ngwrdrst.grst.g7serrst.gnsckt_wrst.gcc_rst.sckt_wr_rst_cc_reg[0]/C
  -------------------------------------------------------------------    -------------------
    SLICE_X33Y54         FDRE (Prop_fdre_C_Q)         0.141     1.035 f  u_zynq_soc/axi_interconnect_0/s00_couplers/auto_pc/inst/gen_axi4_axi3.axi3_conv_inst/USE_WRITE.write_addr_inst/USE_B_CHANNEL.cmd_b_queue/inst/fifo_gen_inst/inst_fifo_gen/gconvfifo.rf/grf.rf/rstblk/ngwrdrst.grst.g7serrst.gnsckt_wrst.gcc_rst.sckt_wr_rst_cc_reg[0]/Q
                         net (fo=3, routed)           0.169     1.204    u_zynq_soc/axi_interconnect_0/s00_couplers/auto_pc/inst/gen_axi4_axi3.axi3_conv_inst/USE_WRITE.write_addr_inst/USE_B_CHANNEL.cmd_b_queue/inst/fifo_gen_inst/inst_fifo_gen/gconvfifo.rf/grf.rf/rstblk/ngwrdrst.grst.g7serrst.gnsckt_wrst.gcc_rst.sckt_wr_rst_cc[0]
    SLICE_X33Y54         LUT3 (Prop_lut3_I1_O)        0.045     1.249 f  u_zynq_soc/axi_interconnect_0/s00_couplers/auto_pc/inst/gen_axi4_axi3.axi3_conv_inst/USE_WRITE.write_addr_inst/USE_B_CHANNEL.cmd_b_queue/inst/fifo_gen_inst/inst_fifo_gen/gconvfifo.rf/grf.rf/rstblk/gpregsm1.curr_fwft_state[1]_i_2/O
                         net (fo=32, routed)          0.201     1.449    u_zynq_soc/axi_interconnect_0/s00_couplers/auto_pc/inst/gen_axi4_axi3.axi3_conv_inst/USE_WRITE.write_addr_inst/USE_B_CHANNEL.cmd_b_queue/inst/fifo_gen_inst/inst_fifo_gen/gconvfifo.rf/grf.rf/gntv_or_sync_fifo.gl0.rd/gr1.gr1_int.rfwft/gpregsm1.user_valid_reg_0
    SLICE_X33Y55         FDCE                                         f  u_zynq_soc/axi_interconnect_0/s00_couplers/auto_pc/inst/gen_axi4_axi3.axi3_conv_inst/USE_WRITE.write_addr_inst/USE_B_CHANNEL.cmd_b_queue/inst/fifo_gen_inst/inst_fifo_gen/gconvfifo.rf/grf.rf/gntv_or_sync_fifo.gl0.rd/gr1.gr1_int.rfwft/gpregsm1.user_valid_reg/CLR
  -------------------------------------------------------------------    -------------------

                         (clock clk_fpga_0 rise edge)
                                                      0.000     0.000 r  
    PS7_X0Y0             PS7                          0.000     0.000 r  u_zynq_soc/processing_system7_0/inst/PS7_i/FCLKCLK[0]
                         net (fo=1, routed)           0.337     0.337    u_zynq_soc/processing_system7_0/inst/FCLK_CLK_unbuffered[0]
    BUFGCTRL_X0Y16       BUFG (Prop_bufg_I_O)         0.029     0.366 r  u_zynq_soc/processing_system7_0/inst/buffer_fclk_clk_0.FCLK_CLK_0_BUFG/O
                         net (fo=5353, routed)        0.825     1.191    u_zynq_soc/axi_interconnect_0/s00_couplers/auto_pc/inst/gen_axi4_axi3.axi3_conv_inst/USE_WRITE.write_addr_inst/USE_B_CHANNEL.cmd_b_queue/inst/fifo_gen_inst/inst_fifo_gen/gconvfifo.rf/grf.rf/gntv_or_sync_fifo.gl0.rd/gr1.gr1_int.rfwft/clk
    SLICE_X33Y55         FDCE                                         r  u_zynq_soc/axi_interconnect_0/s00_couplers/auto_pc/inst/gen_axi4_axi3.axi3_conv_inst/USE_WRITE.write_addr_inst/USE_B_CHANNEL.cmd_b_queue/inst/fifo_gen_inst/inst_fifo_gen/gconvfifo.rf/grf.rf/gntv_or_sync_fifo.gl0.rd/gr1.gr1_int.rfwft/gpregsm1.user_valid_reg/C
                         clock pessimism             -0.281     0.910    
    SLICE_X33Y55         FDCE (Remov_fdce_C_CLR)     -0.092     0.818    u_zynq_soc/axi_interconnect_0/s00_couplers/auto_pc/inst/gen_axi4_axi3.axi3_conv_inst/USE_WRITE.write_addr_inst/USE_B_CHANNEL.cmd_b_queue/inst/fifo_gen_inst/inst_fifo_gen/gconvfifo.rf/grf.rf/gntv_or_sync_fifo.gl0.rd/gr1.gr1_int.rfwft/gpregsm1.user_valid_reg
  -------------------------------------------------------------------
                         required time                         -0.818    
                         arrival time                           1.449    
  -------------------------------------------------------------------
                         slack                                  0.632    

Slack (MET) :             0.635ns  (arrival time - required time)
  Source:                 u_zynq_soc/axi_interconnect_0/s00_couplers/auto_pc/inst/gen_axi4_axi3.axi3_conv_inst/USE_WRITE.write_addr_inst/USE_B_CHANNEL.cmd_b_queue/inst/fifo_gen_inst/inst_fifo_gen/gconvfifo.rf/grf.rf/rstblk/ngwrdrst.grst.g7serrst.gnsckt_wrst.gcc_rst.sckt_wr_rst_cc_reg[0]/C
                            (rising edge-triggered cell FDRE clocked by clk_fpga_0  {rise@0.000ns fall@10.000ns period=20.000ns})
  Destination:            u_zynq_soc/axi_interconnect_0/s00_couplers/auto_pc/inst/gen_axi4_axi3.axi3_conv_inst/USE_WRITE.write_addr_inst/USE_B_CHANNEL.cmd_b_queue/inst/fifo_gen_inst/inst_fifo_gen/gconvfifo.rf/grf.rf/gntv_or_sync_fifo.gl0.rd/gr1.gr1_int.rfwft/aempty_fwft_fb_i_reg/PRE
                            (removal check against rising-edge clock clk_fpga_0  {rise@0.000ns fall@10.000ns period=20.000ns})
  Path Group:             **async_default**
  Path Type:              Removal (Min at Fast Process Corner)
  Requirement:            0.000ns  (clk_fpga_0 rise@0.000ns - clk_fpga_0 rise@0.000ns)
  Data Path Delay:        0.556ns  (logic 0.186ns (33.471%)  route 0.370ns (66.529%))
  Logic Levels:           1  (LUT3=1)
  Clock Path Skew:        0.016ns (DCD - SCD - CPR)
    Destination Clock Delay (DCD):    1.191ns
    Source Clock Delay      (SCD):    0.894ns
    Clock Pessimism Removal (CPR):    0.281ns

    Location             Delay type                Incr(ns)  Path(ns)    Netlist Resource(s)
  -------------------------------------------------------------------    -------------------
                         (clock clk_fpga_0 rise edge)
                                                      0.000     0.000 r  
    PS7_X0Y0             PS7                          0.000     0.000 r  u_zynq_soc/processing_system7_0/inst/PS7_i/FCLKCLK[0]
                         net (fo=1, routed)           0.310     0.310    u_zynq_soc/processing_system7_0/inst/FCLK_CLK_unbuffered[0]
    BUFGCTRL_X0Y16       BUFG (Prop_bufg_I_O)         0.026     0.336 r  u_zynq_soc/processing_system7_0/inst/buffer_fclk_clk_0.FCLK_CLK_0_BUFG/O
                         net (fo=5353, routed)        0.558     0.894    u_zynq_soc/axi_interconnect_0/s00_couplers/auto_pc/inst/gen_axi4_axi3.axi3_conv_inst/USE_WRITE.write_addr_inst/USE_B_CHANNEL.cmd_b_queue/inst/fifo_gen_inst/inst_fifo_gen/gconvfifo.rf/grf.rf/rstblk/clk
    SLICE_X33Y54         FDRE                                         r  u_zynq_soc/axi_interconnect_0/s00_couplers/auto_pc/inst/gen_axi4_axi3.axi3_conv_inst/USE_WRITE.write_addr_inst/USE_B_CHANNEL.cmd_b_queue/inst/fifo_gen_inst/inst_fifo_gen/gconvfifo.rf/grf.rf/rstblk/ngwrdrst.grst.g7serrst.gnsckt_wrst.gcc_rst.sckt_wr_rst_cc_reg[0]/C
  -------------------------------------------------------------------    -------------------
    SLICE_X33Y54         FDRE (Prop_fdre_C_Q)         0.141     1.035 f  u_zynq_soc/axi_interconnect_0/s00_couplers/auto_pc/inst/gen_axi4_axi3.axi3_conv_inst/USE_WRITE.write_addr_inst/USE_B_CHANNEL.cmd_b_queue/inst/fifo_gen_inst/inst_fifo_gen/gconvfifo.rf/grf.rf/rstblk/ngwrdrst.grst.g7serrst.gnsckt_wrst.gcc_rst.sckt_wr_rst_cc_reg[0]/Q
                         net (fo=3, routed)           0.169     1.204    u_zynq_soc/axi_interconnect_0/s00_couplers/auto_pc/inst/gen_axi4_axi3.axi3_conv_inst/USE_WRITE.write_addr_inst/USE_B_CHANNEL.cmd_b_queue/inst/fifo_gen_inst/inst_fifo_gen/gconvfifo.rf/grf.rf/rstblk/ngwrdrst.grst.g7serrst.gnsckt_wrst.gcc_rst.sckt_wr_rst_cc[0]
    SLICE_X33Y54         LUT3 (Prop_lut3_I1_O)        0.045     1.249 f  u_zynq_soc/axi_interconnect_0/s00_couplers/auto_pc/inst/gen_axi4_axi3.axi3_conv_inst/USE_WRITE.write_addr_inst/USE_B_CHANNEL.cmd_b_queue/inst/fifo_gen_inst/inst_fifo_gen/gconvfifo.rf/grf.rf/rstblk/gpregsm1.curr_fwft_state[1]_i_2/O
                         net (fo=32, routed)          0.201     1.449    u_zynq_soc/axi_interconnect_0/s00_couplers/auto_pc/inst/gen_axi4_axi3.axi3_conv_inst/USE_WRITE.write_addr_inst/USE_B_CHANNEL.cmd_b_queue/inst/fifo_gen_inst/inst_fifo_gen/gconvfifo.rf/grf.rf/gntv_or_sync_fifo.gl0.rd/gr1.gr1_int.rfwft/gpregsm1.user_valid_reg_0
    SLICE_X33Y55         FDPE                                         f  u_zynq_soc/axi_interconnect_0/s00_couplers/auto_pc/inst/gen_axi4_axi3.axi3_conv_inst/USE_WRITE.write_addr_inst/USE_B_CHANNEL.cmd_b_queue/inst/fifo_gen_inst/inst_fifo_gen/gconvfifo.rf/grf.rf/gntv_or_sync_fifo.gl0.rd/gr1.gr1_int.rfwft/aempty_fwft_fb_i_reg/PRE
  -------------------------------------------------------------------    -------------------

                         (clock clk_fpga_0 rise edge)
                                                      0.000     0.000 r  
    PS7_X0Y0             PS7                          0.000     0.000 r  u_zynq_soc/processing_system7_0/inst/PS7_i/FCLKCLK[0]
                         net (fo=1, routed)           0.337     0.337    u_zynq_soc/processing_system7_0/inst/FCLK_CLK_unbuffered[0]
    BUFGCTRL_X0Y16       BUFG (Prop_bufg_I_O)         0.029     0.366 r  u_zynq_soc/processing_system7_0/inst/buffer_fclk_clk_0.FCLK_CLK_0_BUFG/O
                         net (fo=5353, routed)        0.825     1.191    u_zynq_soc/axi_interconnect_0/s00_couplers/auto_pc/inst/gen_axi4_axi3.axi3_conv_inst/USE_WRITE.write_addr_inst/USE_B_CHANNEL.cmd_b_queue/inst/fifo_gen_inst/inst_fifo_gen/gconvfifo.rf/grf.rf/gntv_or_sync_fifo.gl0.rd/gr1.gr1_int.rfwft/clk
    SLICE_X33Y55         FDPE                                         r  u_zynq_soc/axi_interconnect_0/s00_couplers/auto_pc/inst/gen_axi4_axi3.axi3_conv_inst/USE_WRITE.write_addr_inst/USE_B_CHANNEL.cmd_b_queue/inst/fifo_gen_inst/inst_fifo_gen/gconvfifo.rf/grf.rf/gntv_or_sync_fifo.gl0.rd/gr1.gr1_int.rfwft/aempty_fwft_fb_i_reg/C
                         clock pessimism             -0.281     0.910    
    SLICE_X33Y55         FDPE (Remov_fdpe_C_PRE)     -0.095     0.815    u_zynq_soc/axi_interconnect_0/s00_couplers/auto_pc/inst/gen_axi4_axi3.axi3_conv_inst/USE_WRITE.write_addr_inst/USE_B_CHANNEL.cmd_b_queue/inst/fifo_gen_inst/inst_fifo_gen/gconvfifo.rf/grf.rf/gntv_or_sync_fifo.gl0.rd/gr1.gr1_int.rfwft/aempty_fwft_fb_i_reg
  -------------------------------------------------------------------
                         required time                         -0.815    
                         arrival time                           1.449    
  -------------------------------------------------------------------
                         slack                                  0.635    

Slack (MET) :             0.635ns  (arrival time - required time)
  Source:                 u_zynq_soc/axi_interconnect_0/s00_couplers/auto_pc/inst/gen_axi4_axi3.axi3_conv_inst/USE_WRITE.write_addr_inst/USE_B_CHANNEL.cmd_b_queue/inst/fifo_gen_inst/inst_fifo_gen/gconvfifo.rf/grf.rf/rstblk/ngwrdrst.grst.g7serrst.gnsckt_wrst.gcc_rst.sckt_wr_rst_cc_reg[0]/C
                            (rising edge-triggered cell FDRE clocked by clk_fpga_0  {rise@0.000ns fall@10.000ns period=20.000ns})
  Destination:            u_zynq_soc/axi_interconnect_0/s00_couplers/auto_pc/inst/gen_axi4_axi3.axi3_conv_inst/USE_WRITE.write_addr_inst/USE_B_CHANNEL.cmd_b_queue/inst/fifo_gen_inst/inst_fifo_gen/gconvfifo.rf/grf.rf/gntv_or_sync_fifo.gl0.rd/gr1.gr1_int.rfwft/aempty_fwft_i_reg/PRE
                            (removal check against rising-edge clock clk_fpga_0  {rise@0.000ns fall@10.000ns period=20.000ns})
  Path Group:             **async_default**
  Path Type:              Removal (Min at Fast Process Corner)
  Requirement:            0.000ns  (clk_fpga_0 rise@0.000ns - clk_fpga_0 rise@0.000ns)
  Data Path Delay:        0.556ns  (logic 0.186ns (33.471%)  route 0.370ns (66.529%))
  Logic Levels:           1  (LUT3=1)
  Clock Path Skew:        0.016ns (DCD - SCD - CPR)
    Destination Clock Delay (DCD):    1.191ns
    Source Clock Delay      (SCD):    0.894ns
    Clock Pessimism Removal (CPR):    0.281ns

    Location             Delay type                Incr(ns)  Path(ns)    Netlist Resource(s)
  -------------------------------------------------------------------    -------------------
                         (clock clk_fpga_0 rise edge)
                                                      0.000     0.000 r  
    PS7_X0Y0             PS7                          0.000     0.000 r  u_zynq_soc/processing_system7_0/inst/PS7_i/FCLKCLK[0]
                         net (fo=1, routed)           0.310     0.310    u_zynq_soc/processing_system7_0/inst/FCLK_CLK_unbuffered[0]
    BUFGCTRL_X0Y16       BUFG (Prop_bufg_I_O)         0.026     0.336 r  u_zynq_soc/processing_system7_0/inst/buffer_fclk_clk_0.FCLK_CLK_0_BUFG/O
                         net (fo=5353, routed)        0.558     0.894    u_zynq_soc/axi_interconnect_0/s00_couplers/auto_pc/inst/gen_axi4_axi3.axi3_conv_inst/USE_WRITE.write_addr_inst/USE_B_CHANNEL.cmd_b_queue/inst/fifo_gen_inst/inst_fifo_gen/gconvfifo.rf/grf.rf/rstblk/clk
    SLICE_X33Y54         FDRE                                         r  u_zynq_soc/axi_interconnect_0/s00_couplers/auto_pc/inst/gen_axi4_axi3.axi3_conv_inst/USE_WRITE.write_addr_inst/USE_B_CHANNEL.cmd_b_queue/inst/fifo_gen_inst/inst_fifo_gen/gconvfifo.rf/grf.rf/rstblk/ngwrdrst.grst.g7serrst.gnsckt_wrst.gcc_rst.sckt_wr_rst_cc_reg[0]/C
  -------------------------------------------------------------------    -------------------
    SLICE_X33Y54         FDRE (Prop_fdre_C_Q)         0.141     1.035 f  u_zynq_soc/axi_interconnect_0/s00_couplers/auto_pc/inst/gen_axi4_axi3.axi3_conv_inst/USE_WRITE.write_addr_inst/USE_B_CHANNEL.cmd_b_queue/inst/fifo_gen_inst/inst_fifo_gen/gconvfifo.rf/grf.rf/rstblk/ngwrdrst.grst.g7serrst.gnsckt_wrst.gcc_rst.sckt_wr_rst_cc_reg[0]/Q
                         net (fo=3, routed)           0.169     1.204    u_zynq_soc/axi_interconnect_0/s00_couplers/auto_pc/inst/gen_axi4_axi3.axi3_conv_inst/USE_WRITE.write_addr_inst/USE_B_CHANNEL.cmd_b_queue/inst/fifo_gen_inst/inst_fifo_gen/gconvfifo.rf/grf.rf/rstblk/ngwrdrst.grst.g7serrst.gnsckt_wrst.gcc_rst.sckt_wr_rst_cc[0]
    SLICE_X33Y54         LUT3 (Prop_lut3_I1_O)        0.045     1.249 f  u_zynq_soc/axi_interconnect_0/s00_couplers/auto_pc/inst/gen_axi4_axi3.axi3_conv_inst/USE_WRITE.write_addr_inst/USE_B_CHANNEL.cmd_b_queue/inst/fifo_gen_inst/inst_fifo_gen/gconvfifo.rf/grf.rf/rstblk/gpregsm1.curr_fwft_state[1]_i_2/O
                         net (fo=32, routed)          0.201     1.449    u_zynq_soc/axi_interconnect_0/s00_couplers/auto_pc/inst/gen_axi4_axi3.axi3_conv_inst/USE_WRITE.write_addr_inst/USE_B_CHANNEL.cmd_b_queue/inst/fifo_gen_inst/inst_fifo_gen/gconvfifo.rf/grf.rf/gntv_or_sync_fifo.gl0.rd/gr1.gr1_int.rfwft/gpregsm1.user_valid_reg_0
    SLICE_X33Y55         FDPE                                         f  u_zynq_soc/axi_interconnect_0/s00_couplers/auto_pc/inst/gen_axi4_axi3.axi3_conv_inst/USE_WRITE.write_addr_inst/USE_B_CHANNEL.cmd_b_queue/inst/fifo_gen_inst/inst_fifo_gen/gconvfifo.rf/grf.rf/gntv_or_sync_fifo.gl0.rd/gr1.gr1_int.rfwft/aempty_fwft_i_reg/PRE
  -------------------------------------------------------------------    -------------------

                         (clock clk_fpga_0 rise edge)
                                                      0.000     0.000 r  
    PS7_X0Y0             PS7                          0.000     0.000 r  u_zynq_soc/processing_system7_0/inst/PS7_i/FCLKCLK[0]
                         net (fo=1, routed)           0.337     0.337    u_zynq_soc/processing_system7_0/inst/FCLK_CLK_unbuffered[0]
    BUFGCTRL_X0Y16       BUFG (Prop_bufg_I_O)         0.029     0.366 r  u_zynq_soc/processing_system7_0/inst/buffer_fclk_clk_0.FCLK_CLK_0_BUFG/O
                         net (fo=5353, routed)        0.825     1.191    u_zynq_soc/axi_interconnect_0/s00_couplers/auto_pc/inst/gen_axi4_axi3.axi3_conv_inst/USE_WRITE.write_addr_inst/USE_B_CHANNEL.cmd_b_queue/inst/fifo_gen_inst/inst_fifo_gen/gconvfifo.rf/grf.rf/gntv_or_sync_fifo.gl0.rd/gr1.gr1_int.rfwft/clk
    SLICE_X33Y55         FDPE                                         r  u_zynq_soc/axi_interconnect_0/s00_couplers/auto_pc/inst/gen_axi4_axi3.axi3_conv_inst/USE_WRITE.write_addr_inst/USE_B_CHANNEL.cmd_b_queue/inst/fifo_gen_inst/inst_fifo_gen/gconvfifo.rf/grf.rf/gntv_or_sync_fifo.gl0.rd/gr1.gr1_int.rfwft/aempty_fwft_i_reg/C
                         clock pessimism             -0.281     0.910    
    SLICE_X33Y55         FDPE (Remov_fdpe_C_PRE)     -0.095     0.815    u_zynq_soc/axi_interconnect_0/s00_couplers/auto_pc/inst/gen_axi4_axi3.axi3_conv_inst/USE_WRITE.write_addr_inst/USE_B_CHANNEL.cmd_b_queue/inst/fifo_gen_inst/inst_fifo_gen/gconvfifo.rf/grf.rf/gntv_or_sync_fifo.gl0.rd/gr1.gr1_int.rfwft/aempty_fwft_i_reg
  -------------------------------------------------------------------
                         required time                         -0.815    
                         arrival time                           1.449    
  -------------------------------------------------------------------
                         slack                                  0.635    

Slack (MET) :             0.635ns  (arrival time - required time)
  Source:                 u_zynq_soc/axi_interconnect_0/s00_couplers/auto_pc/inst/gen_axi4_axi3.axi3_conv_inst/USE_WRITE.write_addr_inst/USE_B_CHANNEL.cmd_b_queue/inst/fifo_gen_inst/inst_fifo_gen/gconvfifo.rf/grf.rf/rstblk/ngwrdrst.grst.g7serrst.gnsckt_wrst.gcc_rst.sckt_wr_rst_cc_reg[0]/C
                            (rising edge-triggered cell FDRE clocked by clk_fpga_0  {rise@0.000ns fall@10.000ns period=20.000ns})
  Destination:            u_zynq_soc/axi_interconnect_0/s00_couplers/auto_pc/inst/gen_axi4_axi3.axi3_conv_inst/USE_WRITE.write_addr_inst/USE_B_CHANNEL.cmd_b_queue/inst/fifo_gen_inst/inst_fifo_gen/gconvfifo.rf/grf.rf/gntv_or_sync_fifo.gl0.rd/gr1.gr1_int.rfwft/empty_fwft_fb_o_i_reg/PRE
                            (removal check against rising-edge clock clk_fpga_0  {rise@0.000ns fall@10.000ns period=20.000ns})
  Path Group:             **async_default**
  Path Type:              Removal (Min at Fast Process Corner)
  Requirement:            0.000ns  (clk_fpga_0 rise@0.000ns - clk_fpga_0 rise@0.000ns)
  Data Path Delay:        0.556ns  (logic 0.186ns (33.471%)  route 0.370ns (66.529%))
  Logic Levels:           1  (LUT3=1)
  Clock Path Skew:        0.016ns (DCD - SCD - CPR)
    Destination Clock Delay (DCD):    1.191ns
    Source Clock Delay      (SCD):    0.894ns
    Clock Pessimism Removal (CPR):    0.281ns

    Location             Delay type                Incr(ns)  Path(ns)    Netlist Resource(s)
  -------------------------------------------------------------------    -------------------
                         (clock clk_fpga_0 rise edge)
                                                      0.000     0.000 r  
    PS7_X0Y0             PS7                          0.000     0.000 r  u_zynq_soc/processing_system7_0/inst/PS7_i/FCLKCLK[0]
                         net (fo=1, routed)           0.310     0.310    u_zynq_soc/processing_system7_0/inst/FCLK_CLK_unbuffered[0]
    BUFGCTRL_X0Y16       BUFG (Prop_bufg_I_O)         0.026     0.336 r  u_zynq_soc/processing_system7_0/inst/buffer_fclk_clk_0.FCLK_CLK_0_BUFG/O
                         net (fo=5353, routed)        0.558     0.894    u_zynq_soc/axi_interconnect_0/s00_couplers/auto_pc/inst/gen_axi4_axi3.axi3_conv_inst/USE_WRITE.write_addr_inst/USE_B_CHANNEL.cmd_b_queue/inst/fifo_gen_inst/inst_fifo_gen/gconvfifo.rf/grf.rf/rstblk/clk
    SLICE_X33Y54         FDRE                                         r  u_zynq_soc/axi_interconnect_0/s00_couplers/auto_pc/inst/gen_axi4_axi3.axi3_conv_inst/USE_WRITE.write_addr_inst/USE_B_CHANNEL.cmd_b_queue/inst/fifo_gen_inst/inst_fifo_gen/gconvfifo.rf/grf.rf/rstblk/ngwrdrst.grst.g7serrst.gnsckt_wrst.gcc_rst.sckt_wr_rst_cc_reg[0]/C
  -------------------------------------------------------------------    -------------------
    SLICE_X33Y54         FDRE (Prop_fdre_C_Q)         0.141     1.035 f  u_zynq_soc/axi_interconnect_0/s00_couplers/auto_pc/inst/gen_axi4_axi3.axi3_conv_inst/USE_WRITE.write_addr_inst/USE_B_CHANNEL.cmd_b_queue/inst/fifo_gen_inst/inst_fifo_gen/gconvfifo.rf/grf.rf/rstblk/ngwrdrst.grst.g7serrst.gnsckt_wrst.gcc_rst.sckt_wr_rst_cc_reg[0]/Q
                         net (fo=3, routed)           0.169     1.204    u_zynq_soc/axi_interconnect_0/s00_couplers/auto_pc/inst/gen_axi4_axi3.axi3_conv_inst/USE_WRITE.write_addr_inst/USE_B_CHANNEL.cmd_b_queue/inst/fifo_gen_inst/inst_fifo_gen/gconvfifo.rf/grf.rf/rstblk/ngwrdrst.grst.g7serrst.gnsckt_wrst.gcc_rst.sckt_wr_rst_cc[0]
    SLICE_X33Y54         LUT3 (Prop_lut3_I1_O)        0.045     1.249 f  u_zynq_soc/axi_interconnect_0/s00_couplers/auto_pc/inst/gen_axi4_axi3.axi3_conv_inst/USE_WRITE.write_addr_inst/USE_B_CHANNEL.cmd_b_queue/inst/fifo_gen_inst/inst_fifo_gen/gconvfifo.rf/grf.rf/rstblk/gpregsm1.curr_fwft_state[1]_i_2/O
                         net (fo=32, routed)          0.201     1.449    u_zynq_soc/axi_interconnect_0/s00_couplers/auto_pc/inst/gen_axi4_axi3.axi3_conv_inst/USE_WRITE.write_addr_inst/USE_B_CHANNEL.cmd_b_queue/inst/fifo_gen_inst/inst_fifo_gen/gconvfifo.rf/grf.rf/gntv_or_sync_fifo.gl0.rd/gr1.gr1_int.rfwft/gpregsm1.user_valid_reg_0
    SLICE_X33Y55         FDPE                                         f  u_zynq_soc/axi_interconnect_0/s00_couplers/auto_pc/inst/gen_axi4_axi3.axi3_conv_inst/USE_WRITE.write_addr_inst/USE_B_CHANNEL.cmd_b_queue/inst/fifo_gen_inst/inst_fifo_gen/gconvfifo.rf/grf.rf/gntv_or_sync_fifo.gl0.rd/gr1.gr1_int.rfwft/empty_fwft_fb_o_i_reg/PRE
  -------------------------------------------------------------------    -------------------

                         (clock clk_fpga_0 rise edge)
                                                      0.000     0.000 r  
    PS7_X0Y0             PS7                          0.000     0.000 r  u_zynq_soc/processing_system7_0/inst/PS7_i/FCLKCLK[0]
                         net (fo=1, routed)           0.337     0.337    u_zynq_soc/processing_system7_0/inst/FCLK_CLK_unbuffered[0]
    BUFGCTRL_X0Y16       BUFG (Prop_bufg_I_O)         0.029     0.366 r  u_zynq_soc/processing_system7_0/inst/buffer_fclk_clk_0.FCLK_CLK_0_BUFG/O
                         net (fo=5353, routed)        0.825     1.191    u_zynq_soc/axi_interconnect_0/s00_couplers/auto_pc/inst/gen_axi4_axi3.axi3_conv_inst/USE_WRITE.write_addr_inst/USE_B_CHANNEL.cmd_b_queue/inst/fifo_gen_inst/inst_fifo_gen/gconvfifo.rf/grf.rf/gntv_or_sync_fifo.gl0.rd/gr1.gr1_int.rfwft/clk
    SLICE_X33Y55         FDPE                                         r  u_zynq_soc/axi_interconnect_0/s00_couplers/auto_pc/inst/gen_axi4_axi3.axi3_conv_inst/USE_WRITE.write_addr_inst/USE_B_CHANNEL.cmd_b_queue/inst/fifo_gen_inst/inst_fifo_gen/gconvfifo.rf/grf.rf/gntv_or_sync_fifo.gl0.rd/gr1.gr1_int.rfwft/empty_fwft_fb_o_i_reg/C
                         clock pessimism             -0.281     0.910    
    SLICE_X33Y55         FDPE (Remov_fdpe_C_PRE)     -0.095     0.815    u_zynq_soc/axi_interconnect_0/s00_couplers/auto_pc/inst/gen_axi4_axi3.axi3_conv_inst/USE_WRITE.write_addr_inst/USE_B_CHANNEL.cmd_b_queue/inst/fifo_gen_inst/inst_fifo_gen/gconvfifo.rf/grf.rf/gntv_or_sync_fifo.gl0.rd/gr1.gr1_int.rfwft/empty_fwft_fb_o_i_reg
  -------------------------------------------------------------------
                         required time                         -0.815    
                         arrival time                           1.449    
  -------------------------------------------------------------------
                         slack                                  0.635    

Slack (MET) :             0.644ns  (arrival time - required time)
  Source:                 u_zynq_soc/axi_interconnect_0/s00_couplers/auto_pc/inst/gen_axi4_axi3.axi3_conv_inst/USE_READ.USE_SPLIT_R.read_addr_inst/USE_R_CHANNEL.cmd_queue/inst/fifo_gen_inst/inst_fifo_gen/gconvfifo.rf/grf.rf/rstblk/ngwrdrst.grst.g7serrst.gnsckt_wrst.gcc_rst.sckt_wr_rst_cc_reg[0]/C
                            (rising edge-triggered cell FDRE clocked by clk_fpga_0  {rise@0.000ns fall@10.000ns period=20.000ns})
  Destination:            u_zynq_soc/axi_interconnect_0/s00_couplers/auto_pc/inst/gen_axi4_axi3.axi3_conv_inst/USE_READ.USE_SPLIT_R.read_addr_inst/USE_R_CHANNEL.cmd_queue/inst/fifo_gen_inst/inst_fifo_gen/gconvfifo.rf/grf.rf/gntv_or_sync_fifo.gl0.wr/wpntr/gcc0.gc0.count_d1_reg[2]/CLR
                            (removal check against rising-edge clock clk_fpga_0  {rise@0.000ns fall@10.000ns period=20.000ns})
  Path Group:             **async_default**
  Path Type:              Removal (Min at Fast Process Corner)
  Requirement:            0.000ns  (clk_fpga_0 rise@0.000ns - clk_fpga_0 rise@0.000ns)
  Data Path Delay:        0.853ns  (logic 0.186ns (21.806%)  route 0.667ns (78.194%))
  Logic Levels:           1  (LUT3=1)
  Clock Path Skew:        0.301ns (DCD - SCD - CPR)
    Destination Clock Delay (DCD):    1.225ns
    Source Clock Delay      (SCD):    0.894ns
    Clock Pessimism Removal (CPR):    0.030ns

    Location             Delay type                Incr(ns)  Path(ns)    Netlist Resource(s)
  -------------------------------------------------------------------    -------------------
                         (clock clk_fpga_0 rise edge)
                                                      0.000     0.000 r  
    PS7_X0Y0             PS7                          0.000     0.000 r  u_zynq_soc/processing_system7_0/inst/PS7_i/FCLKCLK[0]
                         net (fo=1, routed)           0.310     0.310    u_zynq_soc/processing_system7_0/inst/FCLK_CLK_unbuffered[0]
    BUFGCTRL_X0Y16       BUFG (Prop_bufg_I_O)         0.026     0.336 r  u_zynq_soc/processing_system7_0/inst/buffer_fclk_clk_0.FCLK_CLK_0_BUFG/O
                         net (fo=5353, routed)        0.558     0.894    u_zynq_soc/axi_interconnect_0/s00_couplers/auto_pc/inst/gen_axi4_axi3.axi3_conv_inst/USE_READ.USE_SPLIT_R.read_addr_inst/USE_R_CHANNEL.cmd_queue/inst/fifo_gen_inst/inst_fifo_gen/gconvfifo.rf/grf.rf/rstblk/clk
    SLICE_X33Y53         FDRE                                         r  u_zynq_soc/axi_interconnect_0/s00_couplers/auto_pc/inst/gen_axi4_axi3.axi3_conv_inst/USE_READ.USE_SPLIT_R.read_addr_inst/USE_R_CHANNEL.cmd_queue/inst/fifo_gen_inst/inst_fifo_gen/gconvfifo.rf/grf.rf/rstblk/ngwrdrst.grst.g7serrst.gnsckt_wrst.gcc_rst.sckt_wr_rst_cc_reg[0]/C
  -------------------------------------------------------------------    -------------------
    SLICE_X33Y53         FDRE (Prop_fdre_C_Q)         0.141     1.035 f  u_zynq_soc/axi_interconnect_0/s00_couplers/auto_pc/inst/gen_axi4_axi3.axi3_conv_inst/USE_READ.USE_SPLIT_R.read_addr_inst/USE_R_CHANNEL.cmd_queue/inst/fifo_gen_inst/inst_fifo_gen/gconvfifo.rf/grf.rf/rstblk/ngwrdrst.grst.g7serrst.gnsckt_wrst.gcc_rst.sckt_wr_rst_cc_reg[0]/Q
                         net (fo=2, routed)           0.167     1.202    u_zynq_soc/axi_interconnect_0/s00_couplers/auto_pc/inst/gen_axi4_axi3.axi3_conv_inst/USE_READ.USE_SPLIT_R.read_addr_inst/USE_R_CHANNEL.cmd_queue/inst/fifo_gen_inst/inst_fifo_gen/gconvfifo.rf/grf.rf/rstblk/ngwrdrst.grst.g7serrst.gnsckt_wrst.gcc_rst.sckt_wr_rst_cc[0]
    SLICE_X33Y53         LUT3 (Prop_lut3_I1_O)        0.045     1.247 f  u_zynq_soc/axi_interconnect_0/s00_couplers/auto_pc/inst/gen_axi4_axi3.axi3_conv_inst/USE_READ.USE_SPLIT_R.read_addr_inst/USE_R_CHANNEL.cmd_queue/inst/fifo_gen_inst/inst_fifo_gen/gconvfifo.rf/grf.rf/rstblk/gpregsm1.curr_fwft_state[1]_i_2/O
                         net (fo=33, routed)          0.500     1.747    u_zynq_soc/axi_interconnect_0/s00_couplers/auto_pc/inst/gen_axi4_axi3.axi3_conv_inst/USE_READ.USE_SPLIT_R.read_addr_inst/USE_R_CHANNEL.cmd_queue/inst/fifo_gen_inst/inst_fifo_gen/gconvfifo.rf/grf.rf/gntv_or_sync_fifo.gl0.wr/wpntr/gcc0.gc0.count_d1_reg[0]_0
    SLICE_X28Y49         FDCE                                         f  u_zynq_soc/axi_interconnect_0/s00_couplers/auto_pc/inst/gen_axi4_axi3.axi3_conv_inst/USE_READ.USE_SPLIT_R.read_addr_inst/USE_R_CHANNEL.cmd_queue/inst/fifo_gen_inst/inst_fifo_gen/gconvfifo.rf/grf.rf/gntv_or_sync_fifo.gl0.wr/wpntr/gcc0.gc0.count_d1_reg[2]/CLR
  -------------------------------------------------------------------    -------------------

                         (clock clk_fpga_0 rise edge)
                                                      0.000     0.000 r  
    PS7_X0Y0             PS7                          0.000     0.000 r  u_zynq_soc/processing_system7_0/inst/PS7_i/FCLKCLK[0]
                         net (fo=1, routed)           0.337     0.337    u_zynq_soc/processing_system7_0/inst/FCLK_CLK_unbuffered[0]
    BUFGCTRL_X0Y16       BUFG (Prop_bufg_I_O)         0.029     0.366 r  u_zynq_soc/processing_system7_0/inst/buffer_fclk_clk_0.FCLK_CLK_0_BUFG/O
                         net (fo=5353, routed)        0.859     1.225    u_zynq_soc/axi_interconnect_0/s00_couplers/auto_pc/inst/gen_axi4_axi3.axi3_conv_inst/USE_READ.USE_SPLIT_R.read_addr_inst/USE_R_CHANNEL.cmd_queue/inst/fifo_gen_inst/inst_fifo_gen/gconvfifo.rf/grf.rf/gntv_or_sync_fifo.gl0.wr/wpntr/clk
    SLICE_X28Y49         FDCE                                         r  u_zynq_soc/axi_interconnect_0/s00_couplers/auto_pc/inst/gen_axi4_axi3.axi3_conv_inst/USE_READ.USE_SPLIT_R.read_addr_inst/USE_R_CHANNEL.cmd_queue/inst/fifo_gen_inst/inst_fifo_gen/gconvfifo.rf/grf.rf/gntv_or_sync_fifo.gl0.wr/wpntr/gcc0.gc0.count_d1_reg[2]/C
                         clock pessimism             -0.030     1.195    
    SLICE_X28Y49         FDCE (Remov_fdce_C_CLR)     -0.092     1.103    u_zynq_soc/axi_interconnect_0/s00_couplers/auto_pc/inst/gen_axi4_axi3.axi3_conv_inst/USE_READ.USE_SPLIT_R.read_addr_inst/USE_R_CHANNEL.cmd_queue/inst/fifo_gen_inst/inst_fifo_gen/gconvfifo.rf/grf.rf/gntv_or_sync_fifo.gl0.wr/wpntr/gcc0.gc0.count_d1_reg[2]
  -------------------------------------------------------------------
                         required time                         -1.103    
                         arrival time                           1.747    
  -------------------------------------------------------------------
                         slack                                  0.644    

Slack (MET) :             0.644ns  (arrival time - required time)
  Source:                 u_zynq_soc/axi_interconnect_0/s00_couplers/auto_pc/inst/gen_axi4_axi3.axi3_conv_inst/USE_READ.USE_SPLIT_R.read_addr_inst/USE_R_CHANNEL.cmd_queue/inst/fifo_gen_inst/inst_fifo_gen/gconvfifo.rf/grf.rf/rstblk/ngwrdrst.grst.g7serrst.gnsckt_wrst.gcc_rst.sckt_wr_rst_cc_reg[0]/C
                            (rising edge-triggered cell FDRE clocked by clk_fpga_0  {rise@0.000ns fall@10.000ns period=20.000ns})
  Destination:            u_zynq_soc/axi_interconnect_0/s00_couplers/auto_pc/inst/gen_axi4_axi3.axi3_conv_inst/USE_READ.USE_SPLIT_R.read_addr_inst/USE_R_CHANNEL.cmd_queue/inst/fifo_gen_inst/inst_fifo_gen/gconvfifo.rf/grf.rf/gntv_or_sync_fifo.gl0.wr/wpntr/gcc0.gc0.count_reg[2]/CLR
                            (removal check against rising-edge clock clk_fpga_0  {rise@0.000ns fall@10.000ns period=20.000ns})
  Path Group:             **async_default**
  Path Type:              Removal (Min at Fast Process Corner)
  Requirement:            0.000ns  (clk_fpga_0 rise@0.000ns - clk_fpga_0 rise@0.000ns)
  Data Path Delay:        0.853ns  (logic 0.186ns (21.806%)  route 0.667ns (78.194%))
  Logic Levels:           1  (LUT3=1)
  Clock Path Skew:        0.301ns (DCD - SCD - CPR)
    Destination Clock Delay (DCD):    1.225ns
    Source Clock Delay      (SCD):    0.894ns
    Clock Pessimism Removal (CPR):    0.030ns

    Location             Delay type                Incr(ns)  Path(ns)    Netlist Resource(s)
  -------------------------------------------------------------------    -------------------
                         (clock clk_fpga_0 rise edge)
                                                      0.000     0.000 r  
    PS7_X0Y0             PS7                          0.000     0.000 r  u_zynq_soc/processing_system7_0/inst/PS7_i/FCLKCLK[0]
                         net (fo=1, routed)           0.310     0.310    u_zynq_soc/processing_system7_0/inst/FCLK_CLK_unbuffered[0]
    BUFGCTRL_X0Y16       BUFG (Prop_bufg_I_O)         0.026     0.336 r  u_zynq_soc/processing_system7_0/inst/buffer_fclk_clk_0.FCLK_CLK_0_BUFG/O
                         net (fo=5353, routed)        0.558     0.894    u_zynq_soc/axi_interconnect_0/s00_couplers/auto_pc/inst/gen_axi4_axi3.axi3_conv_inst/USE_READ.USE_SPLIT_R.read_addr_inst/USE_R_CHANNEL.cmd_queue/inst/fifo_gen_inst/inst_fifo_gen/gconvfifo.rf/grf.rf/rstblk/clk
    SLICE_X33Y53         FDRE                                         r  u_zynq_soc/axi_interconnect_0/s00_couplers/auto_pc/inst/gen_axi4_axi3.axi3_conv_inst/USE_READ.USE_SPLIT_R.read_addr_inst/USE_R_CHANNEL.cmd_queue/inst/fifo_gen_inst/inst_fifo_gen/gconvfifo.rf/grf.rf/rstblk/ngwrdrst.grst.g7serrst.gnsckt_wrst.gcc_rst.sckt_wr_rst_cc_reg[0]/C
  -------------------------------------------------------------------    -------------------
    SLICE_X33Y53         FDRE (Prop_fdre_C_Q)         0.141     1.035 f  u_zynq_soc/axi_interconnect_0/s00_couplers/auto_pc/inst/gen_axi4_axi3.axi3_conv_inst/USE_READ.USE_SPLIT_R.read_addr_inst/USE_R_CHANNEL.cmd_queue/inst/fifo_gen_inst/inst_fifo_gen/gconvfifo.rf/grf.rf/rstblk/ngwrdrst.grst.g7serrst.gnsckt_wrst.gcc_rst.sckt_wr_rst_cc_reg[0]/Q
                         net (fo=2, routed)           0.167     1.202    u_zynq_soc/axi_interconnect_0/s00_couplers/auto_pc/inst/gen_axi4_axi3.axi3_conv_inst/USE_READ.USE_SPLIT_R.read_addr_inst/USE_R_CHANNEL.cmd_queue/inst/fifo_gen_inst/inst_fifo_gen/gconvfifo.rf/grf.rf/rstblk/ngwrdrst.grst.g7serrst.gnsckt_wrst.gcc_rst.sckt_wr_rst_cc[0]
    SLICE_X33Y53         LUT3 (Prop_lut3_I1_O)        0.045     1.247 f  u_zynq_soc/axi_interconnect_0/s00_couplers/auto_pc/inst/gen_axi4_axi3.axi3_conv_inst/USE_READ.USE_SPLIT_R.read_addr_inst/USE_R_CHANNEL.cmd_queue/inst/fifo_gen_inst/inst_fifo_gen/gconvfifo.rf/grf.rf/rstblk/gpregsm1.curr_fwft_state[1]_i_2/O
                         net (fo=33, routed)          0.500     1.747    u_zynq_soc/axi_interconnect_0/s00_couplers/auto_pc/inst/gen_axi4_axi3.axi3_conv_inst/USE_READ.USE_SPLIT_R.read_addr_inst/USE_R_CHANNEL.cmd_queue/inst/fifo_gen_inst/inst_fifo_gen/gconvfifo.rf/grf.rf/gntv_or_sync_fifo.gl0.wr/wpntr/gcc0.gc0.count_d1_reg[0]_0
    SLICE_X28Y49         FDCE                                         f  u_zynq_soc/axi_interconnect_0/s00_couplers/auto_pc/inst/gen_axi4_axi3.axi3_conv_inst/USE_READ.USE_SPLIT_R.read_addr_inst/USE_R_CHANNEL.cmd_queue/inst/fifo_gen_inst/inst_fifo_gen/gconvfifo.rf/grf.rf/gntv_or_sync_fifo.gl0.wr/wpntr/gcc0.gc0.count_reg[2]/CLR
  -------------------------------------------------------------------    -------------------

                         (clock clk_fpga_0 rise edge)
                                                      0.000     0.000 r  
    PS7_X0Y0             PS7                          0.000     0.000 r  u_zynq_soc/processing_system7_0/inst/PS7_i/FCLKCLK[0]
                         net (fo=1, routed)           0.337     0.337    u_zynq_soc/processing_system7_0/inst/FCLK_CLK_unbuffered[0]
    BUFGCTRL_X0Y16       BUFG (Prop_bufg_I_O)         0.029     0.366 r  u_zynq_soc/processing_system7_0/inst/buffer_fclk_clk_0.FCLK_CLK_0_BUFG/O
                         net (fo=5353, routed)        0.859     1.225    u_zynq_soc/axi_interconnect_0/s00_couplers/auto_pc/inst/gen_axi4_axi3.axi3_conv_inst/USE_READ.USE_SPLIT_R.read_addr_inst/USE_R_CHANNEL.cmd_queue/inst/fifo_gen_inst/inst_fifo_gen/gconvfifo.rf/grf.rf/gntv_or_sync_fifo.gl0.wr/wpntr/clk
    SLICE_X28Y49         FDCE                                         r  u_zynq_soc/axi_interconnect_0/s00_couplers/auto_pc/inst/gen_axi4_axi3.axi3_conv_inst/USE_READ.USE_SPLIT_R.read_addr_inst/USE_R_CHANNEL.cmd_queue/inst/fifo_gen_inst/inst_fifo_gen/gconvfifo.rf/grf.rf/gntv_or_sync_fifo.gl0.wr/wpntr/gcc0.gc0.count_reg[2]/C
                         clock pessimism             -0.030     1.195    
    SLICE_X28Y49         FDCE (Remov_fdce_C_CLR)     -0.092     1.103    u_zynq_soc/axi_interconnect_0/s00_couplers/auto_pc/inst/gen_axi4_axi3.axi3_conv_inst/USE_READ.USE_SPLIT_R.read_addr_inst/USE_R_CHANNEL.cmd_queue/inst/fifo_gen_inst/inst_fifo_gen/gconvfifo.rf/grf.rf/gntv_or_sync_fifo.gl0.wr/wpntr/gcc0.gc0.count_reg[2]
  -------------------------------------------------------------------
                         required time                         -1.103    
                         arrival time                           1.747    
  -------------------------------------------------------------------
                         slack                                  0.644    





--------------------------------------------------------------------------------------
Path Group:  (none)
From Clock:  
  To Clock:  clk_fpga_0

Max Delay             1 Endpoint
Min Delay             1 Endpoint
--------------------------------------------------------------------------------------


Max Delay Paths
--------------------------------------------------------------------------------------
Slack:                    inf
  Source:                 u_zynq_soc/processing_system7_0/inst/PS7_i/FCLKRESETN[0]
                            (internal pin)
  Destination:            u_zynq_soc/proc_sys_reset_0/U0/EXT_LPF/ACTIVE_LOW_EXT.ACT_LO_EXT/GENERATE_LEVEL_P_S_CDC.SINGLE_BIT.CROSS_PLEVEL_IN2SCNDRY_IN_cdc_to/D
                            (rising edge-triggered cell FDRE clocked by clk_fpga_0  {rise@0.000ns fall@10.000ns period=20.000ns})
  Path Group:             (none)
  Path Type:              Setup (Max at Slow Process Corner)
  Data Path Delay:        1.757ns  (logic 0.105ns (5.975%)  route 1.652ns (94.025%))
  Logic Levels:           1  (LUT1=1)
  Clock Uncertainty:      0.301ns  ((TSJ^2 + TIJ^2)^1/2 + DJ) / 2 + PE
    Total System Jitter     (TSJ):    0.050ns
    Total Input Jitter      (TIJ):    0.600ns
    Discrete Jitter          (DJ):    0.000ns
    Phase Error              (PE):    0.000ns
  Timing Exception:       False Path

    Location             Delay type                Incr(ns)  Path(ns)    Netlist Resource(s)
  -------------------------------------------------------------------    -------------------
    PS7_X0Y0             PS7                          0.000     0.000 f  u_zynq_soc/processing_system7_0/inst/PS7_i/FCLKRESETN[0]
                         net (fo=1, routed)           1.652     1.652    u_zynq_soc/proc_sys_reset_0/U0/EXT_LPF/ACTIVE_LOW_EXT.ACT_LO_EXT/ext_reset_in
    SLICE_X28Y63         LUT1 (Prop_lut1_I0_O)        0.105     1.757 r  u_zynq_soc/proc_sys_reset_0/U0/EXT_LPF/ACTIVE_LOW_EXT.ACT_LO_EXT/GENERATE_LEVEL_P_S_CDC.SINGLE_BIT.CROSS_PLEVEL_IN2SCNDRY_IN_cdc_to_i_1/O
                         net (fo=1, routed)           0.000     1.757    u_zynq_soc/proc_sys_reset_0/U0/EXT_LPF/ACTIVE_LOW_EXT.ACT_LO_EXT/exr_d1
    SLICE_X28Y63         FDRE                                         r  u_zynq_soc/proc_sys_reset_0/U0/EXT_LPF/ACTIVE_LOW_EXT.ACT_LO_EXT/GENERATE_LEVEL_P_S_CDC.SINGLE_BIT.CROSS_PLEVEL_IN2SCNDRY_IN_cdc_to/D
  -------------------------------------------------------------------    -------------------

                         (clock clk_fpga_0 rise edge)
                                                      0.000     0.000 r  
    PS7_X0Y0             PS7                          0.000     0.000 r  u_zynq_soc/processing_system7_0/inst/PS7_i/FCLKCLK[0]
                         net (fo=1, routed)           0.905     0.905    u_zynq_soc/processing_system7_0/inst/FCLK_CLK_unbuffered[0]
    BUFGCTRL_X0Y16       BUFG (Prop_bufg_I_O)         0.077     0.982 r  u_zynq_soc/processing_system7_0/inst/buffer_fclk_clk_0.FCLK_CLK_0_BUFG/O
                         net (fo=5353, routed)        1.272     2.255    u_zynq_soc/proc_sys_reset_0/U0/EXT_LPF/ACTIVE_LOW_EXT.ACT_LO_EXT/slowest_sync_clk
    SLICE_X28Y63         FDRE                                         r  u_zynq_soc/proc_sys_reset_0/U0/EXT_LPF/ACTIVE_LOW_EXT.ACT_LO_EXT/GENERATE_LEVEL_P_S_CDC.SINGLE_BIT.CROSS_PLEVEL_IN2SCNDRY_IN_cdc_to/C





Min Delay Paths
--------------------------------------------------------------------------------------
Slack:                    inf
  Source:                 u_zynq_soc/processing_system7_0/inst/PS7_i/FCLKRESETN[0]
                            (internal pin)
  Destination:            u_zynq_soc/proc_sys_reset_0/U0/EXT_LPF/ACTIVE_LOW_EXT.ACT_LO_EXT/GENERATE_LEVEL_P_S_CDC.SINGLE_BIT.CROSS_PLEVEL_IN2SCNDRY_IN_cdc_to/D
                            (rising edge-triggered cell FDRE clocked by clk_fpga_0  {rise@0.000ns fall@10.000ns period=20.000ns})
  Path Group:             (none)
  Path Type:              Hold (Min at Fast Process Corner)
  Data Path Delay:        0.816ns  (logic 0.045ns (5.513%)  route 0.771ns (94.487%))
  Logic Levels:           1  (LUT1=1)
  Clock Uncertainty:      0.301ns  ((TSJ^2 + TIJ^2)^1/2 + DJ) / 2 + PE
    Total System Jitter     (TSJ):    0.050ns
    Total Input Jitter      (TIJ):    0.600ns
    Discrete Jitter          (DJ):    0.000ns
    Phase Error              (PE):    0.000ns
  Timing Exception:       False Path

    Location             Delay type                Incr(ns)  Path(ns)    Netlist Resource(s)
  -------------------------------------------------------------------    -------------------
    PS7_X0Y0             PS7                          0.000     0.000 f  u_zynq_soc/processing_system7_0/inst/PS7_i/FCLKRESETN[0]
                         net (fo=1, routed)           0.771     0.771    u_zynq_soc/proc_sys_reset_0/U0/EXT_LPF/ACTIVE_LOW_EXT.ACT_LO_EXT/ext_reset_in
    SLICE_X28Y63         LUT1 (Prop_lut1_I0_O)        0.045     0.816 r  u_zynq_soc/proc_sys_reset_0/U0/EXT_LPF/ACTIVE_LOW_EXT.ACT_LO_EXT/GENERATE_LEVEL_P_S_CDC.SINGLE_BIT.CROSS_PLEVEL_IN2SCNDRY_IN_cdc_to_i_1/O
                         net (fo=1, routed)           0.000     0.816    u_zynq_soc/proc_sys_reset_0/U0/EXT_LPF/ACTIVE_LOW_EXT.ACT_LO_EXT/exr_d1
    SLICE_X28Y63         FDRE                                         r  u_zynq_soc/proc_sys_reset_0/U0/EXT_LPF/ACTIVE_LOW_EXT.ACT_LO_EXT/GENERATE_LEVEL_P_S_CDC.SINGLE_BIT.CROSS_PLEVEL_IN2SCNDRY_IN_cdc_to/D
  -------------------------------------------------------------------    -------------------

                         (clock clk_fpga_0 rise edge)
                                                      0.000     0.000 r  
    PS7_X0Y0             PS7                          0.000     0.000 r  u_zynq_soc/processing_system7_0/inst/PS7_i/FCLKCLK[0]
                         net (fo=1, routed)           0.337     0.337    u_zynq_soc/processing_system7_0/inst/FCLK_CLK_unbuffered[0]
    BUFGCTRL_X0Y16       BUFG (Prop_bufg_I_O)         0.029     0.366 r  u_zynq_soc/processing_system7_0/inst/buffer_fclk_clk_0.FCLK_CLK_0_BUFG/O
                         net (fo=5353, routed)        0.839     1.205    u_zynq_soc/proc_sys_reset_0/U0/EXT_LPF/ACTIVE_LOW_EXT.ACT_LO_EXT/slowest_sync_clk
    SLICE_X28Y63         FDRE                                         r  u_zynq_soc/proc_sys_reset_0/U0/EXT_LPF/ACTIVE_LOW_EXT.ACT_LO_EXT/GENERATE_LEVEL_P_S_CDC.SINGLE_BIT.CROSS_PLEVEL_IN2SCNDRY_IN_cdc_to/C





--------------------------------------------------------------------------------------
Path Group:  (none)
From Clock:  clk_fpga_0
  To Clock:  clk_fpga_0

Max Delay             6 Endpoints
Min Delay             6 Endpoints
--------------------------------------------------------------------------------------


Max Delay Paths
--------------------------------------------------------------------------------------
Slack:                    inf
  Source:                 u_zynq_soc/proc_sys_reset_0/U0/ACTIVE_LOW_PR_OUT_DFF[0].FDRE_PER_N/C
                            (rising edge-triggered cell FDRE clocked by clk_fpga_0  {rise@0.000ns fall@10.000ns period=20.000ns})
  Destination:            u_zynq_soc/axi_interconnect_0/s00_couplers/auto_pc/inst/gen_axi4_axi3.axi3_conv_inst/USE_WRITE.write_addr_inst/USE_BURSTS.cmd_queue/inst/fifo_gen_inst/inst_fifo_gen/gconvfifo.rf/grf.rf/rstblk/ngwrdrst.grst.g7serrst.gnsckt_wrst.rst_wr_reg2_inst/arststages_ff_reg[0]/PRE
                            (recovery check against rising-edge clock clk_fpga_0  {rise@0.000ns fall@10.000ns period=20.000ns})
  Path Group:             (none)
  Path Type:              Recovery (Max at Slow Process Corner)
  Data Path Delay:        1.984ns  (logic 0.494ns (24.893%)  route 1.490ns (75.107%))
  Logic Levels:           1  (LUT1=1)
  Clock Path Skew:        -0.254ns (DCD - SCD + CPR)
    Destination Clock Delay (DCD):    2.255ns
    Source Clock Delay      (SCD):    2.509ns
    Clock Pessimism Removal (CPR):    0.000ns
  Clock Uncertainty:      0.302ns  ((TSJ^2 + TIJ^2)^1/2 + DJ) / 2 + PE
    Total System Jitter     (TSJ):    0.071ns
    Total Input Jitter      (TIJ):    0.600ns
    Discrete Jitter          (DJ):    0.000ns
    Phase Error              (PE):    0.000ns
  Timing Exception:       False Path

    Location             Delay type                Incr(ns)  Path(ns)    Netlist Resource(s)
  -------------------------------------------------------------------    -------------------
                         (clock clk_fpga_0 rise edge)
                                                      0.000     0.000 r  
    PS7_X0Y0             PS7                          0.000     0.000 r  u_zynq_soc/processing_system7_0/inst/PS7_i/FCLKCLK[0]
                         net (fo=1, routed)           0.994     0.994    u_zynq_soc/processing_system7_0/inst/FCLK_CLK_unbuffered[0]
    BUFGCTRL_X0Y16       BUFG (Prop_bufg_I_O)         0.085     1.079 r  u_zynq_soc/processing_system7_0/inst/buffer_fclk_clk_0.FCLK_CLK_0_BUFG/O
                         net (fo=5353, routed)        1.430     2.509    u_zynq_soc/proc_sys_reset_0/U0/slowest_sync_clk
    SLICE_X29Y57         FDRE                                         r  u_zynq_soc/proc_sys_reset_0/U0/ACTIVE_LOW_PR_OUT_DFF[0].FDRE_PER_N/C
  -------------------------------------------------------------------    -------------------
    SLICE_X29Y57         FDRE (Prop_fdre_C_Q)         0.379     2.888 r  u_zynq_soc/proc_sys_reset_0/U0/ACTIVE_LOW_PR_OUT_DFF[0].FDRE_PER_N/Q
                         net (fo=7, routed)           0.788     3.676    u_zynq_soc/axi_interconnect_0/s00_couplers/auto_pc/inst/gen_axi4_axi3.axi3_conv_inst/USE_WRITE.write_addr_inst/USE_BURSTS.cmd_queue/inst/aresetn
    SLICE_X28Y54         LUT1 (Prop_lut1_I0_O)        0.115     3.791 f  u_zynq_soc/axi_interconnect_0/s00_couplers/auto_pc/inst/gen_axi4_axi3.axi3_conv_inst/USE_WRITE.write_addr_inst/USE_BURSTS.cmd_queue/inst/S_AXI_AREADY_I_i_1/O
                         net (fo=95, routed)          0.702     4.493    u_zynq_soc/axi_interconnect_0/s00_couplers/auto_pc/inst/gen_axi4_axi3.axi3_conv_inst/USE_WRITE.write_addr_inst/USE_BURSTS.cmd_queue/inst/fifo_gen_inst/inst_fifo_gen/gconvfifo.rf/grf.rf/rstblk/ngwrdrst.grst.g7serrst.gnsckt_wrst.rst_wr_reg2_inst/src_arst
    SLICE_X27Y56         FDPE                                         f  u_zynq_soc/axi_interconnect_0/s00_couplers/auto_pc/inst/gen_axi4_axi3.axi3_conv_inst/USE_WRITE.write_addr_inst/USE_BURSTS.cmd_queue/inst/fifo_gen_inst/inst_fifo_gen/gconvfifo.rf/grf.rf/rstblk/ngwrdrst.grst.g7serrst.gnsckt_wrst.rst_wr_reg2_inst/arststages_ff_reg[0]/PRE
  -------------------------------------------------------------------    -------------------

                         (clock clk_fpga_0 rise edge)
                                                      0.000     0.000 r  
    PS7_X0Y0             PS7                          0.000     0.000 r  u_zynq_soc/processing_system7_0/inst/PS7_i/FCLKCLK[0]
                         net (fo=1, routed)           0.905     0.905    u_zynq_soc/processing_system7_0/inst/FCLK_CLK_unbuffered[0]
    BUFGCTRL_X0Y16       BUFG (Prop_bufg_I_O)         0.077     0.982 r  u_zynq_soc/processing_system7_0/inst/buffer_fclk_clk_0.FCLK_CLK_0_BUFG/O
                         net (fo=5353, routed)        1.272     2.255    u_zynq_soc/axi_interconnect_0/s00_couplers/auto_pc/inst/gen_axi4_axi3.axi3_conv_inst/USE_WRITE.write_addr_inst/USE_BURSTS.cmd_queue/inst/fifo_gen_inst/inst_fifo_gen/gconvfifo.rf/grf.rf/rstblk/ngwrdrst.grst.g7serrst.gnsckt_wrst.rst_wr_reg2_inst/dest_clk
    SLICE_X27Y56         FDPE                                         r  u_zynq_soc/axi_interconnect_0/s00_couplers/auto_pc/inst/gen_axi4_axi3.axi3_conv_inst/USE_WRITE.write_addr_inst/USE_BURSTS.cmd_queue/inst/fifo_gen_inst/inst_fifo_gen/gconvfifo.rf/grf.rf/rstblk/ngwrdrst.grst.g7serrst.gnsckt_wrst.rst_wr_reg2_inst/arststages_ff_reg[0]/C

Slack:                    inf
  Source:                 u_zynq_soc/proc_sys_reset_0/U0/ACTIVE_LOW_PR_OUT_DFF[0].FDRE_PER_N/C
                            (rising edge-triggered cell FDRE clocked by clk_fpga_0  {rise@0.000ns fall@10.000ns period=20.000ns})
  Destination:            u_zynq_soc/axi_interconnect_0/s00_couplers/auto_pc/inst/gen_axi4_axi3.axi3_conv_inst/USE_WRITE.write_addr_inst/USE_BURSTS.cmd_queue/inst/fifo_gen_inst/inst_fifo_gen/gconvfifo.rf/grf.rf/rstblk/ngwrdrst.grst.g7serrst.gnsckt_wrst.rst_wr_reg2_inst/arststages_ff_reg[1]/PRE
                            (recovery check against rising-edge clock clk_fpga_0  {rise@0.000ns fall@10.000ns period=20.000ns})
  Path Group:             (none)
  Path Type:              Recovery (Max at Slow Process Corner)
  Data Path Delay:        1.984ns  (logic 0.494ns (24.893%)  route 1.490ns (75.107%))
  Logic Levels:           1  (LUT1=1)
  Clock Path Skew:        -0.254ns (DCD - SCD + CPR)
    Destination Clock Delay (DCD):    2.255ns
    Source Clock Delay      (SCD):    2.509ns
    Clock Pessimism Removal (CPR):    0.000ns
  Clock Uncertainty:      0.302ns  ((TSJ^2 + TIJ^2)^1/2 + DJ) / 2 + PE
    Total System Jitter     (TSJ):    0.071ns
    Total Input Jitter      (TIJ):    0.600ns
    Discrete Jitter          (DJ):    0.000ns
    Phase Error              (PE):    0.000ns
  Timing Exception:       False Path

    Location             Delay type                Incr(ns)  Path(ns)    Netlist Resource(s)
  -------------------------------------------------------------------    -------------------
                         (clock clk_fpga_0 rise edge)
                                                      0.000     0.000 r  
    PS7_X0Y0             PS7                          0.000     0.000 r  u_zynq_soc/processing_system7_0/inst/PS7_i/FCLKCLK[0]
                         net (fo=1, routed)           0.994     0.994    u_zynq_soc/processing_system7_0/inst/FCLK_CLK_unbuffered[0]
    BUFGCTRL_X0Y16       BUFG (Prop_bufg_I_O)         0.085     1.079 r  u_zynq_soc/processing_system7_0/inst/buffer_fclk_clk_0.FCLK_CLK_0_BUFG/O
                         net (fo=5353, routed)        1.430     2.509    u_zynq_soc/proc_sys_reset_0/U0/slowest_sync_clk
    SLICE_X29Y57         FDRE                                         r  u_zynq_soc/proc_sys_reset_0/U0/ACTIVE_LOW_PR_OUT_DFF[0].FDRE_PER_N/C
  -------------------------------------------------------------------    -------------------
    SLICE_X29Y57         FDRE (Prop_fdre_C_Q)         0.379     2.888 r  u_zynq_soc/proc_sys_reset_0/U0/ACTIVE_LOW_PR_OUT_DFF[0].FDRE_PER_N/Q
                         net (fo=7, routed)           0.788     3.676    u_zynq_soc/axi_interconnect_0/s00_couplers/auto_pc/inst/gen_axi4_axi3.axi3_conv_inst/USE_WRITE.write_addr_inst/USE_BURSTS.cmd_queue/inst/aresetn
    SLICE_X28Y54         LUT1 (Prop_lut1_I0_O)        0.115     3.791 f  u_zynq_soc/axi_interconnect_0/s00_couplers/auto_pc/inst/gen_axi4_axi3.axi3_conv_inst/USE_WRITE.write_addr_inst/USE_BURSTS.cmd_queue/inst/S_AXI_AREADY_I_i_1/O
                         net (fo=95, routed)          0.702     4.493    u_zynq_soc/axi_interconnect_0/s00_couplers/auto_pc/inst/gen_axi4_axi3.axi3_conv_inst/USE_WRITE.write_addr_inst/USE_BURSTS.cmd_queue/inst/fifo_gen_inst/inst_fifo_gen/gconvfifo.rf/grf.rf/rstblk/ngwrdrst.grst.g7serrst.gnsckt_wrst.rst_wr_reg2_inst/src_arst
    SLICE_X27Y56         FDPE                                         f  u_zynq_soc/axi_interconnect_0/s00_couplers/auto_pc/inst/gen_axi4_axi3.axi3_conv_inst/USE_WRITE.write_addr_inst/USE_BURSTS.cmd_queue/inst/fifo_gen_inst/inst_fifo_gen/gconvfifo.rf/grf.rf/rstblk/ngwrdrst.grst.g7serrst.gnsckt_wrst.rst_wr_reg2_inst/arststages_ff_reg[1]/PRE
  -------------------------------------------------------------------    -------------------

                         (clock clk_fpga_0 rise edge)
                                                      0.000     0.000 r  
    PS7_X0Y0             PS7                          0.000     0.000 r  u_zynq_soc/processing_system7_0/inst/PS7_i/FCLKCLK[0]
                         net (fo=1, routed)           0.905     0.905    u_zynq_soc/processing_system7_0/inst/FCLK_CLK_unbuffered[0]
    BUFGCTRL_X0Y16       BUFG (Prop_bufg_I_O)         0.077     0.982 r  u_zynq_soc/processing_system7_0/inst/buffer_fclk_clk_0.FCLK_CLK_0_BUFG/O
                         net (fo=5353, routed)        1.272     2.255    u_zynq_soc/axi_interconnect_0/s00_couplers/auto_pc/inst/gen_axi4_axi3.axi3_conv_inst/USE_WRITE.write_addr_inst/USE_BURSTS.cmd_queue/inst/fifo_gen_inst/inst_fifo_gen/gconvfifo.rf/grf.rf/rstblk/ngwrdrst.grst.g7serrst.gnsckt_wrst.rst_wr_reg2_inst/dest_clk
    SLICE_X27Y56         FDPE                                         r  u_zynq_soc/axi_interconnect_0/s00_couplers/auto_pc/inst/gen_axi4_axi3.axi3_conv_inst/USE_WRITE.write_addr_inst/USE_BURSTS.cmd_queue/inst/fifo_gen_inst/inst_fifo_gen/gconvfifo.rf/grf.rf/rstblk/ngwrdrst.grst.g7serrst.gnsckt_wrst.rst_wr_reg2_inst/arststages_ff_reg[1]/C

Slack:                    inf
  Source:                 u_zynq_soc/proc_sys_reset_0/U0/ACTIVE_LOW_PR_OUT_DFF[0].FDRE_PER_N/C
                            (rising edge-triggered cell FDRE clocked by clk_fpga_0  {rise@0.000ns fall@10.000ns period=20.000ns})
  Destination:            u_zynq_soc/axi_interconnect_0/s00_couplers/auto_pc/inst/gen_axi4_axi3.axi3_conv_inst/USE_READ.USE_SPLIT_R.read_addr_inst/USE_R_CHANNEL.cmd_queue/inst/fifo_gen_inst/inst_fifo_gen/gconvfifo.rf/grf.rf/rstblk/ngwrdrst.grst.g7serrst.gnsckt_wrst.rst_wr_reg2_inst/arststages_ff_reg[0]/PRE
                            (recovery check against rising-edge clock clk_fpga_0  {rise@0.000ns fall@10.000ns period=20.000ns})
  Path Group:             (none)
  Path Type:              Recovery (Max at Slow Process Corner)
  Data Path Delay:        1.902ns  (logic 0.494ns (25.969%)  route 1.408ns (74.031%))
  Logic Levels:           1  (LUT1=1)
  Clock Path Skew:        -0.290ns (DCD - SCD + CPR)
    Destination Clock Delay (DCD):    2.219ns
    Source Clock Delay      (SCD):    2.509ns
    Clock Pessimism Removal (CPR):    0.000ns
  Clock Uncertainty:      0.302ns  ((TSJ^2 + TIJ^2)^1/2 + DJ) / 2 + PE
    Total System Jitter     (TSJ):    0.071ns
    Total Input Jitter      (TIJ):    0.600ns
    Discrete Jitter          (DJ):    0.000ns
    Phase Error              (PE):    0.000ns
  Timing Exception:       False Path

    Location             Delay type                Incr(ns)  Path(ns)    Netlist Resource(s)
  -------------------------------------------------------------------    -------------------
                         (clock clk_fpga_0 rise edge)
                                                      0.000     0.000 r  
    PS7_X0Y0             PS7                          0.000     0.000 r  u_zynq_soc/processing_system7_0/inst/PS7_i/FCLKCLK[0]
                         net (fo=1, routed)           0.994     0.994    u_zynq_soc/processing_system7_0/inst/FCLK_CLK_unbuffered[0]
    BUFGCTRL_X0Y16       BUFG (Prop_bufg_I_O)         0.085     1.079 r  u_zynq_soc/processing_system7_0/inst/buffer_fclk_clk_0.FCLK_CLK_0_BUFG/O
                         net (fo=5353, routed)        1.430     2.509    u_zynq_soc/proc_sys_reset_0/U0/slowest_sync_clk
    SLICE_X29Y57         FDRE                                         r  u_zynq_soc/proc_sys_reset_0/U0/ACTIVE_LOW_PR_OUT_DFF[0].FDRE_PER_N/C
  -------------------------------------------------------------------    -------------------
    SLICE_X29Y57         FDRE (Prop_fdre_C_Q)         0.379     2.888 r  u_zynq_soc/proc_sys_reset_0/U0/ACTIVE_LOW_PR_OUT_DFF[0].FDRE_PER_N/Q
                         net (fo=7, routed)           0.788     3.676    u_zynq_soc/axi_interconnect_0/s00_couplers/auto_pc/inst/gen_axi4_axi3.axi3_conv_inst/USE_WRITE.write_addr_inst/USE_BURSTS.cmd_queue/inst/aresetn
    SLICE_X28Y54         LUT1 (Prop_lut1_I0_O)        0.115     3.791 f  u_zynq_soc/axi_interconnect_0/s00_couplers/auto_pc/inst/gen_axi4_axi3.axi3_conv_inst/USE_WRITE.write_addr_inst/USE_BURSTS.cmd_queue/inst/S_AXI_AREADY_I_i_1/O
                         net (fo=95, routed)          0.620     4.411    u_zynq_soc/axi_interconnect_0/s00_couplers/auto_pc/inst/gen_axi4_axi3.axi3_conv_inst/USE_READ.USE_SPLIT_R.read_addr_inst/USE_R_CHANNEL.cmd_queue/inst/fifo_gen_inst/inst_fifo_gen/gconvfifo.rf/grf.rf/rstblk/ngwrdrst.grst.g7serrst.gnsckt_wrst.rst_wr_reg2_inst/src_arst
    SLICE_X34Y53         FDPE                                         f  u_zynq_soc/axi_interconnect_0/s00_couplers/auto_pc/inst/gen_axi4_axi3.axi3_conv_inst/USE_READ.USE_SPLIT_R.read_addr_inst/USE_R_CHANNEL.cmd_queue/inst/fifo_gen_inst/inst_fifo_gen/gconvfifo.rf/grf.rf/rstblk/ngwrdrst.grst.g7serrst.gnsckt_wrst.rst_wr_reg2_inst/arststages_ff_reg[0]/PRE
  -------------------------------------------------------------------    -------------------

                         (clock clk_fpga_0 rise edge)
                                                      0.000     0.000 r  
    PS7_X0Y0             PS7                          0.000     0.000 r  u_zynq_soc/processing_system7_0/inst/PS7_i/FCLKCLK[0]
                         net (fo=1, routed)           0.905     0.905    u_zynq_soc/processing_system7_0/inst/FCLK_CLK_unbuffered[0]
    BUFGCTRL_X0Y16       BUFG (Prop_bufg_I_O)         0.077     0.982 r  u_zynq_soc/processing_system7_0/inst/buffer_fclk_clk_0.FCLK_CLK_0_BUFG/O
                         net (fo=5353, routed)        1.236     2.219    u_zynq_soc/axi_interconnect_0/s00_couplers/auto_pc/inst/gen_axi4_axi3.axi3_conv_inst/USE_READ.USE_SPLIT_R.read_addr_inst/USE_R_CHANNEL.cmd_queue/inst/fifo_gen_inst/inst_fifo_gen/gconvfifo.rf/grf.rf/rstblk/ngwrdrst.grst.g7serrst.gnsckt_wrst.rst_wr_reg2_inst/dest_clk
    SLICE_X34Y53         FDPE                                         r  u_zynq_soc/axi_interconnect_0/s00_couplers/auto_pc/inst/gen_axi4_axi3.axi3_conv_inst/USE_READ.USE_SPLIT_R.read_addr_inst/USE_R_CHANNEL.cmd_queue/inst/fifo_gen_inst/inst_fifo_gen/gconvfifo.rf/grf.rf/rstblk/ngwrdrst.grst.g7serrst.gnsckt_wrst.rst_wr_reg2_inst/arststages_ff_reg[0]/C

Slack:                    inf
  Source:                 u_zynq_soc/proc_sys_reset_0/U0/ACTIVE_LOW_PR_OUT_DFF[0].FDRE_PER_N/C
                            (rising edge-triggered cell FDRE clocked by clk_fpga_0  {rise@0.000ns fall@10.000ns period=20.000ns})
  Destination:            u_zynq_soc/axi_interconnect_0/s00_couplers/auto_pc/inst/gen_axi4_axi3.axi3_conv_inst/USE_READ.USE_SPLIT_R.read_addr_inst/USE_R_CHANNEL.cmd_queue/inst/fifo_gen_inst/inst_fifo_gen/gconvfifo.rf/grf.rf/rstblk/ngwrdrst.grst.g7serrst.gnsckt_wrst.rst_wr_reg2_inst/arststages_ff_reg[1]/PRE
                            (recovery check against rising-edge clock clk_fpga_0  {rise@0.000ns fall@10.000ns period=20.000ns})
  Path Group:             (none)
  Path Type:              Recovery (Max at Slow Process Corner)
  Data Path Delay:        1.902ns  (logic 0.494ns (25.969%)  route 1.408ns (74.031%))
  Logic Levels:           1  (LUT1=1)
  Clock Path Skew:        -0.290ns (DCD - SCD + CPR)
    Destination Clock Delay (DCD):    2.219ns
    Source Clock Delay      (SCD):    2.509ns
    Clock Pessimism Removal (CPR):    0.000ns
  Clock Uncertainty:      0.302ns  ((TSJ^2 + TIJ^2)^1/2 + DJ) / 2 + PE
    Total System Jitter     (TSJ):    0.071ns
    Total Input Jitter      (TIJ):    0.600ns
    Discrete Jitter          (DJ):    0.000ns
    Phase Error              (PE):    0.000ns
  Timing Exception:       False Path

    Location             Delay type                Incr(ns)  Path(ns)    Netlist Resource(s)
  -------------------------------------------------------------------    -------------------
                         (clock clk_fpga_0 rise edge)
                                                      0.000     0.000 r  
    PS7_X0Y0             PS7                          0.000     0.000 r  u_zynq_soc/processing_system7_0/inst/PS7_i/FCLKCLK[0]
                         net (fo=1, routed)           0.994     0.994    u_zynq_soc/processing_system7_0/inst/FCLK_CLK_unbuffered[0]
    BUFGCTRL_X0Y16       BUFG (Prop_bufg_I_O)         0.085     1.079 r  u_zynq_soc/processing_system7_0/inst/buffer_fclk_clk_0.FCLK_CLK_0_BUFG/O
                         net (fo=5353, routed)        1.430     2.509    u_zynq_soc/proc_sys_reset_0/U0/slowest_sync_clk
    SLICE_X29Y57         FDRE                                         r  u_zynq_soc/proc_sys_reset_0/U0/ACTIVE_LOW_PR_OUT_DFF[0].FDRE_PER_N/C
  -------------------------------------------------------------------    -------------------
    SLICE_X29Y57         FDRE (Prop_fdre_C_Q)         0.379     2.888 r  u_zynq_soc/proc_sys_reset_0/U0/ACTIVE_LOW_PR_OUT_DFF[0].FDRE_PER_N/Q
                         net (fo=7, routed)           0.788     3.676    u_zynq_soc/axi_interconnect_0/s00_couplers/auto_pc/inst/gen_axi4_axi3.axi3_conv_inst/USE_WRITE.write_addr_inst/USE_BURSTS.cmd_queue/inst/aresetn
    SLICE_X28Y54         LUT1 (Prop_lut1_I0_O)        0.115     3.791 f  u_zynq_soc/axi_interconnect_0/s00_couplers/auto_pc/inst/gen_axi4_axi3.axi3_conv_inst/USE_WRITE.write_addr_inst/USE_BURSTS.cmd_queue/inst/S_AXI_AREADY_I_i_1/O
                         net (fo=95, routed)          0.620     4.411    u_zynq_soc/axi_interconnect_0/s00_couplers/auto_pc/inst/gen_axi4_axi3.axi3_conv_inst/USE_READ.USE_SPLIT_R.read_addr_inst/USE_R_CHANNEL.cmd_queue/inst/fifo_gen_inst/inst_fifo_gen/gconvfifo.rf/grf.rf/rstblk/ngwrdrst.grst.g7serrst.gnsckt_wrst.rst_wr_reg2_inst/src_arst
    SLICE_X34Y53         FDPE                                         f  u_zynq_soc/axi_interconnect_0/s00_couplers/auto_pc/inst/gen_axi4_axi3.axi3_conv_inst/USE_READ.USE_SPLIT_R.read_addr_inst/USE_R_CHANNEL.cmd_queue/inst/fifo_gen_inst/inst_fifo_gen/gconvfifo.rf/grf.rf/rstblk/ngwrdrst.grst.g7serrst.gnsckt_wrst.rst_wr_reg2_inst/arststages_ff_reg[1]/PRE
  -------------------------------------------------------------------    -------------------

                         (clock clk_fpga_0 rise edge)
                                                      0.000     0.000 r  
    PS7_X0Y0             PS7                          0.000     0.000 r  u_zynq_soc/processing_system7_0/inst/PS7_i/FCLKCLK[0]
                         net (fo=1, routed)           0.905     0.905    u_zynq_soc/processing_system7_0/inst/FCLK_CLK_unbuffered[0]
    BUFGCTRL_X0Y16       BUFG (Prop_bufg_I_O)         0.077     0.982 r  u_zynq_soc/processing_system7_0/inst/buffer_fclk_clk_0.FCLK_CLK_0_BUFG/O
                         net (fo=5353, routed)        1.236     2.219    u_zynq_soc/axi_interconnect_0/s00_couplers/auto_pc/inst/gen_axi4_axi3.axi3_conv_inst/USE_READ.USE_SPLIT_R.read_addr_inst/USE_R_CHANNEL.cmd_queue/inst/fifo_gen_inst/inst_fifo_gen/gconvfifo.rf/grf.rf/rstblk/ngwrdrst.grst.g7serrst.gnsckt_wrst.rst_wr_reg2_inst/dest_clk
    SLICE_X34Y53         FDPE                                         r  u_zynq_soc/axi_interconnect_0/s00_couplers/auto_pc/inst/gen_axi4_axi3.axi3_conv_inst/USE_READ.USE_SPLIT_R.read_addr_inst/USE_R_CHANNEL.cmd_queue/inst/fifo_gen_inst/inst_fifo_gen/gconvfifo.rf/grf.rf/rstblk/ngwrdrst.grst.g7serrst.gnsckt_wrst.rst_wr_reg2_inst/arststages_ff_reg[1]/C

Slack:                    inf
  Source:                 u_zynq_soc/proc_sys_reset_0/U0/ACTIVE_LOW_PR_OUT_DFF[0].FDRE_PER_N/C
                            (rising edge-triggered cell FDRE clocked by clk_fpga_0  {rise@0.000ns fall@10.000ns period=20.000ns})
  Destination:            u_zynq_soc/axi_interconnect_0/s00_couplers/auto_pc/inst/gen_axi4_axi3.axi3_conv_inst/USE_WRITE.write_addr_inst/USE_B_CHANNEL.cmd_b_queue/inst/fifo_gen_inst/inst_fifo_gen/gconvfifo.rf/grf.rf/rstblk/ngwrdrst.grst.g7serrst.gnsckt_wrst.rst_wr_reg2_inst/arststages_ff_reg[0]/PRE
                            (recovery check against rising-edge clock clk_fpga_0  {rise@0.000ns fall@10.000ns period=20.000ns})
  Path Group:             (none)
  Path Type:              Recovery (Max at Slow Process Corner)
  Data Path Delay:        1.675ns  (logic 0.494ns (29.496%)  route 1.181ns (70.504%))
  Logic Levels:           1  (LUT1=1)
  Clock Path Skew:        -0.290ns (DCD - SCD + CPR)
    Destination Clock Delay (DCD):    2.219ns
    Source Clock Delay      (SCD):    2.509ns
    Clock Pessimism Removal (CPR):    0.000ns
  Clock Uncertainty:      0.302ns  ((TSJ^2 + TIJ^2)^1/2 + DJ) / 2 + PE
    Total System Jitter     (TSJ):    0.071ns
    Total Input Jitter      (TIJ):    0.600ns
    Discrete Jitter          (DJ):    0.000ns
    Phase Error              (PE):    0.000ns
  Timing Exception:       False Path

    Location             Delay type                Incr(ns)  Path(ns)    Netlist Resource(s)
  -------------------------------------------------------------------    -------------------
                         (clock clk_fpga_0 rise edge)
                                                      0.000     0.000 r  
    PS7_X0Y0             PS7                          0.000     0.000 r  u_zynq_soc/processing_system7_0/inst/PS7_i/FCLKCLK[0]
                         net (fo=1, routed)           0.994     0.994    u_zynq_soc/processing_system7_0/inst/FCLK_CLK_unbuffered[0]
    BUFGCTRL_X0Y16       BUFG (Prop_bufg_I_O)         0.085     1.079 r  u_zynq_soc/processing_system7_0/inst/buffer_fclk_clk_0.FCLK_CLK_0_BUFG/O
                         net (fo=5353, routed)        1.430     2.509    u_zynq_soc/proc_sys_reset_0/U0/slowest_sync_clk
    SLICE_X29Y57         FDRE                                         r  u_zynq_soc/proc_sys_reset_0/U0/ACTIVE_LOW_PR_OUT_DFF[0].FDRE_PER_N/C
  -------------------------------------------------------------------    -------------------
    SLICE_X29Y57         FDRE (Prop_fdre_C_Q)         0.379     2.888 r  u_zynq_soc/proc_sys_reset_0/U0/ACTIVE_LOW_PR_OUT_DFF[0].FDRE_PER_N/Q
                         net (fo=7, routed)           0.788     3.676    u_zynq_soc/axi_interconnect_0/s00_couplers/auto_pc/inst/gen_axi4_axi3.axi3_conv_inst/USE_WRITE.write_addr_inst/USE_BURSTS.cmd_queue/inst/aresetn
    SLICE_X28Y54         LUT1 (Prop_lut1_I0_O)        0.115     3.791 f  u_zynq_soc/axi_interconnect_0/s00_couplers/auto_pc/inst/gen_axi4_axi3.axi3_conv_inst/USE_WRITE.write_addr_inst/USE_BURSTS.cmd_queue/inst/S_AXI_AREADY_I_i_1/O
                         net (fo=95, routed)          0.393     4.184    u_zynq_soc/axi_interconnect_0/s00_couplers/auto_pc/inst/gen_axi4_axi3.axi3_conv_inst/USE_WRITE.write_addr_inst/USE_B_CHANNEL.cmd_b_queue/inst/fifo_gen_inst/inst_fifo_gen/gconvfifo.rf/grf.rf/rstblk/ngwrdrst.grst.g7serrst.gnsckt_wrst.rst_wr_reg2_inst/src_arst
    SLICE_X34Y54         FDPE                                         f  u_zynq_soc/axi_interconnect_0/s00_couplers/auto_pc/inst/gen_axi4_axi3.axi3_conv_inst/USE_WRITE.write_addr_inst/USE_B_CHANNEL.cmd_b_queue/inst/fifo_gen_inst/inst_fifo_gen/gconvfifo.rf/grf.rf/rstblk/ngwrdrst.grst.g7serrst.gnsckt_wrst.rst_wr_reg2_inst/arststages_ff_reg[0]/PRE
  -------------------------------------------------------------------    -------------------

                         (clock clk_fpga_0 rise edge)
                                                      0.000     0.000 r  
    PS7_X0Y0             PS7                          0.000     0.000 r  u_zynq_soc/processing_system7_0/inst/PS7_i/FCLKCLK[0]
                         net (fo=1, routed)           0.905     0.905    u_zynq_soc/processing_system7_0/inst/FCLK_CLK_unbuffered[0]
    BUFGCTRL_X0Y16       BUFG (Prop_bufg_I_O)         0.077     0.982 r  u_zynq_soc/processing_system7_0/inst/buffer_fclk_clk_0.FCLK_CLK_0_BUFG/O
                         net (fo=5353, routed)        1.236     2.219    u_zynq_soc/axi_interconnect_0/s00_couplers/auto_pc/inst/gen_axi4_axi3.axi3_conv_inst/USE_WRITE.write_addr_inst/USE_B_CHANNEL.cmd_b_queue/inst/fifo_gen_inst/inst_fifo_gen/gconvfifo.rf/grf.rf/rstblk/ngwrdrst.grst.g7serrst.gnsckt_wrst.rst_wr_reg2_inst/dest_clk
    SLICE_X34Y54         FDPE                                         r  u_zynq_soc/axi_interconnect_0/s00_couplers/auto_pc/inst/gen_axi4_axi3.axi3_conv_inst/USE_WRITE.write_addr_inst/USE_B_CHANNEL.cmd_b_queue/inst/fifo_gen_inst/inst_fifo_gen/gconvfifo.rf/grf.rf/rstblk/ngwrdrst.grst.g7serrst.gnsckt_wrst.rst_wr_reg2_inst/arststages_ff_reg[0]/C

Slack:                    inf
  Source:                 u_zynq_soc/proc_sys_reset_0/U0/ACTIVE_LOW_PR_OUT_DFF[0].FDRE_PER_N/C
                            (rising edge-triggered cell FDRE clocked by clk_fpga_0  {rise@0.000ns fall@10.000ns period=20.000ns})
  Destination:            u_zynq_soc/axi_interconnect_0/s00_couplers/auto_pc/inst/gen_axi4_axi3.axi3_conv_inst/USE_WRITE.write_addr_inst/USE_B_CHANNEL.cmd_b_queue/inst/fifo_gen_inst/inst_fifo_gen/gconvfifo.rf/grf.rf/rstblk/ngwrdrst.grst.g7serrst.gnsckt_wrst.rst_wr_reg2_inst/arststages_ff_reg[1]/PRE
                            (recovery check against rising-edge clock clk_fpga_0  {rise@0.000ns fall@10.000ns period=20.000ns})
  Path Group:             (none)
  Path Type:              Recovery (Max at Slow Process Corner)
  Data Path Delay:        1.675ns  (logic 0.494ns (29.496%)  route 1.181ns (70.504%))
  Logic Levels:           1  (LUT1=1)
  Clock Path Skew:        -0.290ns (DCD - SCD + CPR)
    Destination Clock Delay (DCD):    2.219ns
    Source Clock Delay      (SCD):    2.509ns
    Clock Pessimism Removal (CPR):    0.000ns
  Clock Uncertainty:      0.302ns  ((TSJ^2 + TIJ^2)^1/2 + DJ) / 2 + PE
    Total System Jitter     (TSJ):    0.071ns
    Total Input Jitter      (TIJ):    0.600ns
    Discrete Jitter          (DJ):    0.000ns
    Phase Error              (PE):    0.000ns
  Timing Exception:       False Path

    Location             Delay type                Incr(ns)  Path(ns)    Netlist Resource(s)
  -------------------------------------------------------------------    -------------------
                         (clock clk_fpga_0 rise edge)
                                                      0.000     0.000 r  
    PS7_X0Y0             PS7                          0.000     0.000 r  u_zynq_soc/processing_system7_0/inst/PS7_i/FCLKCLK[0]
                         net (fo=1, routed)           0.994     0.994    u_zynq_soc/processing_system7_0/inst/FCLK_CLK_unbuffered[0]
    BUFGCTRL_X0Y16       BUFG (Prop_bufg_I_O)         0.085     1.079 r  u_zynq_soc/processing_system7_0/inst/buffer_fclk_clk_0.FCLK_CLK_0_BUFG/O
                         net (fo=5353, routed)        1.430     2.509    u_zynq_soc/proc_sys_reset_0/U0/slowest_sync_clk
    SLICE_X29Y57         FDRE                                         r  u_zynq_soc/proc_sys_reset_0/U0/ACTIVE_LOW_PR_OUT_DFF[0].FDRE_PER_N/C
  -------------------------------------------------------------------    -------------------
    SLICE_X29Y57         FDRE (Prop_fdre_C_Q)         0.379     2.888 r  u_zynq_soc/proc_sys_reset_0/U0/ACTIVE_LOW_PR_OUT_DFF[0].FDRE_PER_N/Q
                         net (fo=7, routed)           0.788     3.676    u_zynq_soc/axi_interconnect_0/s00_couplers/auto_pc/inst/gen_axi4_axi3.axi3_conv_inst/USE_WRITE.write_addr_inst/USE_BURSTS.cmd_queue/inst/aresetn
    SLICE_X28Y54         LUT1 (Prop_lut1_I0_O)        0.115     3.791 f  u_zynq_soc/axi_interconnect_0/s00_couplers/auto_pc/inst/gen_axi4_axi3.axi3_conv_inst/USE_WRITE.write_addr_inst/USE_BURSTS.cmd_queue/inst/S_AXI_AREADY_I_i_1/O
                         net (fo=95, routed)          0.393     4.184    u_zynq_soc/axi_interconnect_0/s00_couplers/auto_pc/inst/gen_axi4_axi3.axi3_conv_inst/USE_WRITE.write_addr_inst/USE_B_CHANNEL.cmd_b_queue/inst/fifo_gen_inst/inst_fifo_gen/gconvfifo.rf/grf.rf/rstblk/ngwrdrst.grst.g7serrst.gnsckt_wrst.rst_wr_reg2_inst/src_arst
    SLICE_X34Y54         FDPE                                         f  u_zynq_soc/axi_interconnect_0/s00_couplers/auto_pc/inst/gen_axi4_axi3.axi3_conv_inst/USE_WRITE.write_addr_inst/USE_B_CHANNEL.cmd_b_queue/inst/fifo_gen_inst/inst_fifo_gen/gconvfifo.rf/grf.rf/rstblk/ngwrdrst.grst.g7serrst.gnsckt_wrst.rst_wr_reg2_inst/arststages_ff_reg[1]/PRE
  -------------------------------------------------------------------    -------------------

                         (clock clk_fpga_0 rise edge)
                                                      0.000     0.000 r  
    PS7_X0Y0             PS7                          0.000     0.000 r  u_zynq_soc/processing_system7_0/inst/PS7_i/FCLKCLK[0]
                         net (fo=1, routed)           0.905     0.905    u_zynq_soc/processing_system7_0/inst/FCLK_CLK_unbuffered[0]
    BUFGCTRL_X0Y16       BUFG (Prop_bufg_I_O)         0.077     0.982 r  u_zynq_soc/processing_system7_0/inst/buffer_fclk_clk_0.FCLK_CLK_0_BUFG/O
                         net (fo=5353, routed)        1.236     2.219    u_zynq_soc/axi_interconnect_0/s00_couplers/auto_pc/inst/gen_axi4_axi3.axi3_conv_inst/USE_WRITE.write_addr_inst/USE_B_CHANNEL.cmd_b_queue/inst/fifo_gen_inst/inst_fifo_gen/gconvfifo.rf/grf.rf/rstblk/ngwrdrst.grst.g7serrst.gnsckt_wrst.rst_wr_reg2_inst/dest_clk
    SLICE_X34Y54         FDPE                                         r  u_zynq_soc/axi_interconnect_0/s00_couplers/auto_pc/inst/gen_axi4_axi3.axi3_conv_inst/USE_WRITE.write_addr_inst/USE_B_CHANNEL.cmd_b_queue/inst/fifo_gen_inst/inst_fifo_gen/gconvfifo.rf/grf.rf/rstblk/ngwrdrst.grst.g7serrst.gnsckt_wrst.rst_wr_reg2_inst/arststages_ff_reg[1]/C





Min Delay Paths
--------------------------------------------------------------------------------------
Slack:                    inf
  Source:                 u_zynq_soc/proc_sys_reset_0/U0/ACTIVE_LOW_PR_OUT_DFF[0].FDRE_PER_N/C
                            (rising edge-triggered cell FDRE clocked by clk_fpga_0  {rise@0.000ns fall@10.000ns period=20.000ns})
  Destination:            u_zynq_soc/axi_interconnect_0/s00_couplers/auto_pc/inst/gen_axi4_axi3.axi3_conv_inst/USE_WRITE.write_addr_inst/USE_B_CHANNEL.cmd_b_queue/inst/fifo_gen_inst/inst_fifo_gen/gconvfifo.rf/grf.rf/rstblk/ngwrdrst.grst.g7serrst.gnsckt_wrst.rst_wr_reg2_inst/arststages_ff_reg[0]/PRE
                            (removal check against rising-edge clock clk_fpga_0  {rise@0.000ns fall@10.000ns period=20.000ns})
  Path Group:             (none)
  Path Type:              Removal (Min at Fast Process Corner)
  Data Path Delay:        0.764ns  (logic 0.185ns (24.221%)  route 0.579ns (75.779%))
  Logic Levels:           1  (LUT1=1)
  Clock Path Skew:        0.280ns (DCD - SCD - CPR)
    Destination Clock Delay (DCD):    1.191ns
    Source Clock Delay      (SCD):    0.911ns
    Clock Pessimism Removal (CPR):    -0.000ns
  Clock Uncertainty:      0.302ns  ((TSJ^2 + TIJ^2)^1/2 + DJ) / 2 + PE
    Total System Jitter     (TSJ):    0.071ns
    Total Input Jitter      (TIJ):    0.600ns
    Discrete Jitter          (DJ):    0.000ns
    Phase Error              (PE):    0.000ns
  Timing Exception:       False Path

    Location             Delay type                Incr(ns)  Path(ns)    Netlist Resource(s)
  -------------------------------------------------------------------    -------------------
                         (clock clk_fpga_0 rise edge)
                                                      0.000     0.000 r  
    PS7_X0Y0             PS7                          0.000     0.000 r  u_zynq_soc/processing_system7_0/inst/PS7_i/FCLKCLK[0]
                         net (fo=1, routed)           0.310     0.310    u_zynq_soc/processing_system7_0/inst/FCLK_CLK_unbuffered[0]
    BUFGCTRL_X0Y16       BUFG (Prop_bufg_I_O)         0.026     0.336 r  u_zynq_soc/processing_system7_0/inst/buffer_fclk_clk_0.FCLK_CLK_0_BUFG/O
                         net (fo=5353, routed)        0.575     0.911    u_zynq_soc/proc_sys_reset_0/U0/slowest_sync_clk
    SLICE_X29Y57         FDRE                                         r  u_zynq_soc/proc_sys_reset_0/U0/ACTIVE_LOW_PR_OUT_DFF[0].FDRE_PER_N/C
  -------------------------------------------------------------------    -------------------
    SLICE_X29Y57         FDRE (Prop_fdre_C_Q)         0.141     1.052 r  u_zynq_soc/proc_sys_reset_0/U0/ACTIVE_LOW_PR_OUT_DFF[0].FDRE_PER_N/Q
                         net (fo=7, routed)           0.348     1.400    u_zynq_soc/axi_interconnect_0/s00_couplers/auto_pc/inst/gen_axi4_axi3.axi3_conv_inst/USE_WRITE.write_addr_inst/USE_BURSTS.cmd_queue/inst/aresetn
    SLICE_X28Y54         LUT1 (Prop_lut1_I0_O)        0.044     1.444 f  u_zynq_soc/axi_interconnect_0/s00_couplers/auto_pc/inst/gen_axi4_axi3.axi3_conv_inst/USE_WRITE.write_addr_inst/USE_BURSTS.cmd_queue/inst/S_AXI_AREADY_I_i_1/O
                         net (fo=95, routed)          0.231     1.674    u_zynq_soc/axi_interconnect_0/s00_couplers/auto_pc/inst/gen_axi4_axi3.axi3_conv_inst/USE_WRITE.write_addr_inst/USE_B_CHANNEL.cmd_b_queue/inst/fifo_gen_inst/inst_fifo_gen/gconvfifo.rf/grf.rf/rstblk/ngwrdrst.grst.g7serrst.gnsckt_wrst.rst_wr_reg2_inst/src_arst
    SLICE_X34Y54         FDPE                                         f  u_zynq_soc/axi_interconnect_0/s00_couplers/auto_pc/inst/gen_axi4_axi3.axi3_conv_inst/USE_WRITE.write_addr_inst/USE_B_CHANNEL.cmd_b_queue/inst/fifo_gen_inst/inst_fifo_gen/gconvfifo.rf/grf.rf/rstblk/ngwrdrst.grst.g7serrst.gnsckt_wrst.rst_wr_reg2_inst/arststages_ff_reg[0]/PRE
  -------------------------------------------------------------------    -------------------

                         (clock clk_fpga_0 rise edge)
                                                      0.000     0.000 r  
    PS7_X0Y0             PS7                          0.000     0.000 r  u_zynq_soc/processing_system7_0/inst/PS7_i/FCLKCLK[0]
                         net (fo=1, routed)           0.337     0.337    u_zynq_soc/processing_system7_0/inst/FCLK_CLK_unbuffered[0]
    BUFGCTRL_X0Y16       BUFG (Prop_bufg_I_O)         0.029     0.366 r  u_zynq_soc/processing_system7_0/inst/buffer_fclk_clk_0.FCLK_CLK_0_BUFG/O
                         net (fo=5353, routed)        0.825     1.191    u_zynq_soc/axi_interconnect_0/s00_couplers/auto_pc/inst/gen_axi4_axi3.axi3_conv_inst/USE_WRITE.write_addr_inst/USE_B_CHANNEL.cmd_b_queue/inst/fifo_gen_inst/inst_fifo_gen/gconvfifo.rf/grf.rf/rstblk/ngwrdrst.grst.g7serrst.gnsckt_wrst.rst_wr_reg2_inst/dest_clk
    SLICE_X34Y54         FDPE                                         r  u_zynq_soc/axi_interconnect_0/s00_couplers/auto_pc/inst/gen_axi4_axi3.axi3_conv_inst/USE_WRITE.write_addr_inst/USE_B_CHANNEL.cmd_b_queue/inst/fifo_gen_inst/inst_fifo_gen/gconvfifo.rf/grf.rf/rstblk/ngwrdrst.grst.g7serrst.gnsckt_wrst.rst_wr_reg2_inst/arststages_ff_reg[0]/C

Slack:                    inf
  Source:                 u_zynq_soc/proc_sys_reset_0/U0/ACTIVE_LOW_PR_OUT_DFF[0].FDRE_PER_N/C
                            (rising edge-triggered cell FDRE clocked by clk_fpga_0  {rise@0.000ns fall@10.000ns period=20.000ns})
  Destination:            u_zynq_soc/axi_interconnect_0/s00_couplers/auto_pc/inst/gen_axi4_axi3.axi3_conv_inst/USE_WRITE.write_addr_inst/USE_B_CHANNEL.cmd_b_queue/inst/fifo_gen_inst/inst_fifo_gen/gconvfifo.rf/grf.rf/rstblk/ngwrdrst.grst.g7serrst.gnsckt_wrst.rst_wr_reg2_inst/arststages_ff_reg[1]/PRE
                            (removal check against rising-edge clock clk_fpga_0  {rise@0.000ns fall@10.000ns period=20.000ns})
  Path Group:             (none)
  Path Type:              Removal (Min at Fast Process Corner)
  Data Path Delay:        0.764ns  (logic 0.185ns (24.221%)  route 0.579ns (75.779%))
  Logic Levels:           1  (LUT1=1)
  Clock Path Skew:        0.280ns (DCD - SCD - CPR)
    Destination Clock Delay (DCD):    1.191ns
    Source Clock Delay      (SCD):    0.911ns
    Clock Pessimism Removal (CPR):    -0.000ns
  Clock Uncertainty:      0.302ns  ((TSJ^2 + TIJ^2)^1/2 + DJ) / 2 + PE
    Total System Jitter     (TSJ):    0.071ns
    Total Input Jitter      (TIJ):    0.600ns
    Discrete Jitter          (DJ):    0.000ns
    Phase Error              (PE):    0.000ns
  Timing Exception:       False Path

    Location             Delay type                Incr(ns)  Path(ns)    Netlist Resource(s)
  -------------------------------------------------------------------    -------------------
                         (clock clk_fpga_0 rise edge)
                                                      0.000     0.000 r  
    PS7_X0Y0             PS7                          0.000     0.000 r  u_zynq_soc/processing_system7_0/inst/PS7_i/FCLKCLK[0]
                         net (fo=1, routed)           0.310     0.310    u_zynq_soc/processing_system7_0/inst/FCLK_CLK_unbuffered[0]
    BUFGCTRL_X0Y16       BUFG (Prop_bufg_I_O)         0.026     0.336 r  u_zynq_soc/processing_system7_0/inst/buffer_fclk_clk_0.FCLK_CLK_0_BUFG/O
                         net (fo=5353, routed)        0.575     0.911    u_zynq_soc/proc_sys_reset_0/U0/slowest_sync_clk
    SLICE_X29Y57         FDRE                                         r  u_zynq_soc/proc_sys_reset_0/U0/ACTIVE_LOW_PR_OUT_DFF[0].FDRE_PER_N/C
  -------------------------------------------------------------------    -------------------
    SLICE_X29Y57         FDRE (Prop_fdre_C_Q)         0.141     1.052 r  u_zynq_soc/proc_sys_reset_0/U0/ACTIVE_LOW_PR_OUT_DFF[0].FDRE_PER_N/Q
                         net (fo=7, routed)           0.348     1.400    u_zynq_soc/axi_interconnect_0/s00_couplers/auto_pc/inst/gen_axi4_axi3.axi3_conv_inst/USE_WRITE.write_addr_inst/USE_BURSTS.cmd_queue/inst/aresetn
    SLICE_X28Y54         LUT1 (Prop_lut1_I0_O)        0.044     1.444 f  u_zynq_soc/axi_interconnect_0/s00_couplers/auto_pc/inst/gen_axi4_axi3.axi3_conv_inst/USE_WRITE.write_addr_inst/USE_BURSTS.cmd_queue/inst/S_AXI_AREADY_I_i_1/O
                         net (fo=95, routed)          0.231     1.674    u_zynq_soc/axi_interconnect_0/s00_couplers/auto_pc/inst/gen_axi4_axi3.axi3_conv_inst/USE_WRITE.write_addr_inst/USE_B_CHANNEL.cmd_b_queue/inst/fifo_gen_inst/inst_fifo_gen/gconvfifo.rf/grf.rf/rstblk/ngwrdrst.grst.g7serrst.gnsckt_wrst.rst_wr_reg2_inst/src_arst
    SLICE_X34Y54         FDPE                                         f  u_zynq_soc/axi_interconnect_0/s00_couplers/auto_pc/inst/gen_axi4_axi3.axi3_conv_inst/USE_WRITE.write_addr_inst/USE_B_CHANNEL.cmd_b_queue/inst/fifo_gen_inst/inst_fifo_gen/gconvfifo.rf/grf.rf/rstblk/ngwrdrst.grst.g7serrst.gnsckt_wrst.rst_wr_reg2_inst/arststages_ff_reg[1]/PRE
  -------------------------------------------------------------------    -------------------

                         (clock clk_fpga_0 rise edge)
                                                      0.000     0.000 r  
    PS7_X0Y0             PS7                          0.000     0.000 r  u_zynq_soc/processing_system7_0/inst/PS7_i/FCLKCLK[0]
                         net (fo=1, routed)           0.337     0.337    u_zynq_soc/processing_system7_0/inst/FCLK_CLK_unbuffered[0]
    BUFGCTRL_X0Y16       BUFG (Prop_bufg_I_O)         0.029     0.366 r  u_zynq_soc/processing_system7_0/inst/buffer_fclk_clk_0.FCLK_CLK_0_BUFG/O
                         net (fo=5353, routed)        0.825     1.191    u_zynq_soc/axi_interconnect_0/s00_couplers/auto_pc/inst/gen_axi4_axi3.axi3_conv_inst/USE_WRITE.write_addr_inst/USE_B_CHANNEL.cmd_b_queue/inst/fifo_gen_inst/inst_fifo_gen/gconvfifo.rf/grf.rf/rstblk/ngwrdrst.grst.g7serrst.gnsckt_wrst.rst_wr_reg2_inst/dest_clk
    SLICE_X34Y54         FDPE                                         r  u_zynq_soc/axi_interconnect_0/s00_couplers/auto_pc/inst/gen_axi4_axi3.axi3_conv_inst/USE_WRITE.write_addr_inst/USE_B_CHANNEL.cmd_b_queue/inst/fifo_gen_inst/inst_fifo_gen/gconvfifo.rf/grf.rf/rstblk/ngwrdrst.grst.g7serrst.gnsckt_wrst.rst_wr_reg2_inst/arststages_ff_reg[1]/C

Slack:                    inf
  Source:                 u_zynq_soc/proc_sys_reset_0/U0/ACTIVE_LOW_PR_OUT_DFF[0].FDRE_PER_N/C
                            (rising edge-triggered cell FDRE clocked by clk_fpga_0  {rise@0.000ns fall@10.000ns period=20.000ns})
  Destination:            u_zynq_soc/axi_interconnect_0/s00_couplers/auto_pc/inst/gen_axi4_axi3.axi3_conv_inst/USE_READ.USE_SPLIT_R.read_addr_inst/USE_R_CHANNEL.cmd_queue/inst/fifo_gen_inst/inst_fifo_gen/gconvfifo.rf/grf.rf/rstblk/ngwrdrst.grst.g7serrst.gnsckt_wrst.rst_wr_reg2_inst/arststages_ff_reg[0]/PRE
                            (removal check against rising-edge clock clk_fpga_0  {rise@0.000ns fall@10.000ns period=20.000ns})
  Path Group:             (none)
  Path Type:              Removal (Min at Fast Process Corner)
  Data Path Delay:        0.874ns  (logic 0.185ns (21.160%)  route 0.689ns (78.840%))
  Logic Levels:           1  (LUT1=1)
  Clock Path Skew:        0.280ns (DCD - SCD - CPR)
    Destination Clock Delay (DCD):    1.191ns
    Source Clock Delay      (SCD):    0.911ns
    Clock Pessimism Removal (CPR):    -0.000ns
  Clock Uncertainty:      0.302ns  ((TSJ^2 + TIJ^2)^1/2 + DJ) / 2 + PE
    Total System Jitter     (TSJ):    0.071ns
    Total Input Jitter      (TIJ):    0.600ns
    Discrete Jitter          (DJ):    0.000ns
    Phase Error              (PE):    0.000ns
  Timing Exception:       False Path

    Location             Delay type                Incr(ns)  Path(ns)    Netlist Resource(s)
  -------------------------------------------------------------------    -------------------
                         (clock clk_fpga_0 rise edge)
                                                      0.000     0.000 r  
    PS7_X0Y0             PS7                          0.000     0.000 r  u_zynq_soc/processing_system7_0/inst/PS7_i/FCLKCLK[0]
                         net (fo=1, routed)           0.310     0.310    u_zynq_soc/processing_system7_0/inst/FCLK_CLK_unbuffered[0]
    BUFGCTRL_X0Y16       BUFG (Prop_bufg_I_O)         0.026     0.336 r  u_zynq_soc/processing_system7_0/inst/buffer_fclk_clk_0.FCLK_CLK_0_BUFG/O
                         net (fo=5353, routed)        0.575     0.911    u_zynq_soc/proc_sys_reset_0/U0/slowest_sync_clk
    SLICE_X29Y57         FDRE                                         r  u_zynq_soc/proc_sys_reset_0/U0/ACTIVE_LOW_PR_OUT_DFF[0].FDRE_PER_N/C
  -------------------------------------------------------------------    -------------------
    SLICE_X29Y57         FDRE (Prop_fdre_C_Q)         0.141     1.052 r  u_zynq_soc/proc_sys_reset_0/U0/ACTIVE_LOW_PR_OUT_DFF[0].FDRE_PER_N/Q
                         net (fo=7, routed)           0.348     1.400    u_zynq_soc/axi_interconnect_0/s00_couplers/auto_pc/inst/gen_axi4_axi3.axi3_conv_inst/USE_WRITE.write_addr_inst/USE_BURSTS.cmd_queue/inst/aresetn
    SLICE_X28Y54         LUT1 (Prop_lut1_I0_O)        0.044     1.444 f  u_zynq_soc/axi_interconnect_0/s00_couplers/auto_pc/inst/gen_axi4_axi3.axi3_conv_inst/USE_WRITE.write_addr_inst/USE_BURSTS.cmd_queue/inst/S_AXI_AREADY_I_i_1/O
                         net (fo=95, routed)          0.341     1.785    u_zynq_soc/axi_interconnect_0/s00_couplers/auto_pc/inst/gen_axi4_axi3.axi3_conv_inst/USE_READ.USE_SPLIT_R.read_addr_inst/USE_R_CHANNEL.cmd_queue/inst/fifo_gen_inst/inst_fifo_gen/gconvfifo.rf/grf.rf/rstblk/ngwrdrst.grst.g7serrst.gnsckt_wrst.rst_wr_reg2_inst/src_arst
    SLICE_X34Y53         FDPE                                         f  u_zynq_soc/axi_interconnect_0/s00_couplers/auto_pc/inst/gen_axi4_axi3.axi3_conv_inst/USE_READ.USE_SPLIT_R.read_addr_inst/USE_R_CHANNEL.cmd_queue/inst/fifo_gen_inst/inst_fifo_gen/gconvfifo.rf/grf.rf/rstblk/ngwrdrst.grst.g7serrst.gnsckt_wrst.rst_wr_reg2_inst/arststages_ff_reg[0]/PRE
  -------------------------------------------------------------------    -------------------

                         (clock clk_fpga_0 rise edge)
                                                      0.000     0.000 r  
    PS7_X0Y0             PS7                          0.000     0.000 r  u_zynq_soc/processing_system7_0/inst/PS7_i/FCLKCLK[0]
                         net (fo=1, routed)           0.337     0.337    u_zynq_soc/processing_system7_0/inst/FCLK_CLK_unbuffered[0]
    BUFGCTRL_X0Y16       BUFG (Prop_bufg_I_O)         0.029     0.366 r  u_zynq_soc/processing_system7_0/inst/buffer_fclk_clk_0.FCLK_CLK_0_BUFG/O
                         net (fo=5353, routed)        0.825     1.191    u_zynq_soc/axi_interconnect_0/s00_couplers/auto_pc/inst/gen_axi4_axi3.axi3_conv_inst/USE_READ.USE_SPLIT_R.read_addr_inst/USE_R_CHANNEL.cmd_queue/inst/fifo_gen_inst/inst_fifo_gen/gconvfifo.rf/grf.rf/rstblk/ngwrdrst.grst.g7serrst.gnsckt_wrst.rst_wr_reg2_inst/dest_clk
    SLICE_X34Y53         FDPE                                         r  u_zynq_soc/axi_interconnect_0/s00_couplers/auto_pc/inst/gen_axi4_axi3.axi3_conv_inst/USE_READ.USE_SPLIT_R.read_addr_inst/USE_R_CHANNEL.cmd_queue/inst/fifo_gen_inst/inst_fifo_gen/gconvfifo.rf/grf.rf/rstblk/ngwrdrst.grst.g7serrst.gnsckt_wrst.rst_wr_reg2_inst/arststages_ff_reg[0]/C

Slack:                    inf
  Source:                 u_zynq_soc/proc_sys_reset_0/U0/ACTIVE_LOW_PR_OUT_DFF[0].FDRE_PER_N/C
                            (rising edge-triggered cell FDRE clocked by clk_fpga_0  {rise@0.000ns fall@10.000ns period=20.000ns})
  Destination:            u_zynq_soc/axi_interconnect_0/s00_couplers/auto_pc/inst/gen_axi4_axi3.axi3_conv_inst/USE_READ.USE_SPLIT_R.read_addr_inst/USE_R_CHANNEL.cmd_queue/inst/fifo_gen_inst/inst_fifo_gen/gconvfifo.rf/grf.rf/rstblk/ngwrdrst.grst.g7serrst.gnsckt_wrst.rst_wr_reg2_inst/arststages_ff_reg[1]/PRE
                            (removal check against rising-edge clock clk_fpga_0  {rise@0.000ns fall@10.000ns period=20.000ns})
  Path Group:             (none)
  Path Type:              Removal (Min at Fast Process Corner)
  Data Path Delay:        0.874ns  (logic 0.185ns (21.160%)  route 0.689ns (78.840%))
  Logic Levels:           1  (LUT1=1)
  Clock Path Skew:        0.280ns (DCD - SCD - CPR)
    Destination Clock Delay (DCD):    1.191ns
    Source Clock Delay      (SCD):    0.911ns
    Clock Pessimism Removal (CPR):    -0.000ns
  Clock Uncertainty:      0.302ns  ((TSJ^2 + TIJ^2)^1/2 + DJ) / 2 + PE
    Total System Jitter     (TSJ):    0.071ns
    Total Input Jitter      (TIJ):    0.600ns
    Discrete Jitter          (DJ):    0.000ns
    Phase Error              (PE):    0.000ns
  Timing Exception:       False Path

    Location             Delay type                Incr(ns)  Path(ns)    Netlist Resource(s)
  -------------------------------------------------------------------    -------------------
                         (clock clk_fpga_0 rise edge)
                                                      0.000     0.000 r  
    PS7_X0Y0             PS7                          0.000     0.000 r  u_zynq_soc/processing_system7_0/inst/PS7_i/FCLKCLK[0]
                         net (fo=1, routed)           0.310     0.310    u_zynq_soc/processing_system7_0/inst/FCLK_CLK_unbuffered[0]
    BUFGCTRL_X0Y16       BUFG (Prop_bufg_I_O)         0.026     0.336 r  u_zynq_soc/processing_system7_0/inst/buffer_fclk_clk_0.FCLK_CLK_0_BUFG/O
                         net (fo=5353, routed)        0.575     0.911    u_zynq_soc/proc_sys_reset_0/U0/slowest_sync_clk
    SLICE_X29Y57         FDRE                                         r  u_zynq_soc/proc_sys_reset_0/U0/ACTIVE_LOW_PR_OUT_DFF[0].FDRE_PER_N/C
  -------------------------------------------------------------------    -------------------
    SLICE_X29Y57         FDRE (Prop_fdre_C_Q)         0.141     1.052 r  u_zynq_soc/proc_sys_reset_0/U0/ACTIVE_LOW_PR_OUT_DFF[0].FDRE_PER_N/Q
                         net (fo=7, routed)           0.348     1.400    u_zynq_soc/axi_interconnect_0/s00_couplers/auto_pc/inst/gen_axi4_axi3.axi3_conv_inst/USE_WRITE.write_addr_inst/USE_BURSTS.cmd_queue/inst/aresetn
    SLICE_X28Y54         LUT1 (Prop_lut1_I0_O)        0.044     1.444 f  u_zynq_soc/axi_interconnect_0/s00_couplers/auto_pc/inst/gen_axi4_axi3.axi3_conv_inst/USE_WRITE.write_addr_inst/USE_BURSTS.cmd_queue/inst/S_AXI_AREADY_I_i_1/O
                         net (fo=95, routed)          0.341     1.785    u_zynq_soc/axi_interconnect_0/s00_couplers/auto_pc/inst/gen_axi4_axi3.axi3_conv_inst/USE_READ.USE_SPLIT_R.read_addr_inst/USE_R_CHANNEL.cmd_queue/inst/fifo_gen_inst/inst_fifo_gen/gconvfifo.rf/grf.rf/rstblk/ngwrdrst.grst.g7serrst.gnsckt_wrst.rst_wr_reg2_inst/src_arst
    SLICE_X34Y53         FDPE                                         f  u_zynq_soc/axi_interconnect_0/s00_couplers/auto_pc/inst/gen_axi4_axi3.axi3_conv_inst/USE_READ.USE_SPLIT_R.read_addr_inst/USE_R_CHANNEL.cmd_queue/inst/fifo_gen_inst/inst_fifo_gen/gconvfifo.rf/grf.rf/rstblk/ngwrdrst.grst.g7serrst.gnsckt_wrst.rst_wr_reg2_inst/arststages_ff_reg[1]/PRE
  -------------------------------------------------------------------    -------------------

                         (clock clk_fpga_0 rise edge)
                                                      0.000     0.000 r  
    PS7_X0Y0             PS7                          0.000     0.000 r  u_zynq_soc/processing_system7_0/inst/PS7_i/FCLKCLK[0]
                         net (fo=1, routed)           0.337     0.337    u_zynq_soc/processing_system7_0/inst/FCLK_CLK_unbuffered[0]
    BUFGCTRL_X0Y16       BUFG (Prop_bufg_I_O)         0.029     0.366 r  u_zynq_soc/processing_system7_0/inst/buffer_fclk_clk_0.FCLK_CLK_0_BUFG/O
                         net (fo=5353, routed)        0.825     1.191    u_zynq_soc/axi_interconnect_0/s00_couplers/auto_pc/inst/gen_axi4_axi3.axi3_conv_inst/USE_READ.USE_SPLIT_R.read_addr_inst/USE_R_CHANNEL.cmd_queue/inst/fifo_gen_inst/inst_fifo_gen/gconvfifo.rf/grf.rf/rstblk/ngwrdrst.grst.g7serrst.gnsckt_wrst.rst_wr_reg2_inst/dest_clk
    SLICE_X34Y53         FDPE                                         r  u_zynq_soc/axi_interconnect_0/s00_couplers/auto_pc/inst/gen_axi4_axi3.axi3_conv_inst/USE_READ.USE_SPLIT_R.read_addr_inst/USE_R_CHANNEL.cmd_queue/inst/fifo_gen_inst/inst_fifo_gen/gconvfifo.rf/grf.rf/rstblk/ngwrdrst.grst.g7serrst.gnsckt_wrst.rst_wr_reg2_inst/arststages_ff_reg[1]/C

Slack:                    inf
  Source:                 u_zynq_soc/proc_sys_reset_0/U0/ACTIVE_LOW_PR_OUT_DFF[0].FDRE_PER_N/C
                            (rising edge-triggered cell FDRE clocked by clk_fpga_0  {rise@0.000ns fall@10.000ns period=20.000ns})
  Destination:            u_zynq_soc/axi_interconnect_0/s00_couplers/auto_pc/inst/gen_axi4_axi3.axi3_conv_inst/USE_WRITE.write_addr_inst/USE_BURSTS.cmd_queue/inst/fifo_gen_inst/inst_fifo_gen/gconvfifo.rf/grf.rf/rstblk/ngwrdrst.grst.g7serrst.gnsckt_wrst.rst_wr_reg2_inst/arststages_ff_reg[0]/PRE
                            (removal check against rising-edge clock clk_fpga_0  {rise@0.000ns fall@10.000ns period=20.000ns})
  Path Group:             (none)
  Path Type:              Removal (Min at Fast Process Corner)
  Data Path Delay:        0.878ns  (logic 0.185ns (21.059%)  route 0.693ns (78.941%))
  Logic Levels:           1  (LUT1=1)
  Clock Path Skew:        0.298ns (DCD - SCD - CPR)
    Destination Clock Delay (DCD):    1.209ns
    Source Clock Delay      (SCD):    0.911ns
    Clock Pessimism Removal (CPR):    -0.000ns
  Clock Uncertainty:      0.302ns  ((TSJ^2 + TIJ^2)^1/2 + DJ) / 2 + PE
    Total System Jitter     (TSJ):    0.071ns
    Total Input Jitter      (TIJ):    0.600ns
    Discrete Jitter          (DJ):    0.000ns
    Phase Error              (PE):    0.000ns
  Timing Exception:       False Path

    Location             Delay type                Incr(ns)  Path(ns)    Netlist Resource(s)
  -------------------------------------------------------------------    -------------------
                         (clock clk_fpga_0 rise edge)
                                                      0.000     0.000 r  
    PS7_X0Y0             PS7                          0.000     0.000 r  u_zynq_soc/processing_system7_0/inst/PS7_i/FCLKCLK[0]
                         net (fo=1, routed)           0.310     0.310    u_zynq_soc/processing_system7_0/inst/FCLK_CLK_unbuffered[0]
    BUFGCTRL_X0Y16       BUFG (Prop_bufg_I_O)         0.026     0.336 r  u_zynq_soc/processing_system7_0/inst/buffer_fclk_clk_0.FCLK_CLK_0_BUFG/O
                         net (fo=5353, routed)        0.575     0.911    u_zynq_soc/proc_sys_reset_0/U0/slowest_sync_clk
    SLICE_X29Y57         FDRE                                         r  u_zynq_soc/proc_sys_reset_0/U0/ACTIVE_LOW_PR_OUT_DFF[0].FDRE_PER_N/C
  -------------------------------------------------------------------    -------------------
    SLICE_X29Y57         FDRE (Prop_fdre_C_Q)         0.141     1.052 r  u_zynq_soc/proc_sys_reset_0/U0/ACTIVE_LOW_PR_OUT_DFF[0].FDRE_PER_N/Q
                         net (fo=7, routed)           0.348     1.400    u_zynq_soc/axi_interconnect_0/s00_couplers/auto_pc/inst/gen_axi4_axi3.axi3_conv_inst/USE_WRITE.write_addr_inst/USE_BURSTS.cmd_queue/inst/aresetn
    SLICE_X28Y54         LUT1 (Prop_lut1_I0_O)        0.044     1.444 f  u_zynq_soc/axi_interconnect_0/s00_couplers/auto_pc/inst/gen_axi4_axi3.axi3_conv_inst/USE_WRITE.write_addr_inst/USE_BURSTS.cmd_queue/inst/S_AXI_AREADY_I_i_1/O
                         net (fo=95, routed)          0.345     1.789    u_zynq_soc/axi_interconnect_0/s00_couplers/auto_pc/inst/gen_axi4_axi3.axi3_conv_inst/USE_WRITE.write_addr_inst/USE_BURSTS.cmd_queue/inst/fifo_gen_inst/inst_fifo_gen/gconvfifo.rf/grf.rf/rstblk/ngwrdrst.grst.g7serrst.gnsckt_wrst.rst_wr_reg2_inst/src_arst
    SLICE_X27Y56         FDPE                                         f  u_zynq_soc/axi_interconnect_0/s00_couplers/auto_pc/inst/gen_axi4_axi3.axi3_conv_inst/USE_WRITE.write_addr_inst/USE_BURSTS.cmd_queue/inst/fifo_gen_inst/inst_fifo_gen/gconvfifo.rf/grf.rf/rstblk/ngwrdrst.grst.g7serrst.gnsckt_wrst.rst_wr_reg2_inst/arststages_ff_reg[0]/PRE
  -------------------------------------------------------------------    -------------------

                         (clock clk_fpga_0 rise edge)
                                                      0.000     0.000 r  
    PS7_X0Y0             PS7                          0.000     0.000 r  u_zynq_soc/processing_system7_0/inst/PS7_i/FCLKCLK[0]
                         net (fo=1, routed)           0.337     0.337    u_zynq_soc/processing_system7_0/inst/FCLK_CLK_unbuffered[0]
    BUFGCTRL_X0Y16       BUFG (Prop_bufg_I_O)         0.029     0.366 r  u_zynq_soc/processing_system7_0/inst/buffer_fclk_clk_0.FCLK_CLK_0_BUFG/O
                         net (fo=5353, routed)        0.843     1.209    u_zynq_soc/axi_interconnect_0/s00_couplers/auto_pc/inst/gen_axi4_axi3.axi3_conv_inst/USE_WRITE.write_addr_inst/USE_BURSTS.cmd_queue/inst/fifo_gen_inst/inst_fifo_gen/gconvfifo.rf/grf.rf/rstblk/ngwrdrst.grst.g7serrst.gnsckt_wrst.rst_wr_reg2_inst/dest_clk
    SLICE_X27Y56         FDPE                                         r  u_zynq_soc/axi_interconnect_0/s00_couplers/auto_pc/inst/gen_axi4_axi3.axi3_conv_inst/USE_WRITE.write_addr_inst/USE_BURSTS.cmd_queue/inst/fifo_gen_inst/inst_fifo_gen/gconvfifo.rf/grf.rf/rstblk/ngwrdrst.grst.g7serrst.gnsckt_wrst.rst_wr_reg2_inst/arststages_ff_reg[0]/C

Slack:                    inf
  Source:                 u_zynq_soc/proc_sys_reset_0/U0/ACTIVE_LOW_PR_OUT_DFF[0].FDRE_PER_N/C
                            (rising edge-triggered cell FDRE clocked by clk_fpga_0  {rise@0.000ns fall@10.000ns period=20.000ns})
  Destination:            u_zynq_soc/axi_interconnect_0/s00_couplers/auto_pc/inst/gen_axi4_axi3.axi3_conv_inst/USE_WRITE.write_addr_inst/USE_BURSTS.cmd_queue/inst/fifo_gen_inst/inst_fifo_gen/gconvfifo.rf/grf.rf/rstblk/ngwrdrst.grst.g7serrst.gnsckt_wrst.rst_wr_reg2_inst/arststages_ff_reg[1]/PRE
                            (removal check against rising-edge clock clk_fpga_0  {rise@0.000ns fall@10.000ns period=20.000ns})
  Path Group:             (none)
  Path Type:              Removal (Min at Fast Process Corner)
  Data Path Delay:        0.878ns  (logic 0.185ns (21.059%)  route 0.693ns (78.941%))
  Logic Levels:           1  (LUT1=1)
  Clock Path Skew:        0.298ns (DCD - SCD - CPR)
    Destination Clock Delay (DCD):    1.209ns
    Source Clock Delay      (SCD):    0.911ns
    Clock Pessimism Removal (CPR):    -0.000ns
  Clock Uncertainty:      0.302ns  ((TSJ^2 + TIJ^2)^1/2 + DJ) / 2 + PE
    Total System Jitter     (TSJ):    0.071ns
    Total Input Jitter      (TIJ):    0.600ns
    Discrete Jitter          (DJ):    0.000ns
    Phase Error              (PE):    0.000ns
  Timing Exception:       False Path

    Location             Delay type                Incr(ns)  Path(ns)    Netlist Resource(s)
  -------------------------------------------------------------------    -------------------
                         (clock clk_fpga_0 rise edge)
                                                      0.000     0.000 r  
    PS7_X0Y0             PS7                          0.000     0.000 r  u_zynq_soc/processing_system7_0/inst/PS7_i/FCLKCLK[0]
                         net (fo=1, routed)           0.310     0.310    u_zynq_soc/processing_system7_0/inst/FCLK_CLK_unbuffered[0]
    BUFGCTRL_X0Y16       BUFG (Prop_bufg_I_O)         0.026     0.336 r  u_zynq_soc/processing_system7_0/inst/buffer_fclk_clk_0.FCLK_CLK_0_BUFG/O
                         net (fo=5353, routed)        0.575     0.911    u_zynq_soc/proc_sys_reset_0/U0/slowest_sync_clk
    SLICE_X29Y57         FDRE                                         r  u_zynq_soc/proc_sys_reset_0/U0/ACTIVE_LOW_PR_OUT_DFF[0].FDRE_PER_N/C
  -------------------------------------------------------------------    -------------------
    SLICE_X29Y57         FDRE (Prop_fdre_C_Q)         0.141     1.052 r  u_zynq_soc/proc_sys_reset_0/U0/ACTIVE_LOW_PR_OUT_DFF[0].FDRE_PER_N/Q
                         net (fo=7, routed)           0.348     1.400    u_zynq_soc/axi_interconnect_0/s00_couplers/auto_pc/inst/gen_axi4_axi3.axi3_conv_inst/USE_WRITE.write_addr_inst/USE_BURSTS.cmd_queue/inst/aresetn
    SLICE_X28Y54         LUT1 (Prop_lut1_I0_O)        0.044     1.444 f  u_zynq_soc/axi_interconnect_0/s00_couplers/auto_pc/inst/gen_axi4_axi3.axi3_conv_inst/USE_WRITE.write_addr_inst/USE_BURSTS.cmd_queue/inst/S_AXI_AREADY_I_i_1/O
                         net (fo=95, routed)          0.345     1.789    u_zynq_soc/axi_interconnect_0/s00_couplers/auto_pc/inst/gen_axi4_axi3.axi3_conv_inst/USE_WRITE.write_addr_inst/USE_BURSTS.cmd_queue/inst/fifo_gen_inst/inst_fifo_gen/gconvfifo.rf/grf.rf/rstblk/ngwrdrst.grst.g7serrst.gnsckt_wrst.rst_wr_reg2_inst/src_arst
    SLICE_X27Y56         FDPE                                         f  u_zynq_soc/axi_interconnect_0/s00_couplers/auto_pc/inst/gen_axi4_axi3.axi3_conv_inst/USE_WRITE.write_addr_inst/USE_BURSTS.cmd_queue/inst/fifo_gen_inst/inst_fifo_gen/gconvfifo.rf/grf.rf/rstblk/ngwrdrst.grst.g7serrst.gnsckt_wrst.rst_wr_reg2_inst/arststages_ff_reg[1]/PRE
  -------------------------------------------------------------------    -------------------

                         (clock clk_fpga_0 rise edge)
                                                      0.000     0.000 r  
    PS7_X0Y0             PS7                          0.000     0.000 r  u_zynq_soc/processing_system7_0/inst/PS7_i/FCLKCLK[0]
                         net (fo=1, routed)           0.337     0.337    u_zynq_soc/processing_system7_0/inst/FCLK_CLK_unbuffered[0]
    BUFGCTRL_X0Y16       BUFG (Prop_bufg_I_O)         0.029     0.366 r  u_zynq_soc/processing_system7_0/inst/buffer_fclk_clk_0.FCLK_CLK_0_BUFG/O
                         net (fo=5353, routed)        0.843     1.209    u_zynq_soc/axi_interconnect_0/s00_couplers/auto_pc/inst/gen_axi4_axi3.axi3_conv_inst/USE_WRITE.write_addr_inst/USE_BURSTS.cmd_queue/inst/fifo_gen_inst/inst_fifo_gen/gconvfifo.rf/grf.rf/rstblk/ngwrdrst.grst.g7serrst.gnsckt_wrst.rst_wr_reg2_inst/dest_clk
    SLICE_X27Y56         FDPE                                         r  u_zynq_soc/axi_interconnect_0/s00_couplers/auto_pc/inst/gen_axi4_axi3.axi3_conv_inst/USE_WRITE.write_addr_inst/USE_BURSTS.cmd_queue/inst/fifo_gen_inst/inst_fifo_gen/gconvfifo.rf/grf.rf/rstblk/ngwrdrst.grst.g7serrst.gnsckt_wrst.rst_wr_reg2_inst/arststages_ff_reg[1]/C





